class_id,dir,start_frame,end_frame
19,"('VNvb5oLOpLg_00000',)",0,156
19,"('VNvb5oLOpLg_00001',)",0,202
19,"('VNvb5oLOpLg_00002',)",0,231
15,"('VNvb5oLOpLg_00003',)",0,129
15,"('VNvb5oLOpLg_00004',)",0,227
15,"('VNvb5oLOpLg_00005',)",0,240
19,"('VNvb5oLOpLg_00006',)",0,135
19,"('VNvb5oLOpLg_00007',)",0,236
19,"('VNvb5oLOpLg_00008',)",0,209
32,"('VNvb5oLOpLg_00009',)",0,168
32,"('VNvb5oLOpLg_00010',)",0,294
19,"('VNvb5oLOpLg_00011',)",0,149
19,"('VNvb5oLOpLg_00012',)",0,221
19,"('VNvb5oLOpLg_00013',)",0,286
19,"('VNvb5oLOpLg_00014',)",0,246
15,"('VNvb5oLOpLg_00015',)",0,161
15,"('VNvb5oLOpLg_00016',)",0,255
19,"('VNvb5oLOpLg_00017',)",0,261
19,"('VNvb5oLOpLg_00018',)",0,255
19,"('VNvb5oLOpLg_00019',)",0,168
19,"('VNvb5oLOpLg_00020',)",0,231
15,"('VNvb5oLOpLg_00021',)",0,233
15,"('VNvb5oLOpLg_00022',)",0,184
15,"('VNvb5oLOpLg_00023',)",0,149
19,"('VNvb5oLOpLg_00024',)",0,174
19,"('VNvb5oLOpLg_00025',)",0,168
19,"('VNvb5oLOpLg_00026',)",0,242
19,"('VNvb5oLOpLg_00027',)",0,244
19,"('VNvb5oLOpLg_00028',)",0,102
19,"('VNvb5oLOpLg_00029',)",0,143
19,"('VNvb5oLOpLg_00030',)",0,259
19,"('VNvb5oLOpLg_00031',)",0,204
19,"('VNvb5oLOpLg_00032',)",0,277
29,"('VNvb5oLOpLg_00033',)",0,164
29,"('VNvb5oLOpLg_00034',)",0,269
19,"('VNvb5oLOpLg_00035',)",0,206
19,"('VNvb5oLOpLg_00036',)",0,277
19,"('VNvb5oLOpLg_00037',)",0,112
19,"('VNvb5oLOpLg_00038',)",0,201
19,"('VNvb5oLOpLg_00039',)",0,126
19,"('VNvb5oLOpLg_00040',)",0,241
29,"('VNvb5oLOpLg_00041',)",0,252
29,"('VNvb5oLOpLg_00042',)",0,248
19,"('VNvb5oLOpLg_00043',)",0,255
19,"('VNvb5oLOpLg_00044',)",0,257
29,"('VNvb5oLOpLg_00045',)",0,240
29,"('VNvb5oLOpLg_00046',)",0,277
19,"('VNvb5oLOpLg_00047',)",0,170
19,"('VNvb5oLOpLg_00048',)",0,227
19,"('VNvb5oLOpLg_00049',)",0,146
19,"('VNvb5oLOpLg_00050',)",0,209
19,"('VNvb5oLOpLg_00051',)",0,98
19,"('VNvb5oLOpLg_00052',)",0,191
19,"('VNvb5oLOpLg_00053',)",0,148
19,"('VNvb5oLOpLg_00054',)",0,255
19,"('VNvb5oLOpLg_00055',)",0,152
19,"('VNvb5oLOpLg_00056',)",0,248
19,"('VNvb5oLOpLg_00057',)",0,127
19,"('VNvb5oLOpLg_00058',)",0,214
19,"('VNvb5oLOpLg_00059',)",0,363
19,"('VNvb5oLOpLg_00060',)",0,245
29,"('VNvb5oLOpLg_00061',)",0,113
29,"('VNvb5oLOpLg_00062',)",0,204
31,"('VNvb5oLOpLg_00063',)",0,247
31,"('VNvb5oLOpLg_00064',)",0,190
19,"('VNvb5oLOpLg_00065',)",0,155
19,"('VNvb5oLOpLg_00066',)",0,265
15,"('VNvb5oLOpLg_00067',)",0,217
15,"('VNvb5oLOpLg_00068',)",0,218
46,"('VNvb5oLOpLg_00069',)",0,146
46,"('VNvb5oLOpLg_00070',)",0,213
15,"('VNvb5oLOpLg_00071',)",0,138
15,"('VNvb5oLOpLg_00072',)",0,252
19,"('VNvb5oLOpLg_00073',)",0,150
19,"('VNvb5oLOpLg_00074',)",0,227
17,"('VNvb5oLOpLg_00075',)",0,160
17,"('VNvb5oLOpLg_00076',)",0,249
15,"('VNvb5oLOpLg_00077',)",0,188
15,"('VNvb5oLOpLg_00078',)",0,267
46,"('VNvb5oLOpLg_00079',)",0,164
46,"('VNvb5oLOpLg_00080',)",0,258
15,"('VNvb5oLOpLg_00081',)",0,135
15,"('VNvb5oLOpLg_00082',)",0,242
31,"('VNvb5oLOpLg_00083',)",0,387
31,"('VNvb5oLOpLg_00084',)",0,249
46,"('VNvb5oLOpLg_00085',)",0,231
46,"('VNvb5oLOpLg_00086',)",0,206
31,"('VNvb5oLOpLg_00087',)",0,188
31,"('VNvb5oLOpLg_00088',)",0,277
15,"('VNvb5oLOpLg_00089',)",0,175
15,"('VNvb5oLOpLg_00090',)",0,225
15,"('VNvb5oLOpLg_00091',)",0,144
15,"('VNvb5oLOpLg_00092',)",0,253
17,"('VNvb5oLOpLg_00093',)",0,175
17,"('VNvb5oLOpLg_00094',)",0,264
15,"('VNvb5oLOpLg_00095',)",0,257
15,"('VNvb5oLOpLg_00096',)",0,259
15,"('VNvb5oLOpLg_00097',)",0,201
15,"('VNvb5oLOpLg_00098',)",0,299
31,"('VNvb5oLOpLg_00099',)",0,214
31,"('VNvb5oLOpLg_00100',)",0,249
15,"('VNvb5oLOpLg_00101',)",0,181
15,"('VNvb5oLOpLg_00102',)",0,244
31,"('VNvb5oLOpLg_00103',)",0,217
31,"('VNvb5oLOpLg_00104',)",0,233
31,"('VNvb5oLOpLg_00105',)",0,161
31,"('VNvb5oLOpLg_00106',)",0,227
17,"('VNvb5oLOpLg_00107',)",0,207
17,"('VNvb5oLOpLg_00108',)",0,301
15,"('VNvb5oLOpLg_00109',)",0,153
15,"('VNvb5oLOpLg_00110',)",0,219
31,"('VNvb5oLOpLg_00111',)",0,133
31,"('VNvb5oLOpLg_00112',)",0,214
31,"('VNvb5oLOpLg_00113',)",0,118
31,"('VNvb5oLOpLg_00114',)",0,220
15,"('VNvb5oLOpLg_00115',)",0,151
15,"('VNvb5oLOpLg_00116',)",0,221
15,"('VNvb5oLOpLg_00117',)",0,106
15,"('VNvb5oLOpLg_00118',)",0,197
15,"('VNvb5oLOpLg_00119',)",0,154
15,"('VNvb5oLOpLg_00120',)",0,234
31,"('VNvb5oLOpLg_00121',)",0,131
31,"('VNvb5oLOpLg_00122',)",0,203
15,"('VNvb5oLOpLg_00123',)",0,195
15,"('VNvb5oLOpLg_00124',)",0,235
32,"('VNvb5oLOpLg_00125',)",0,131
32,"('VNvb5oLOpLg_00126',)",0,221
15,"('VNvb5oLOpLg_00127',)",0,306
15,"('VNvb5oLOpLg_00128',)",0,223
31,"('VNvb5oLOpLg_00129',)",0,251
31,"('VNvb5oLOpLg_00130',)",0,221
46,"('VNvb5oLOpLg_00131',)",0,241
46,"('VNvb5oLOpLg_00132',)",0,378
19,"('VNvb5oLOpLg_00133',)",0,131
19,"('VNvb5oLOpLg_00134',)",0,245
46,"('VNvb5oLOpLg_00135',)",0,120
46,"('VNvb5oLOpLg_00136',)",0,228
15,"('VNvb5oLOpLg_00137',)",0,197
15,"('VNvb5oLOpLg_00138',)",0,215
31,"('VNvb5oLOpLg_00139',)",0,113
31,"('VNvb5oLOpLg_00140',)",0,221
46,"('VNvb5oLOpLg_00141',)",0,287
46,"('VNvb5oLOpLg_00142',)",0,244
31,"('VNvb5oLOpLg_00143',)",0,120
31,"('VNvb5oLOpLg_00144',)",0,247
46,"('VNvb5oLOpLg_00145',)",0,241
46,"('VNvb5oLOpLg_00146',)",0,303
15,"('VNvb5oLOpLg_00147',)",0,205
15,"('VNvb5oLOpLg_00148',)",0,258
31,"('VNvb5oLOpLg_00149',)",0,117
31,"('VNvb5oLOpLg_00150',)",0,220
15,"('VNvb5oLOpLg_00151',)",0,177
15,"('VNvb5oLOpLg_00152',)",0,287
46,"('VNvb5oLOpLg_00153',)",0,261
46,"('VNvb5oLOpLg_00154',)",0,271
46,"('VNvb5oLOpLg_00155',)",0,142
46,"('VNvb5oLOpLg_00156',)",0,241
15,"('VNvb5oLOpLg_00157',)",0,195
15,"('VNvb5oLOpLg_00158',)",0,240
15,"('VNvb5oLOpLg_00159',)",0,248
15,"('VNvb5oLOpLg_00160',)",0,290
15,"('VNvb5oLOpLg_00161',)",0,260
15,"('VNvb5oLOpLg_00162',)",0,297
15,"('VNvb5oLOpLg_00163',)",0,124
15,"('VNvb5oLOpLg_00164',)",0,209
15,"('VNvb5oLOpLg_00165',)",0,147
15,"('VNvb5oLOpLg_00166',)",0,204
15,"('VNvb5oLOpLg_00167',)",0,335
15,"('VNvb5oLOpLg_00168',)",0,235
15,"('VNvb5oLOpLg_00169',)",0,156
15,"('VNvb5oLOpLg_00170',)",0,288
15,"('VNvb5oLOpLg_00171',)",0,290
15,"('VNvb5oLOpLg_00172',)",0,240
46,"('VNvb5oLOpLg_00173',)",0,233
46,"('VNvb5oLOpLg_00174',)",0,279
15,"('VNvb5oLOpLg_00175',)",0,174
15,"('VNvb5oLOpLg_00176',)",0,248
15,"('VNvb5oLOpLg_00177',)",0,121
15,"('VNvb5oLOpLg_00178',)",0,219
15,"('VNvb5oLOpLg_00179',)",0,130
15,"('VNvb5oLOpLg_00180',)",0,214
46,"('VNvb5oLOpLg_00181',)",0,111
46,"('VNvb5oLOpLg_00182',)",0,237
46,"('VNvb5oLOpLg_00183',)",0,178
46,"('VNvb5oLOpLg_00184',)",0,243
15,"('VNvb5oLOpLg_00185',)",0,140
15,"('VNvb5oLOpLg_00186',)",0,227
46,"('VNvb5oLOpLg_00187',)",0,347
46,"('VNvb5oLOpLg_00188',)",0,264
17,"('VNvb5oLOpLg_00189',)",0,176
17,"('VNvb5oLOpLg_00190',)",0,251
46,"('VNvb5oLOpLg_00191',)",0,147
46,"('VNvb5oLOpLg_00192',)",0,245
15,"('VNvb5oLOpLg_00193',)",0,123
15,"('VNvb5oLOpLg_00194',)",0,239
31,"('VNvb5oLOpLg_00195',)",0,110
31,"('VNvb5oLOpLg_00196',)",0,243
17,"('VNvb5oLOpLg_00197',)",0,198
17,"('VNvb5oLOpLg_00198',)",0,237
31,"('VNvb5oLOpLg_00199',)",0,160
31,"('VNvb5oLOpLg_00200',)",0,205
31,"('VNvb5oLOpLg_00201',)",0,134
31,"('VNvb5oLOpLg_00202',)",0,178
15,"('VNvb5oLOpLg_00203',)",0,272
15,"('VNvb5oLOpLg_00204',)",0,338
31,"('VNvb5oLOpLg_00205',)",0,163
31,"('VNvb5oLOpLg_00206',)",0,223
31,"('VNvb5oLOpLg_00207',)",0,168
31,"('VNvb5oLOpLg_00208',)",0,263
31,"('VNvb5oLOpLg_00209',)",0,177
31,"('VNvb5oLOpLg_00210',)",0,247
46,"('VNvb5oLOpLg_00211',)",0,241
46,"('VNvb5oLOpLg_00212',)",0,207
46,"('VNvb5oLOpLg_00213',)",0,210
46,"('VNvb5oLOpLg_00214',)",0,205
31,"('VNvb5oLOpLg_00215',)",0,134
31,"('VNvb5oLOpLg_00216',)",0,227
31,"('VNvb5oLOpLg_00217',)",0,166
31,"('VNvb5oLOpLg_00218',)",0,170
46,"('VNvb5oLOpLg_00219',)",0,252
46,"('VNvb5oLOpLg_00220',)",0,247
36,"('VNvb5oLOpLg_00221',)",0,128
36,"('VNvb5oLOpLg_00222',)",0,208
17,"('VNvb5oLOpLg_00223',)",0,232
17,"('VNvb5oLOpLg_00224',)",0,260
46,"('VNvb5oLOpLg_00225',)",0,157
46,"('VNvb5oLOpLg_00226',)",0,217
31,"('VNvb5oLOpLg_00227',)",0,247
31,"('VNvb5oLOpLg_00228',)",0,291
46,"('VNvb5oLOpLg_00229',)",0,116
46,"('VNvb5oLOpLg_00230',)",0,261
46,"('VNvb5oLOpLg_00231',)",0,160
46,"('VNvb5oLOpLg_00232',)",0,206
46,"('VNvb5oLOpLg_00233',)",0,204
46,"('VNvb5oLOpLg_00234',)",0,260
31,"('VNvb5oLOpLg_00235',)",0,142
31,"('VNvb5oLOpLg_00236',)",0,212
46,"('VNvb5oLOpLg_00237',)",0,162
46,"('VNvb5oLOpLg_00238',)",0,226
46,"('VNvb5oLOpLg_00239',)",0,113
46,"('VNvb5oLOpLg_00240',)",0,222
31,"('VNvb5oLOpLg_00241',)",0,407
31,"('VNvb5oLOpLg_00242',)",0,200
31,"('VNvb5oLOpLg_00243',)",0,125
31,"('VNvb5oLOpLg_00244',)",0,213
31,"('VNvb5oLOpLg_00245',)",0,293
31,"('VNvb5oLOpLg_00246',)",0,247
31,"('VNvb5oLOpLg_00247',)",0,327
19,"('VNvb5oLOpLg_00248',)",0,234
19,"('VNvb5oLOpLg_00249',)",0,272
46,"('VNvb5oLOpLg_00250',)",0,186
46,"('VNvb5oLOpLg_00251',)",0,267
0,"('VNvb5oLOpLg_00252',)",0,195
0,"('VNvb5oLOpLg_00253',)",0,256
31,"('VNvb5oLOpLg_00254',)",0,251
31,"('VNvb5oLOpLg_00255',)",0,220
37,"('VNvb5oLOpLg_00256',)",0,222
37,"('VNvb5oLOpLg_00257',)",0,266
17,"('VNvb5oLOpLg_00258',)",0,130
17,"('VNvb5oLOpLg_00259',)",0,201
46,"('VNvb5oLOpLg_00260',)",0,116
46,"('VNvb5oLOpLg_00261',)",0,223
17,"('VNvb5oLOpLg_00262',)",0,77
17,"('VNvb5oLOpLg_00263',)",0,216
17,"('VNvb5oLOpLg_00264',)",0,195
17,"('VNvb5oLOpLg_00265',)",0,263
17,"('VNvb5oLOpLg_00266',)",0,188
17,"('VNvb5oLOpLg_00267',)",0,230
17,"('VNvb5oLOpLg_00268',)",0,160
17,"('VNvb5oLOpLg_00269',)",0,316
19,"('VNvb5oLOpLg_00270',)",0,282
19,"('VNvb5oLOpLg_00271',)",0,254
17,"('VNvb5oLOpLg_00272',)",0,160
17,"('VNvb5oLOpLg_00273',)",0,278
17,"('VNvb5oLOpLg_00274',)",0,114
17,"('VNvb5oLOpLg_00275',)",0,211
17,"('VNvb5oLOpLg_00276',)",0,253
17,"('VNvb5oLOpLg_00277',)",0,234
31,"('VNvb5oLOpLg_00278',)",0,171
31,"('VNvb5oLOpLg_00279',)",0,243
38,"('VNvb5oLOpLg_00280',)",0,148
38,"('VNvb5oLOpLg_00281',)",0,249
31,"('VNvb5oLOpLg_00282',)",0,247
31,"('VNvb5oLOpLg_00283',)",0,241
17,"('VNvb5oLOpLg_00284',)",0,213
17,"('VNvb5oLOpLg_00285',)",0,278
17,"('VNvb5oLOpLg_00286',)",0,104
17,"('VNvb5oLOpLg_00287',)",0,181
17,"('VNvb5oLOpLg_00288',)",0,265
17,"('VNvb5oLOpLg_00289',)",0,277
0,"('VNvb5oLOpLg_00290',)",0,115
0,"('VNvb5oLOpLg_00291',)",0,206
31,"('VNvb5oLOpLg_00292',)",0,207
31,"('VNvb5oLOpLg_00293',)",0,260
17,"('VNvb5oLOpLg_00294',)",0,181
17,"('VNvb5oLOpLg_00295',)",0,216
17,"('VNvb5oLOpLg_00296',)",0,117
17,"('VNvb5oLOpLg_00297',)",0,206
37,"('VNvb5oLOpLg_00298',)",0,144
37,"('VNvb5oLOpLg_00299',)",0,229
17,"('VNvb5oLOpLg_00300',)",0,222
17,"('VNvb5oLOpLg_00301',)",0,262
17,"('VNvb5oLOpLg_00302',)",0,154
17,"('VNvb5oLOpLg_00303',)",0,227
17,"('VNvb5oLOpLg_00304',)",0,196
17,"('VNvb5oLOpLg_00305',)",0,211
0,"('VNvb5oLOpLg_00306',)",0,164
0,"('VNvb5oLOpLg_00307',)",0,229
17,"('VNvb5oLOpLg_00308',)",0,163
17,"('VNvb5oLOpLg_00309',)",0,223
15,"('VNvb5oLOpLg_00310',)",0,113
15,"('VNvb5oLOpLg_00311',)",0,206
15,"('VNvb5oLOpLg_00312',)",0,208
15,"('VNvb5oLOpLg_00313',)",0,252
17,"('VNvb5oLOpLg_00314',)",0,123
17,"('VNvb5oLOpLg_00315',)",0,248
8,"('VNvb5oLOpLg_00316',)",0,129
8,"('VNvb5oLOpLg_00317',)",0,236
34,"('VNvb5oLOpLg_00318',)",0,163
34,"('VNvb5oLOpLg_00319',)",0,233
8,"('VNvb5oLOpLg_00320',)",0,210
8,"('VNvb5oLOpLg_00321',)",0,203
27,"('VNvb5oLOpLg_00322',)",0,172
27,"('VNvb5oLOpLg_00323',)",0,209
26,"('VNvb5oLOpLg_00324',)",0,122
26,"('VNvb5oLOpLg_00325',)",0,205
34,"('VNvb5oLOpLg_00326',)",0,159
34,"('VNvb5oLOpLg_00327',)",0,245
21,"('VNvb5oLOpLg_00328',)",0,211
21,"('VNvb5oLOpLg_00329',)",0,225
21,"('VNvb5oLOpLg_00330',)",0,151
21,"('VNvb5oLOpLg_00331',)",0,263
24,"('VNvb5oLOpLg_00332',)",0,283
24,"('VNvb5oLOpLg_00333',)",0,258
34,"('VNvb5oLOpLg_00334',)",0,152
34,"('VNvb5oLOpLg_00335',)",0,197
21,"('VNvb5oLOpLg_00336',)",0,128
21,"('VNvb5oLOpLg_00337',)",0,210
33,"('VNvb5oLOpLg_00338',)",0,129
33,"('VNvb5oLOpLg_00339',)",0,193
34,"('VNvb5oLOpLg_00340',)",0,291
34,"('VNvb5oLOpLg_00341',)",0,277
39,"('VNvb5oLOpLg_00342',)",0,99
39,"('VNvb5oLOpLg_00343',)",0,150
34,"('VNvb5oLOpLg_00344',)",0,169
34,"('VNvb5oLOpLg_00345',)",0,259
21,"('VNvb5oLOpLg_00346',)",0,204
21,"('VNvb5oLOpLg_00347',)",0,239
34,"('VNvb5oLOpLg_00348',)",0,143
34,"('VNvb5oLOpLg_00349',)",0,228
21,"('VNvb5oLOpLg_00350',)",0,410
21,"('VNvb5oLOpLg_00351',)",0,240
21,"('VNvb5oLOpLg_00352',)",0,156
21,"('VNvb5oLOpLg_00353',)",0,237
26,"('VNvb5oLOpLg_00354',)",0,169
26,"('VNvb5oLOpLg_00355',)",0,220
34,"('VNvb5oLOpLg_00356',)",0,280
34,"('VNvb5oLOpLg_00357',)",0,280
34,"('VNvb5oLOpLg_00358',)",0,241
34,"('VNvb5oLOpLg_00359',)",0,251
27,"('VNvb5oLOpLg_00360',)",0,94
27,"('VNvb5oLOpLg_00361',)",0,203
34,"('VNvb5oLOpLg_00362',)",0,101
34,"('VNvb5oLOpLg_00363',)",0,214
24,"('VNvb5oLOpLg_00364',)",0,224
24,"('VNvb5oLOpLg_00365',)",0,247
21,"('VNvb5oLOpLg_00366',)",0,129
21,"('VNvb5oLOpLg_00367',)",0,216
33,"('VNvb5oLOpLg_00368',)",0,107
33,"('VNvb5oLOpLg_00369',)",0,192
24,"('VNvb5oLOpLg_00370',)",0,196
24,"('VNvb5oLOpLg_00371',)",0,205
7,"('VNvb5oLOpLg_00372',)",0,153
7,"('VNvb5oLOpLg_00373',)",0,227
24,"('VNvb5oLOpLg_00374',)",0,195
24,"('VNvb5oLOpLg_00375',)",0,256
34,"('VNvb5oLOpLg_00376',)",0,178
34,"('VNvb5oLOpLg_00377',)",0,266
26,"('VNvb5oLOpLg_00378',)",0,224
26,"('VNvb5oLOpLg_00379',)",0,257
26,"('VNvb5oLOpLg_00380',)",0,146
26,"('VNvb5oLOpLg_00381',)",0,249
27,"('VNvb5oLOpLg_00382',)",0,143
27,"('VNvb5oLOpLg_00383',)",0,263
44,"('VNvb5oLOpLg_00384',)",0,164
44,"('VNvb5oLOpLg_00385',)",0,271
21,"('VNvb5oLOpLg_00386',)",0,234
21,"('VNvb5oLOpLg_00387',)",0,249
44,"('VNvb5oLOpLg_00388',)",0,352
44,"('VNvb5oLOpLg_00389',)",0,267
44,"('VNvb5oLOpLg_00390',)",0,189
44,"('VNvb5oLOpLg_00391',)",0,269
27,"('VNvb5oLOpLg_00392',)",0,215
27,"('VNvb5oLOpLg_00393',)",0,225
26,"('VNvb5oLOpLg_00394',)",0,140
26,"('VNvb5oLOpLg_00395',)",0,262
26,"('VNvb5oLOpLg_00396',)",0,270
26,"('VNvb5oLOpLg_00397',)",0,325
8,"('VNvb5oLOpLg_00398',)",0,259
8,"('VNvb5oLOpLg_00399',)",0,246
26,"('VNvb5oLOpLg_00400',)",0,120
26,"('VNvb5oLOpLg_00401',)",0,219
7,"('VNvb5oLOpLg_00402',)",0,215
7,"('VNvb5oLOpLg_00403',)",0,234
26,"('VNvb5oLOpLg_00404',)",0,243
26,"('VNvb5oLOpLg_00405',)",0,274
7,"('VNvb5oLOpLg_00406',)",0,167
7,"('VNvb5oLOpLg_00407',)",0,298
44,"('VNvb5oLOpLg_00408',)",0,296
44,"('VNvb5oLOpLg_00409',)",0,279
21,"('VNvb5oLOpLg_00410',)",0,144
21,"('VNvb5oLOpLg_00411',)",0,241
34,"('VNvb5oLOpLg_00412',)",0,163
34,"('VNvb5oLOpLg_00413',)",0,177
21,"('VNvb5oLOpLg_00414',)",0,283
21,"('VNvb5oLOpLg_00415',)",0,174
26,"('VNvb5oLOpLg_00416',)",0,215
26,"('VNvb5oLOpLg_00417',)",0,233
35,"('VNvb5oLOpLg_00418',)",0,154
35,"('VNvb5oLOpLg_00419',)",0,256
24,"('VNvb5oLOpLg_00420',)",0,219
24,"('VNvb5oLOpLg_00421',)",0,289
24,"('VNvb5oLOpLg_00422',)",0,148
24,"('VNvb5oLOpLg_00423',)",0,227
34,"('VNvb5oLOpLg_00424',)",0,164
34,"('VNvb5oLOpLg_00425',)",0,218
7,"('VNvb5oLOpLg_00426',)",0,278
7,"('VNvb5oLOpLg_00427',)",0,300
34,"('VNvb5oLOpLg_00428',)",0,220
34,"('VNvb5oLOpLg_00429',)",0,229
26,"('VNvb5oLOpLg_00430',)",0,157
26,"('VNvb5oLOpLg_00431',)",0,267
21,"('VNvb5oLOpLg_00432',)",0,205
21,"('VNvb5oLOpLg_00433',)",0,256
34,"('VNvb5oLOpLg_00434',)",0,174
34,"('VNvb5oLOpLg_00435',)",0,271
21,"('VNvb5oLOpLg_00436',)",0,254
21,"('VNvb5oLOpLg_00437',)",0,303
44,"('VNvb5oLOpLg_00438',)",0,219
44,"('VNvb5oLOpLg_00439',)",0,210
8,"('VNvb5oLOpLg_00440',)",0,311
8,"('VNvb5oLOpLg_00441',)",0,207
21,"('VNvb5oLOpLg_00442',)",0,431
21,"('VNvb5oLOpLg_00443',)",0,344
34,"('VNvb5oLOpLg_00444',)",0,118
34,"('VNvb5oLOpLg_00445',)",0,194
21,"('VNvb5oLOpLg_00446',)",0,170
21,"('VNvb5oLOpLg_00447',)",0,232
21,"('VNvb5oLOpLg_00448',)",0,159
21,"('VNvb5oLOpLg_00449',)",0,291
26,"('VNvb5oLOpLg_00450',)",0,282
26,"('VNvb5oLOpLg_00451',)",0,220
34,"('VNvb5oLOpLg_00452',)",0,183
34,"('VNvb5oLOpLg_00453',)",0,242
33,"('VNvb5oLOpLg_00454',)",0,274
33,"('VNvb5oLOpLg_00455',)",0,234
8,"('VNvb5oLOpLg_00456',)",0,156
8,"('VNvb5oLOpLg_00457',)",0,189
44,"('VNvb5oLOpLg_00458',)",0,156
44,"('VNvb5oLOpLg_00459',)",0,246
7,"('VNvb5oLOpLg_00460',)",0,204
7,"('VNvb5oLOpLg_00461',)",0,310
34,"('VNvb5oLOpLg_00462',)",0,220
34,"('VNvb5oLOpLg_00463',)",0,180
7,"('VNvb5oLOpLg_00464',)",0,171
7,"('VNvb5oLOpLg_00465',)",0,257
44,"('VNvb5oLOpLg_00466',)",0,486
44,"('VNvb5oLOpLg_00467',)",0,198
44,"('VNvb5oLOpLg_00468',)",0,255
44,"('VNvb5oLOpLg_00469',)",0,233
43,"('VNvb5oLOpLg_00470',)",0,171
43,"('VNvb5oLOpLg_00471',)",0,258
7,"('VNvb5oLOpLg_00472',)",0,201
7,"('VNvb5oLOpLg_00473',)",0,267
26,"('VNvb5oLOpLg_00474',)",0,234
26,"('VNvb5oLOpLg_00475',)",0,259
8,"('VNvb5oLOpLg_00476',)",0,106
8,"('VNvb5oLOpLg_00477',)",0,211
8,"('VNvb5oLOpLg_00478',)",0,119
8,"('VNvb5oLOpLg_00479',)",0,232
7,"('VNvb5oLOpLg_00480',)",0,141
7,"('VNvb5oLOpLg_00481',)",0,224
5,"('VNvb5oLOpLg_00482',)",0,122
5,"('VNvb5oLOpLg_00483',)",0,220
8,"('VNvb5oLOpLg_00484',)",0,157
8,"('VNvb5oLOpLg_00485',)",0,291
8,"('VNvb5oLOpLg_00486',)",0,111
8,"('VNvb5oLOpLg_00487',)",0,215
8,"('VNvb5oLOpLg_00488',)",0,149
8,"('VNvb5oLOpLg_00489',)",0,211
44,"('VNvb5oLOpLg_00490',)",0,118
44,"('VNvb5oLOpLg_00491',)",0,212
8,"('VNvb5oLOpLg_00492',)",0,260
8,"('VNvb5oLOpLg_00493',)",0,255
8,"('VNvb5oLOpLg_00494',)",0,133
8,"('VNvb5oLOpLg_00495',)",0,238
7,"('VNvb5oLOpLg_00496',)",0,169
7,"('VNvb5oLOpLg_00497',)",0,224
8,"('VNvb5oLOpLg_00498',)",0,376
8,"('VNvb5oLOpLg_00499',)",0,242
44,"('VNvb5oLOpLg_00500',)",0,220
44,"('VNvb5oLOpLg_00501',)",0,313
8,"('VNvb5oLOpLg_00502',)",0,128
8,"('VNvb5oLOpLg_00503',)",0,176
27,"('VNvb5oLOpLg_00504',)",0,189
27,"('VNvb5oLOpLg_00505',)",0,232
33,"('VNvb5oLOpLg_00506',)",0,151
33,"('VNvb5oLOpLg_00507',)",0,261
27,"('VNvb5oLOpLg_00508',)",0,202
27,"('VNvb5oLOpLg_00509',)",0,227
27,"('VNvb5oLOpLg_00510',)",0,143
8,"('VNvb5oLOpLg_00511',)",0,235
8,"('VNvb5oLOpLg_00512',)",0,89
34,"('VNvb5oLOpLg_00513',)",0,125
34,"('VNvb5oLOpLg_00514',)",0,220
33,"('VNvb5oLOpLg_00515',)",0,293
33,"('VNvb5oLOpLg_00516',)",0,205
21,"('VNvb5oLOpLg_00517',)",0,166
21,"('VNvb5oLOpLg_00518',)",0,192
22,"('VNvb5oLOpLg_00519',)",0,309
22,"('VNvb5oLOpLg_00520',)",0,274
33,"('VNvb5oLOpLg_00521',)",0,148
33,"('VNvb5oLOpLg_00522',)",0,223
44,"('VNvb5oLOpLg_00523',)",0,287
44,"('VNvb5oLOpLg_00524',)",0,233
17,"('VNvb5oLOpLg_00525',)",0,147
17,"('VNvb5oLOpLg_00526',)",0,280
21,"('VNvb5oLOpLg_00527',)",0,263
21,"('VNvb5oLOpLg_00528',)",0,263
33,"('VNvb5oLOpLg_00529',)",0,257
33,"('VNvb5oLOpLg_00530',)",0,248
21,"('VNvb5oLOpLg_00531',)",0,258
21,"('VNvb5oLOpLg_00532',)",0,275
21,"('VNvb5oLOpLg_00533',)",0,132
21,"('VNvb5oLOpLg_00534',)",0,194
26,"('VNvb5oLOpLg_00535',)",0,100
26,"('VNvb5oLOpLg_00536',)",0,199
44,"('VNvb5oLOpLg_00537',)",0,398
44,"('VNvb5oLOpLg_00538',)",0,317
30,"('VNvb5oLOpLg_00539',)",0,162
30,"('VNvb5oLOpLg_00540',)",0,265
30,"('VNvb5oLOpLg_00541',)",0,165
30,"('VNvb5oLOpLg_00542',)",0,215
7,"('VNvb5oLOpLg_00543',)",0,115
7,"('VNvb5oLOpLg_00544',)",0,207
44,"('VNvb5oLOpLg_00545',)",0,132
44,"('VNvb5oLOpLg_00546',)",0,208
44,"('VNvb5oLOpLg_00547',)",0,183
44,"('VNvb5oLOpLg_00548',)",0,252
44,"('VNvb5oLOpLg_00549',)",0,153
44,"('VNvb5oLOpLg_00550',)",0,213
39,"('VNvb5oLOpLg_00551',)",0,173
39,"('VNvb5oLOpLg_00552',)",0,222
1,"('VNvb5oLOpLg_00553',)",0,107
1,"('VNvb5oLOpLg_00554',)",0,201
44,"('VNvb5oLOpLg_00555',)",0,196
44,"('VNvb5oLOpLg_00556',)",0,236
43,"('VNvb5oLOpLg_00557',)",0,134
43,"('VNvb5oLOpLg_00558',)",0,181
2,"('VNvb5oLOpLg_00559',)",0,210
2,"('VNvb5oLOpLg_00560',)",0,240
27,"('VNvb5oLOpLg_00561',)",0,258
27,"('VNvb5oLOpLg_00562',)",0,231
34,"('VNvb5oLOpLg_00563',)",0,154
34,"('VNvb5oLOpLg_00564',)",0,195
2,"('VNvb5oLOpLg_00565',)",0,123
2,"('VNvb5oLOpLg_00566',)",0,226
19,"('VNvb5oLOpLg_00567',)",0,252
19,"('VNvb5oLOpLg_00568',)",0,237
19,"('VNvb5oLOpLg_00569',)",0,161
19,"('VNvb5oLOpLg_00570',)",0,245
19,"('VNvb5oLOpLg_00571',)",0,120
19,"('VNvb5oLOpLg_00572',)",0,96
19,"('VNvb5oLOpLg_00573',)",0,84
19,"('VNvb5oLOpLg_00574',)",0,106
19,"('VNvb5oLOpLg_00575',)",0,94
19,"('VNvb5oLOpLg_00576',)",0,91
19,"('VNvb5oLOpLg_00577',)",0,136
19,"('VNvb5oLOpLg_00578',)",0,240
19,"('VNvb5oLOpLg_00579',)",0,232
19,"('VNvb5oLOpLg_00580',)",0,156
19,"('VNvb5oLOpLg_00581',)",0,261
29,"('VNvb5oLOpLg_00582',)",0,264
29,"('VNvb5oLOpLg_00583',)",0,183
29,"('VNvb5oLOpLg_00584',)",0,244
19,"('VNvb5oLOpLg_00585',)",0,253
19,"('VNvb5oLOpLg_00586',)",0,125
19,"('VNvb5oLOpLg_00587',)",0,196
19,"('VNvb5oLOpLg_00588',)",0,206
19,"('VNvb5oLOpLg_00589',)",0,147
19,"('VNvb5oLOpLg_00590',)",0,253
19,"('VNvb5oLOpLg_00591',)",0,223
19,"('VNvb5oLOpLg_00592',)",0,144
19,"('VNvb5oLOpLg_00593',)",0,223
19,"('VNvb5oLOpLg_00594',)",0,215
19,"('VNvb5oLOpLg_00595',)",0,125
19,"('VNvb5oLOpLg_00596',)",0,199
19,"('VNvb5oLOpLg_00597',)",0,181
19,"('VNvb5oLOpLg_00598',)",0,133
19,"('VNvb5oLOpLg_00599',)",0,247
19,"('VNvb5oLOpLg_00600',)",0,177
19,"('VNvb5oLOpLg_00601',)",0,107
19,"('VNvb5oLOpLg_00602',)",0,222
15,"('VNvb5oLOpLg_00603',)",0,189
15,"('VNvb5oLOpLg_00604',)",0,137
15,"('VNvb5oLOpLg_00605',)",0,197
36,"('VNvb5oLOpLg_00606',)",0,218
36,"('VNvb5oLOpLg_00607',)",0,181
36,"('VNvb5oLOpLg_00608',)",0,249
20,"('VNvb5oLOpLg_00609',)",0,238
20,"('VNvb5oLOpLg_00610',)",0,197
20,"('VNvb5oLOpLg_00611',)",0,226
19,"('VNvb5oLOpLg_00612',)",0,215
19,"('VNvb5oLOpLg_00613',)",0,265
19,"('VNvb5oLOpLg_00614',)",0,222
15,"('VNvb5oLOpLg_00615',)",0,231
15,"('VNvb5oLOpLg_00616',)",0,187
15,"('VNvb5oLOpLg_00617',)",0,211
19,"('VNvb5oLOpLg_00618',)",0,214
19,"('VNvb5oLOpLg_00619',)",0,170
19,"('VNvb5oLOpLg_00620',)",0,245
19,"('VNvb5oLOpLg_00621',)",0,252
19,"('VNvb5oLOpLg_00622',)",0,241
19,"('VNvb5oLOpLg_00623',)",0,196
19,"('VNvb5oLOpLg_00624',)",0,205
19,"('VNvb5oLOpLg_00625',)",0,123
19,"('VNvb5oLOpLg_00626',)",0,222
19,"('VNvb5oLOpLg_00627',)",0,225
19,"('VNvb5oLOpLg_00628',)",0,160
19,"('VNvb5oLOpLg_00629',)",0,315
19,"('VNvb5oLOpLg_00630',)",0,196
19,"('VNvb5oLOpLg_00631',)",0,157
19,"('VNvb5oLOpLg_00632',)",0,250
15,"('VNvb5oLOpLg_00633',)",0,239
15,"('VNvb5oLOpLg_00634',)",0,112
15,"('VNvb5oLOpLg_00635',)",0,240
15,"('VNvb5oLOpLg_00636',)",0,243
15,"('VNvb5oLOpLg_00637',)",0,173
15,"('VNvb5oLOpLg_00638',)",0,264
31,"('VNvb5oLOpLg_00639',)",0,242
31,"('VNvb5oLOpLg_00640',)",0,110
31,"('VNvb5oLOpLg_00641',)",0,234
31,"('VNvb5oLOpLg_00642',)",0,206
31,"('VNvb5oLOpLg_00643',)",0,178
31,"('VNvb5oLOpLg_00644',)",0,255
31,"('VNvb5oLOpLg_00645',)",0,262
31,"('VNvb5oLOpLg_00646',)",0,139
31,"('VNvb5oLOpLg_00647',)",0,246
31,"('VNvb5oLOpLg_00648',)",0,230
31,"('VNvb5oLOpLg_00649',)",0,238
31,"('VNvb5oLOpLg_00650',)",0,238
31,"('VNvb5oLOpLg_00651',)",0,231
31,"('VNvb5oLOpLg_00652',)",0,157
31,"('VNvb5oLOpLg_00653',)",0,268
46,"('VNvb5oLOpLg_00654',)",0,241
46,"('VNvb5oLOpLg_00655',)",0,122
46,"('VNvb5oLOpLg_00656',)",0,260
31,"('VNvb5oLOpLg_00657',)",0,232
31,"('VNvb5oLOpLg_00658',)",0,148
31,"('VNvb5oLOpLg_00659',)",0,282
31,"('VNvb5oLOpLg_00660',)",0,223
31,"('VNvb5oLOpLg_00661',)",0,147
31,"('VNvb5oLOpLg_00662',)",0,235
15,"('VNvb5oLOpLg_00663',)",0,214
15,"('VNvb5oLOpLg_00664',)",0,127
15,"('VNvb5oLOpLg_00665',)",0,250
36,"('VNvb5oLOpLg_00666',)",0,235
36,"('VNvb5oLOpLg_00667',)",0,166
36,"('VNvb5oLOpLg_00668',)",0,263
31,"('VNvb5oLOpLg_00669',)",0,246
31,"('VNvb5oLOpLg_00670',)",0,154
31,"('VNvb5oLOpLg_00671',)",0,248
31,"('VNvb5oLOpLg_00672',)",0,274
31,"('VNvb5oLOpLg_00673',)",0,122
31,"('VNvb5oLOpLg_00674',)",0,249
46,"('VNvb5oLOpLg_00675',)",0,126
46,"('VNvb5oLOpLg_00676',)",0,357
46,"('VNvb5oLOpLg_00677',)",0,230
19,"('VNvb5oLOpLg_00678',)",0,215
19,"('VNvb5oLOpLg_00679',)",0,130
19,"('VNvb5oLOpLg_00680',)",0,239
31,"('VNvb5oLOpLg_00681',)",0,242
31,"('VNvb5oLOpLg_00682',)",0,104
31,"('VNvb5oLOpLg_00683',)",0,235
31,"('VNvb5oLOpLg_00684',)",0,249
31,"('VNvb5oLOpLg_00685',)",0,164
31,"('VNvb5oLOpLg_00686',)",0,236
46,"('VNvb5oLOpLg_00687',)",0,220
46,"('VNvb5oLOpLg_00688',)",0,166
46,"('VNvb5oLOpLg_00689',)",0,261
31,"('VNvb5oLOpLg_00690',)",0,251
31,"('VNvb5oLOpLg_00691',)",0,462
31,"('VNvb5oLOpLg_00692',)",0,306
31,"('VNvb5oLOpLg_00693',)",0,304
31,"('VNvb5oLOpLg_00694',)",0,119
31,"('VNvb5oLOpLg_00695',)",0,197
31,"('VNvb5oLOpLg_00696',)",0,204
31,"('VNvb5oLOpLg_00697',)",0,138
31,"('VNvb5oLOpLg_00698',)",0,252
0,"('VNvb5oLOpLg_00699',)",0,247
0,"('VNvb5oLOpLg_00700',)",0,134
0,"('VNvb5oLOpLg_00701',)",0,207
15,"('VNvb5oLOpLg_00702',)",0,220
15,"('VNvb5oLOpLg_00703',)",0,203
15,"('VNvb5oLOpLg_00704',)",0,233
46,"('VNvb5oLOpLg_00705',)",0,242
46,"('VNvb5oLOpLg_00706',)",0,152
46,"('VNvb5oLOpLg_00707',)",0,268
46,"('VNvb5oLOpLg_00708',)",0,235
46,"('VNvb5oLOpLg_00709',)",0,143
46,"('VNvb5oLOpLg_00710',)",0,247
31,"('VNvb5oLOpLg_00711',)",0,254
31,"('VNvb5oLOpLg_00712',)",0,150
31,"('VNvb5oLOpLg_00713',)",0,243
46,"('VNvb5oLOpLg_00714',)",0,263
46,"('VNvb5oLOpLg_00715',)",0,107
46,"('VNvb5oLOpLg_00716',)",0,221
46,"('VNvb5oLOpLg_00717',)",0,209
46,"('VNvb5oLOpLg_00718',)",0,234
46,"('VNvb5oLOpLg_00719',)",0,301
15,"('VNvb5oLOpLg_00720',)",0,299
15,"('VNvb5oLOpLg_00721',)",0,127
15,"('VNvb5oLOpLg_00722',)",0,254
15,"('VNvb5oLOpLg_00723',)",0,230
15,"('VNvb5oLOpLg_00724',)",0,160
15,"('VNvb5oLOpLg_00725',)",0,242
15,"('VNvb5oLOpLg_00726',)",0,197
15,"('VNvb5oLOpLg_00727',)",0,167
15,"('VNvb5oLOpLg_00728',)",0,248
15,"('VNvb5oLOpLg_00729',)",0,241
15,"('VNvb5oLOpLg_00730',)",0,148
15,"('VNvb5oLOpLg_00731',)",0,234
20,"('VNvb5oLOpLg_00732',)",0,218
20,"('VNvb5oLOpLg_00733',)",0,135
20,"('VNvb5oLOpLg_00734',)",0,241
20,"('VNvb5oLOpLg_00735',)",0,230
20,"('VNvb5oLOpLg_00736',)",0,279
20,"('VNvb5oLOpLg_00737',)",0,277
46,"('VNvb5oLOpLg_00738',)",0,251
46,"('VNvb5oLOpLg_00739',)",0,304
46,"('VNvb5oLOpLg_00740',)",0,236
46,"('VNvb5oLOpLg_00741',)",0,221
46,"('VNvb5oLOpLg_00742',)",0,116
46,"('VNvb5oLOpLg_00743',)",0,220
15,"('VNvb5oLOpLg_00744',)",0,147
15,"('VNvb5oLOpLg_00745',)",0,191
15,"('VNvb5oLOpLg_00746',)",0,268
46,"('VNvb5oLOpLg_00747',)",0,273
46,"('VNvb5oLOpLg_00748',)",0,203
46,"('VNvb5oLOpLg_00749',)",0,259
31,"('VNvb5oLOpLg_00750',)",0,241
31,"('VNvb5oLOpLg_00751',)",0,151
31,"('VNvb5oLOpLg_00752',)",0,229
46,"('VNvb5oLOpLg_00753',)",0,258
46,"('VNvb5oLOpLg_00754',)",0,145
46,"('VNvb5oLOpLg_00755',)",0,239
15,"('VNvb5oLOpLg_00756',)",0,227
15,"('VNvb5oLOpLg_00757',)",0,155
15,"('VNvb5oLOpLg_00758',)",0,274
20,"('VNvb5oLOpLg_00759',)",0,234
20,"('VNvb5oLOpLg_00760',)",0,145
20,"('VNvb5oLOpLg_00761',)",0,244
20,"('VNvb5oLOpLg_00762',)",0,238
19,"('VNvb5oLOpLg_00763',)",0,107
19,"('VNvb5oLOpLg_00764',)",0,78
19,"('VNvb5oLOpLg_00765',)",0,248
46,"('VNvb5oLOpLg_00766',)",0,180
46,"('VNvb5oLOpLg_00767',)",0,127
46,"('VNvb5oLOpLg_00768',)",0,279
0,"('VNvb5oLOpLg_00769',)",0,294
0,"('VNvb5oLOpLg_00770',)",0,168
0,"('VNvb5oLOpLg_00771',)",0,164
31,"('VNvb5oLOpLg_00772',)",0,283
31,"('VNvb5oLOpLg_00773',)",0,118
31,"('VNvb5oLOpLg_00774',)",0,217
46,"('VNvb5oLOpLg_00775',)",0,225
46,"('VNvb5oLOpLg_00776',)",0,131
46,"('VNvb5oLOpLg_00777',)",0,181
20,"('VNvb5oLOpLg_00778',)",0,218
20,"('VNvb5oLOpLg_00779',)",0,191
20,"('VNvb5oLOpLg_00780',)",0,236
20,"('VNvb5oLOpLg_00781',)",0,220
20,"('VNvb5oLOpLg_00782',)",0,297
20,"('VNvb5oLOpLg_00783',)",0,264
46,"('VNvb5oLOpLg_00784',)",0,215
46,"('VNvb5oLOpLg_00785',)",0,390
46,"('VNvb5oLOpLg_00786',)",0,237
17,"('VNvb5oLOpLg_00787',)",0,209
17,"('VNvb5oLOpLg_00788',)",0,137
17,"('VNvb5oLOpLg_00789',)",0,267
17,"('VNvb5oLOpLg_00790',)",0,239
17,"('VNvb5oLOpLg_00791',)",0,115
17,"('VNvb5oLOpLg_00792',)",0,95
46,"('VNvb5oLOpLg_00793',)",0,244
46,"('VNvb5oLOpLg_00794',)",0,118
46,"('VNvb5oLOpLg_00795',)",0,234
46,"('VNvb5oLOpLg_00796',)",0,242
46,"('VNvb5oLOpLg_00797',)",0,201
46,"('VNvb5oLOpLg_00798',)",0,233
46,"('VNvb5oLOpLg_00799',)",0,223
46,"('VNvb5oLOpLg_00800',)",0,142
46,"('VNvb5oLOpLg_00801',)",0,225
31,"('VNvb5oLOpLg_00802',)",0,240
31,"('VNvb5oLOpLg_00803',)",0,137
31,"('VNvb5oLOpLg_00804',)",0,181
0,"('VNvb5oLOpLg_00805',)",0,255
0,"('VNvb5oLOpLg_00806',)",0,136
0,"('VNvb5oLOpLg_00807',)",0,204
0,"('VNvb5oLOpLg_00808',)",0,219
0,"('VNvb5oLOpLg_00809',)",0,136
0,"('VNvb5oLOpLg_00810',)",0,257
31,"('VNvb5oLOpLg_00811',)",0,245
31,"('VNvb5oLOpLg_00812',)",0,211
31,"('VNvb5oLOpLg_00813',)",0,226
20,"('VNvb5oLOpLg_00814',)",0,239
20,"('VNvb5oLOpLg_00815',)",0,95
20,"('VNvb5oLOpLg_00816',)",0,198
46,"('VNvb5oLOpLg_00817',)",0,182
46,"('VNvb5oLOpLg_00818',)",0,327
46,"('VNvb5oLOpLg_00819',)",0,247
0,"('VNvb5oLOpLg_00820',)",0,246
0,"('VNvb5oLOpLg_00821',)",0,584
0,"('VNvb5oLOpLg_00822',)",0,221
20,"('VNvb5oLOpLg_00823',)",0,231
20,"('VNvb5oLOpLg_00824',)",0,200
20,"('VNvb5oLOpLg_00825',)",0,235
1,"('VNvb5oLOpLg_00826',)",0,221
1,"('VNvb5oLOpLg_00827',)",0,135
1,"('VNvb5oLOpLg_00828',)",0,225
46,"('VNvb5oLOpLg_00829',)",0,185
46,"('VNvb5oLOpLg_00830',)",0,186
46,"('VNvb5oLOpLg_00831',)",0,207
0,"('VNvb5oLOpLg_00832',)",0,205
0,"('VNvb5oLOpLg_00833',)",0,136
0,"('VNvb5oLOpLg_00834',)",0,244
31,"('VNvb5oLOpLg_00835',)",0,226
31,"('VNvb5oLOpLg_00836',)",0,245
31,"('VNvb5oLOpLg_00837',)",0,241
46,"('VNvb5oLOpLg_00838',)",0,243
46,"('VNvb5oLOpLg_00839',)",0,141
46,"('VNvb5oLOpLg_00840',)",0,268
37,"('VNvb5oLOpLg_00841',)",0,245
37,"('VNvb5oLOpLg_00842',)",0,172
37,"('VNvb5oLOpLg_00843',)",0,212
46,"('VNvb5oLOpLg_00844',)",0,204
46,"('VNvb5oLOpLg_00845',)",0,132
46,"('VNvb5oLOpLg_00846',)",0,227
46,"('VNvb5oLOpLg_00847',)",0,220
46,"('VNvb5oLOpLg_00848',)",0,381
46,"('VNvb5oLOpLg_00849',)",0,240
31,"('VNvb5oLOpLg_00850',)",0,246
31,"('VNvb5oLOpLg_00851',)",0,136
31,"('VNvb5oLOpLg_00852',)",0,239
0,"('VNvb5oLOpLg_00853',)",0,246
0,"('VNvb5oLOpLg_00854',)",0,269
0,"('VNvb5oLOpLg_00855',)",0,227
31,"('VNvb5oLOpLg_00856',)",0,236
31,"('VNvb5oLOpLg_00857',)",0,279
31,"('VNvb5oLOpLg_00858',)",0,245
20,"('VNvb5oLOpLg_00859',)",0,248
20,"('VNvb5oLOpLg_00860',)",0,142
20,"('VNvb5oLOpLg_00861',)",0,226
33,"('VNvb5oLOpLg_00862',)",0,235
33,"('VNvb5oLOpLg_00863',)",0,107
33,"('VNvb5oLOpLg_00864',)",0,191
26,"('VNvb5oLOpLg_00865',)",0,164
26,"('VNvb5oLOpLg_00866',)",0,287
26,"('VNvb5oLOpLg_00867',)",0,276
26,"('VNvb5oLOpLg_00868',)",0,282
26,"('VNvb5oLOpLg_00869',)",0,105
26,"('VNvb5oLOpLg_00870',)",0,229
33,"('VNvb5oLOpLg_00871',)",0,220
33,"('VNvb5oLOpLg_00872',)",0,281
33,"('VNvb5oLOpLg_00873',)",0,271
33,"('VNvb5oLOpLg_00874',)",0,284
33,"('VNvb5oLOpLg_00875',)",0,73
33,"('VNvb5oLOpLg_00876',)",0,85
33,"('VNvb5oLOpLg_00877',)",0,278
33,"('VNvb5oLOpLg_00878',)",0,216
33,"('VNvb5oLOpLg_00879',)",0,223
33,"('VNvb5oLOpLg_00880',)",0,243
35,"('VNvb5oLOpLg_00881',)",0,232
35,"('VNvb5oLOpLg_00882',)",0,236
35,"('VNvb5oLOpLg_00883',)",0,235
26,"('VNvb5oLOpLg_00884',)",0,212
26,"('VNvb5oLOpLg_00885',)",0,165
26,"('VNvb5oLOpLg_00886',)",0,247
33,"('VNvb5oLOpLg_00887',)",0,240
33,"('VNvb5oLOpLg_00888',)",0,148
33,"('VNvb5oLOpLg_00889',)",0,253
5,"('VNvb5oLOpLg_00890',)",0,224
5,"('VNvb5oLOpLg_00891',)",0,112
5,"('VNvb5oLOpLg_00892',)",0,208
44,"('VNvb5oLOpLg_00893',)",0,184
44,"('VNvb5oLOpLg_00894',)",0,151
44,"('VNvb5oLOpLg_00895',)",0,254
44,"('VNvb5oLOpLg_00896',)",0,267
44,"('VNvb5oLOpLg_00897',)",0,143
44,"('VNvb5oLOpLg_00898',)",0,201
44,"('VNvb5oLOpLg_00899',)",0,220
33,"('VNvb5oLOpLg_00900',)",0,62
33,"('VNvb5oLOpLg_00901',)",0,149
33,"('VNvb5oLOpLg_00902',)",0,151
26,"('VNvb5oLOpLg_00903',)",0,99
26,"('VNvb5oLOpLg_00904',)",0,342
26,"('VNvb5oLOpLg_00905',)",0,254
26,"('VNvb5oLOpLg_00906',)",0,245
26,"('VNvb5oLOpLg_00907',)",0,150
26,"('VNvb5oLOpLg_00908',)",0,253
27,"('VNvb5oLOpLg_00909',)",0,241
27,"('VNvb5oLOpLg_00910',)",0,224
27,"('VNvb5oLOpLg_00911',)",0,276
44,"('VNvb5oLOpLg_00912',)",0,304
44,"('VNvb5oLOpLg_00913',)",0,140
44,"('VNvb5oLOpLg_00914',)",0,224
33,"('VNvb5oLOpLg_00915',)",0,223
33,"('VNvb5oLOpLg_00916',)",0,279
33,"('VNvb5oLOpLg_00917',)",0,238
5,"('VNvb5oLOpLg_00918',)",0,266
5,"('VNvb5oLOpLg_00919',)",0,231
5,"('VNvb5oLOpLg_00920',)",0,246
7,"('VNvb5oLOpLg_00921',)",0,239
7,"('VNvb5oLOpLg_00922',)",0,155
7,"('VNvb5oLOpLg_00923',)",0,245
35,"('VNvb5oLOpLg_00924',)",0,255
35,"('VNvb5oLOpLg_00925',)",0,466
35,"('VNvb5oLOpLg_00926',)",0,245
35,"('VNvb5oLOpLg_00927',)",0,247
35,"('VNvb5oLOpLg_00928',)",0,154
35,"('VNvb5oLOpLg_00929',)",0,268
35,"('VNvb5oLOpLg_00930',)",0,261
35,"('VNvb5oLOpLg_00931',)",0,104
35,"('VNvb5oLOpLg_00932',)",0,211
9,"('VNvb5oLOpLg_00933',)",0,207
9,"('VNvb5oLOpLg_00934',)",0,129
9,"('VNvb5oLOpLg_00935',)",0,258
9,"('VNvb5oLOpLg_00936',)",0,249
9,"('VNvb5oLOpLg_00937',)",0,483
9,"('VNvb5oLOpLg_00938',)",0,286
35,"('VNvb5oLOpLg_00939',)",0,287
35,"('VNvb5oLOpLg_00940',)",0,124
35,"('VNvb5oLOpLg_00941',)",0,237
35,"('VNvb5oLOpLg_00942',)",0,246
35,"('VNvb5oLOpLg_00943',)",0,186
35,"('VNvb5oLOpLg_00944',)",0,255
26,"('VNvb5oLOpLg_00945',)",0,230
26,"('VNvb5oLOpLg_00946',)",0,293
26,"('VNvb5oLOpLg_00947',)",0,285
21,"('VNvb5oLOpLg_00948',)",0,273
21,"('VNvb5oLOpLg_00949',)",0,140
21,"('VNvb5oLOpLg_00950',)",0,232
8,"('VNvb5oLOpLg_00951',)",0,225
8,"('VNvb5oLOpLg_00952',)",0,117
8,"('VNvb5oLOpLg_00953',)",0,218
44,"('VNvb5oLOpLg_00954',)",0,209
44,"('VNvb5oLOpLg_00955',)",0,137
44,"('VNvb5oLOpLg_00956',)",0,235
9,"('VNvb5oLOpLg_00957',)",0,242
9,"('VNvb5oLOpLg_00958',)",0,209
9,"('VNvb5oLOpLg_00959',)",0,231
44,"('VNvb5oLOpLg_00960',)",0,232
44,"('VNvb5oLOpLg_00961',)",0,119
44,"('VNvb5oLOpLg_00962',)",0,224
7,"('VNvb5oLOpLg_00963',)",0,236
7,"('VNvb5oLOpLg_00964',)",0,219
7,"('VNvb5oLOpLg_00965',)",0,250
26,"('VNvb5oLOpLg_00966',)",0,246
26,"('VNvb5oLOpLg_00967',)",0,119
26,"('VNvb5oLOpLg_00968',)",0,230
34,"('VNvb5oLOpLg_00969',)",0,231
34,"('VNvb5oLOpLg_00970',)",0,147
34,"('VNvb5oLOpLg_00971',)",0,274
7,"('VNvb5oLOpLg_00972',)",0,280
7,"('VNvb5oLOpLg_00973',)",0,237
7,"('VNvb5oLOpLg_00974',)",0,266
35,"('VNvb5oLOpLg_00975',)",0,277
35,"('VNvb5oLOpLg_00976',)",0,109
35,"('VNvb5oLOpLg_00977',)",0,213
35,"('VNvb5oLOpLg_00978',)",0,198
35,"('VNvb5oLOpLg_00979',)",0,182
35,"('VNvb5oLOpLg_00980',)",0,267
7,"('VNvb5oLOpLg_00981',)",0,258
7,"('VNvb5oLOpLg_00982',)",0,235
7,"('VNvb5oLOpLg_00983',)",0,271
7,"('VNvb5oLOpLg_00984',)",0,294
7,"('VNvb5oLOpLg_00985',)",0,159
7,"('VNvb5oLOpLg_00986',)",0,248
26,"('VNvb5oLOpLg_00987',)",0,265
26,"('VNvb5oLOpLg_00988',)",0,131
26,"('VNvb5oLOpLg_00989',)",0,256
35,"('VNvb5oLOpLg_00990',)",0,233
35,"('VNvb5oLOpLg_00991',)",0,166
35,"('VNvb5oLOpLg_00992',)",0,235
33,"('VNvb5oLOpLg_00993',)",0,222
33,"('VNvb5oLOpLg_00994',)",0,104
33,"('VNvb5oLOpLg_00995',)",0,219
44,"('VNvb5oLOpLg_00996',)",0,233
44,"('VNvb5oLOpLg_00997',)",0,147
44,"('VNvb5oLOpLg_00998',)",0,219
12,"('VNvb5oLOpLg_00999',)",0,203
12,"('VNvb5oLOpLg_01000',)",0,99
12,"('VNvb5oLOpLg_01001',)",0,209
9,"('VNvb5oLOpLg_01002',)",0,211
9,"('VNvb5oLOpLg_01003',)",0,140
9,"('VNvb5oLOpLg_01004',)",0,235
26,"('VNvb5oLOpLg_01005',)",0,245
26,"('VNvb5oLOpLg_01006',)",0,188
26,"('VNvb5oLOpLg_01007',)",0,290
44,"('VNvb5oLOpLg_01008',)",0,271
44,"('VNvb5oLOpLg_01009',)",0,102
44,"('VNvb5oLOpLg_01010',)",0,205
26,"('VNvb5oLOpLg_01011',)",0,211
26,"('VNvb5oLOpLg_01012',)",0,166
26,"('VNvb5oLOpLg_01013',)",0,245
12,"('VNvb5oLOpLg_01014',)",0,246
12,"('VNvb5oLOpLg_01015',)",0,107
12,"('VNvb5oLOpLg_01016',)",0,218
9,"('VNvb5oLOpLg_01017',)",0,224
9,"('VNvb5oLOpLg_01018',)",0,134
9,"('VNvb5oLOpLg_01019',)",0,237
9,"('VNvb5oLOpLg_01020',)",0,249
9,"('VNvb5oLOpLg_01021',)",0,160
7,"('VNvb5oLOpLg_01022',)",0,290
7,"('VNvb5oLOpLg_01023',)",0,270
7,"('VNvb5oLOpLg_01024',)",0,188
1,"('VNvb5oLOpLg_01025',)",0,255
1,"('VNvb5oLOpLg_01026',)",0,652
1,"('VNvb5oLOpLg_01027',)",0,225
7,"('VNvb5oLOpLg_01028',)",0,236
7,"('VNvb5oLOpLg_01029',)",0,136
7,"('VNvb5oLOpLg_01030',)",0,244
7,"('VNvb5oLOpLg_01031',)",0,238
7,"('VNvb5oLOpLg_01032',)",0,108
7,"('VNvb5oLOpLg_01033',)",0,221
7,"('VNvb5oLOpLg_01034',)",0,224
7,"('VNvb5oLOpLg_01035',)",0,181
7,"('VNvb5oLOpLg_01036',)",0,278
44,"('VNvb5oLOpLg_01037',)",0,264
44,"('VNvb5oLOpLg_01038',)",0,150
44,"('VNvb5oLOpLg_01039',)",0,271
35,"('VNvb5oLOpLg_01040',)",0,286
35,"('VNvb5oLOpLg_01041',)",0,110
35,"('VNvb5oLOpLg_01042',)",0,302
3,"('VNvb5oLOpLg_01043',)",0,291
3,"('VNvb5oLOpLg_01044',)",0,134
3,"('VNvb5oLOpLg_01045',)",0,266
26,"('VNvb5oLOpLg_01046',)",0,230
26,"('VNvb5oLOpLg_01047',)",0,130
26,"('VNvb5oLOpLg_01048',)",0,261
12,"('VNvb5oLOpLg_01049',)",0,240
12,"('VNvb5oLOpLg_01050',)",0,128
12,"('VNvb5oLOpLg_01051',)",0,217
14,"('VNvb5oLOpLg_01052',)",0,205
14,"('VNvb5oLOpLg_01053',)",0,143
14,"('VNvb5oLOpLg_01054',)",0,274
14,"('VNvb5oLOpLg_01055',)",0,260
14,"('VNvb5oLOpLg_01056',)",0,284
44,"('VNvb5oLOpLg_01057',)",0,352
44,"('VNvb5oLOpLg_01058',)",0,263
44,"('VNvb5oLOpLg_01059',)",0,401
7,"('VNvb5oLOpLg_01060',)",0,150
7,"('VNvb5oLOpLg_01061',)",0,292
7,"('VNvb5oLOpLg_01062',)",0,256
26,"('VNvb5oLOpLg_01063',)",0,332
26,"('VNvb5oLOpLg_01064',)",0,138
26,"('VNvb5oLOpLg_01065',)",0,258
27,"('VNvb5oLOpLg_01066',)",0,272
27,"('VNvb5oLOpLg_01067',)",0,426
27,"('VNvb5oLOpLg_01068',)",0,270
33,"('VNvb5oLOpLg_01069',)",0,312
33,"('VNvb5oLOpLg_01070',)",0,161
33,"('VNvb5oLOpLg_01071',)",0,294
26,"('VNvb5oLOpLg_01072',)",0,246
26,"('VNvb5oLOpLg_01073',)",0,175
26,"('VNvb5oLOpLg_01074',)",0,251
26,"('VNvb5oLOpLg_01075',)",0,281
26,"('VNvb5oLOpLg_01076',)",0,295
26,"('VNvb5oLOpLg_01077',)",0,232
9,"('VNvb5oLOpLg_01078',)",0,239
9,"('VNvb5oLOpLg_01079',)",0,151
9,"('VNvb5oLOpLg_01080',)",0,241
7,"('VNvb5oLOpLg_01081',)",0,258
7,"('VNvb5oLOpLg_01082',)",0,191
7,"('VNvb5oLOpLg_01083',)",0,281
5,"('VNvb5oLOpLg_01084',)",0,233
5,"('VNvb5oLOpLg_01085',)",0,167
5,"('VNvb5oLOpLg_01086',)",0,240
5,"('VNvb5oLOpLg_01087',)",0,236
5,"('VNvb5oLOpLg_01088',)",0,159
5,"('VNvb5oLOpLg_01089',)",0,270
5,"('VNvb5oLOpLg_01090',)",0,270
5,"('VNvb5oLOpLg_01091',)",0,295
5,"('VNvb5oLOpLg_01092',)",0,302
2,"('VNvb5oLOpLg_01093',)",0,290
2,"('VNvb5oLOpLg_01094',)",0,183
2,"('VNvb5oLOpLg_01095',)",0,308
44,"('VNvb5oLOpLg_01096',)",0,306
44,"('VNvb5oLOpLg_01097',)",0,137
44,"('VNvb5oLOpLg_01098',)",0,291
27,"('VNvb5oLOpLg_01099',)",0,296
27,"('VNvb5oLOpLg_01100',)",0,190
27,"('VNvb5oLOpLg_01101',)",0,321
26,"('VNvb5oLOpLg_01102',)",0,293
26,"('VNvb5oLOpLg_01103',)",0,229
26,"('VNvb5oLOpLg_01104',)",0,274
33,"('VNvb5oLOpLg_01105',)",0,263
33,"('VNvb5oLOpLg_01106',)",0,134
33,"('VNvb5oLOpLg_01107',)",0,263
35,"('VNvb5oLOpLg_01108',)",0,247
35,"('VNvb5oLOpLg_01109',)",0,131
35,"('VNvb5oLOpLg_01110',)",0,228
5,"('VNvb5oLOpLg_01111',)",0,228
5,"('VNvb5oLOpLg_01112',)",0,822
5,"('VNvb5oLOpLg_01113',)",0,242
1,"('VNvb5oLOpLg_01114',)",0,260
1,"('VNvb5oLOpLg_01115',)",0,149
1,"('VNvb5oLOpLg_01116',)",0,235
5,"('VNvb5oLOpLg_01117',)",0,247
5,"('VNvb5oLOpLg_01118',)",0,137
5,"('VNvb5oLOpLg_01119',)",0,273
5,"('VNvb5oLOpLg_01120',)",0,245
5,"('VNvb5oLOpLg_01121',)",0,212
5,"('VNvb5oLOpLg_01122',)",0,261
5,"('VNvb5oLOpLg_01123',)",0,274
5,"('VNvb5oLOpLg_01124',)",0,210
5,"('VNvb5oLOpLg_01125',)",0,272
35,"('VNvb5oLOpLg_01126',)",0,250
35,"('VNvb5oLOpLg_01127',)",0,150
35,"('VNvb5oLOpLg_01128',)",0,254
33,"('VNvb5oLOpLg_01129',)",0,259
33,"('VNvb5oLOpLg_01130',)",0,151
33,"('VNvb5oLOpLg_01131',)",0,288
5,"('VNvb5oLOpLg_01132',)",0,263
5,"('VNvb5oLOpLg_01133',)",0,308
5,"('VNvb5oLOpLg_01134',)",0,274
7,"('VNvb5oLOpLg_01135',)",0,260
7,"('VNvb5oLOpLg_01136',)",0,110
7,"('VNvb5oLOpLg_01137',)",0,272
21,"('VNvb5oLOpLg_01138',)",0,264
21,"('VNvb5oLOpLg_01139',)",0,117
21,"('VNvb5oLOpLg_01140',)",0,274
5,"('VNvb5oLOpLg_01141',)",0,257
5,"('VNvb5oLOpLg_01142',)",0,170
5,"('VNvb5oLOpLg_01143',)",0,265
5,"('VNvb5oLOpLg_01144',)",0,270
5,"('VNvb5oLOpLg_01145',)",0,270
5,"('VNvb5oLOpLg_01146',)",0,278
5,"('VNvb5oLOpLg_01147',)",0,282
5,"('VNvb5oLOpLg_01148',)",0,206
5,"('VNvb5oLOpLg_01149',)",0,303
5,"('VNvb5oLOpLg_01150',)",0,281
5,"('VNvb5oLOpLg_01151',)",0,332
5,"('VNvb5oLOpLg_01152',)",0,275
26,"('Q--70-ELqLw_00000',)",0,76
26,"('Q--70-ELqLw_00001',)",0,175
26,"('Q--70-ELqLw_00002',)",0,165
26,"('Q--70-ELqLw_00003',)",0,87
26,"('Q--70-ELqLw_00004',)",0,108
26,"('Q--70-ELqLw_00005',)",0,201
26,"('Q--70-ELqLw_00006',)",0,181
26,"('Q--70-ELqLw_00007',)",0,106
26,"('Q--70-ELqLw_00008',)",0,191
26,"('Q--70-ELqLw_00009',)",0,51
26,"('Q--70-ELqLw_00010',)",0,139
26,"('Q--70-ELqLw_00011',)",0,153
5,"('Q--70-ELqLw_00012',)",0,204
5,"('Q--70-ELqLw_00013',)",0,300
26,"('Q--70-ELqLw_00014',)",0,53
26,"('Q--70-ELqLw_00015',)",0,114
26,"('Q--70-ELqLw_00016',)",0,136
9,"('Q--70-ELqLw_00017',)",0,48
9,"('Q--70-ELqLw_00018',)",0,123
9,"('Q--70-ELqLw_00019',)",0,118
35,"('Q--70-ELqLw_00020',)",0,48
35,"('Q--70-ELqLw_00021',)",0,132
35,"('Q--70-ELqLw_00022',)",0,138
35,"('Q--70-ELqLw_00023',)",0,213
35,"('Q--70-ELqLw_00024',)",0,152
35,"('Q--70-ELqLw_00025',)",0,306
35,"('Q--70-ELqLw_00026',)",0,62
35,"('Q--70-ELqLw_00027',)",0,164
35,"('Q--70-ELqLw_00028',)",0,145
26,"('Q--70-ELqLw_00029',)",0,45
26,"('Q--70-ELqLw_00030',)",0,122
26,"('Q--70-ELqLw_00031',)",0,114
35,"('Q--70-ELqLw_00032',)",0,76
35,"('Q--70-ELqLw_00033',)",0,104
35,"('Q--70-ELqLw_00034',)",0,140
7,"('Q--70-ELqLw_00035',)",0,63
7,"('Q--70-ELqLw_00036',)",0,106
7,"('Q--70-ELqLw_00037',)",0,162
12,"('Q--70-ELqLw_00038',)",0,66
12,"('Q--70-ELqLw_00039',)",0,180
12,"('Q--70-ELqLw_00040',)",0,158
9,"('Q--70-ELqLw_00041',)",0,114
9,"('Q--70-ELqLw_00042',)",0,130
9,"('Q--70-ELqLw_00043',)",0,148
12,"('Q--70-ELqLw_00044',)",0,81
12,"('Q--70-ELqLw_00045',)",0,96
12,"('Q--70-ELqLw_00046',)",0,168
12,"('Q--70-ELqLw_00047',)",0,60
12,"('Q--70-ELqLw_00048',)",0,138
12,"('Q--70-ELqLw_00049',)",0,264
9,"('Q--70-ELqLw_00050',)",0,49
9,"('Q--70-ELqLw_00051',)",0,111
9,"('Q--70-ELqLw_00052',)",0,140
35,"('Q--70-ELqLw_00053',)",0,69
35,"('Q--70-ELqLw_00054',)",0,91
35,"('Q--70-ELqLw_00055',)",0,133
7,"('Q--70-ELqLw_00056',)",0,60
7,"('Q--70-ELqLw_00057',)",0,159
9,"('Q--70-ELqLw_00058',)",0,150
9,"('Q--70-ELqLw_00059',)",0,66
9,"('Q--70-ELqLw_00060',)",0,296
9,"('Q--70-ELqLw_00061',)",0,51
9,"('Q--70-ELqLw_00062',)",0,112
9,"('Q--70-ELqLw_00063',)",0,138
12,"('Q--70-ELqLw_00064',)",0,132
12,"('Q--70-ELqLw_00065',)",0,147
12,"('Q--70-ELqLw_00066',)",0,143
5,"('Q--70-ELqLw_00067',)",0,72
5,"('Q--70-ELqLw_00068',)",0,163
5,"('Q--70-ELqLw_00069',)",0,189
5,"('Q--70-ELqLw_00070',)",0,77
5,"('Q--70-ELqLw_00071',)",0,168
5,"('Q--70-ELqLw_00072',)",0,235
5,"('Q--70-ELqLw_00073',)",0,75
5,"('Q--70-ELqLw_00074',)",0,291
5,"('Q--70-ELqLw_00075',)",0,67
5,"('Q--70-ELqLw_00076',)",0,147
5,"('Q--70-ELqLw_00077',)",0,149
35,"('Q--70-ELqLw_00078',)",0,63
35,"('Q--70-ELqLw_00079',)",0,147
35,"('Q--70-ELqLw_00080',)",0,230
26,"('Q--70-ELqLw_00081',)",0,72
26,"('Q--70-ELqLw_00082',)",0,108
35,"('Q--70-ELqLw_00083',)",0,113
35,"('Q--70-ELqLw_00084',)",0,74
35,"('Q--70-ELqLw_00085',)",0,264
45,"('Q--70-ELqLw_00086',)",0,65
45,"('Q--70-ELqLw_00087',)",0,118
45,"('Q--70-ELqLw_00088',)",0,134
35,"('Q--70-ELqLw_00089',)",0,76
35,"('Q--70-ELqLw_00090',)",0,133
35,"('Q--70-ELqLw_00091',)",0,171
35,"('Q--70-ELqLw_00092',)",0,72
35,"('Q--70-ELqLw_00093',)",0,276
35,"('Q--70-ELqLw_00094',)",0,67
35,"('Q--70-ELqLw_00095',)",0,222
35,"('Q--70-ELqLw_00096',)",0,172
11,"('Q--70-ELqLw_00097',)",0,58
11,"('Q--70-ELqLw_00098',)",0,158
11,"('Q--70-ELqLw_00099',)",0,145
45,"('Q--70-ELqLw_00100',)",0,190
45,"('Q--70-ELqLw_00101',)",0,194
45,"('Q--70-ELqLw_00102',)",0,195
28,"('Q--70-ELqLw_00103',)",0,77
28,"('Q--70-ELqLw_00104',)",0,140
28,"('Q--70-ELqLw_00105',)",0,175
13,"('Q--70-ELqLw_00106',)",0,81
13,"('Q--70-ELqLw_00107',)",0,147
13,"('Q--70-ELqLw_00108',)",0,193
35,"('Q--70-ELqLw_00109',)",0,43
35,"('Q--70-ELqLw_00110',)",0,116
35,"('Q--70-ELqLw_00111',)",0,256
26,"('Q--70-ELqLw_00112',)",0,165
26,"('Q--70-ELqLw_00113',)",0,136
26,"('Q--70-ELqLw_00114',)",0,152
10,"('Q--70-ELqLw_00115',)",0,94
10,"('Q--70-ELqLw_00116',)",0,159
10,"('Q--70-ELqLw_00117',)",0,155
13,"('Q--70-ELqLw_00118',)",0,64
13,"('Q--70-ELqLw_00119',)",0,115
13,"('Q--70-ELqLw_00120',)",0,115
13,"('Q--70-ELqLw_00121',)",0,183
13,"('Q--70-ELqLw_00122',)",0,195
45,"('Q--70-ELqLw_00123',)",0,60
45,"('Q--70-ELqLw_00124',)",0,116
13,"('Q--70-ELqLw_00125',)",0,138
13,"('Q--70-ELqLw_00126',)",0,121
13,"('Q--70-ELqLw_00127',)",0,386
12,"('Q--70-ELqLw_00128',)",0,63
12,"('Q--70-ELqLw_00129',)",0,119
12,"('Q--70-ELqLw_00130',)",0,156
11,"('Q--70-ELqLw_00131',)",0,56
11,"('Q--70-ELqLw_00132',)",0,164
11,"('Q--70-ELqLw_00133',)",0,157
11,"('Q--70-ELqLw_00134',)",0,122
11,"('Q--70-ELqLw_00135',)",0,193
11,"('Q--70-ELqLw_00136',)",0,333
28,"('Q--70-ELqLw_00137',)",0,50
28,"('Q--70-ELqLw_00138',)",0,151
28,"('Q--70-ELqLw_00139',)",0,134
11,"('Q--70-ELqLw_00140',)",0,66
11,"('Q--70-ELqLw_00141',)",0,159
11,"('Q--70-ELqLw_00142',)",0,257
45,"('Q--70-ELqLw_00143',)",0,73
45,"('Q--70-ELqLw_00144',)",0,162
45,"('Q--70-ELqLw_00145',)",0,305
14,"('Q--70-ELqLw_00146',)",0,79
14,"('Q--70-ELqLw_00147',)",0,185
14,"('Q--70-ELqLw_00148',)",0,196
28,"('Q--70-ELqLw_00149',)",0,150
28,"('Q--70-ELqLw_00150',)",0,150
28,"('Q--70-ELqLw_00151',)",0,143
6,"('Q--70-ELqLw_00152',)",0,111
6,"('Q--70-ELqLw_00153',)",0,187
6,"('Q--70-ELqLw_00154',)",0,300
45,"('Q--70-ELqLw_00155',)",0,117
45,"('Q--70-ELqLw_00156',)",0,178
45,"('Q--70-ELqLw_00157',)",0,386
28,"('Q--70-ELqLw_00158',)",0,53
28,"('Q--70-ELqLw_00159',)",0,144
28,"('Q--70-ELqLw_00160',)",0,124
6,"('Q--70-ELqLw_00161',)",0,83
6,"('Q--70-ELqLw_00162',)",0,122
6,"('Q--70-ELqLw_00163',)",0,209
5,"('Q--70-ELqLw_00164',)",0,82
5,"('Q--70-ELqLw_00165',)",0,115
5,"('Q--70-ELqLw_00166',)",0,168
6,"('Q--70-ELqLw_00167',)",0,74
6,"('Q--70-ELqLw_00168',)",0,171
6,"('Q--70-ELqLw_00169',)",0,296
45,"('Q--70-ELqLw_00170',)",0,157
45,"('Q--70-ELqLw_00171',)",0,206
11,"('Q--70-ELqLw_00172',)",0,369
11,"('Q--70-ELqLw_00173',)",0,70
36,"('Q--70-ELqLw_00174',)",0,299
36,"('Q--70-ELqLw_00175',)",0,71
36,"('Q--70-ELqLw_00176',)",0,163
15,"('Q--70-ELqLw_00177',)",0,99
15,"('Q--70-ELqLw_00178',)",0,171
15,"('Q--70-ELqLw_00179',)",0,150
46,"('Q--70-ELqLw_00180',)",0,85
46,"('Q--70-ELqLw_00181',)",0,165
36,"('Q--70-ELqLw_00182',)",0,158
36,"('Q--70-ELqLw_00183',)",0,57
29,"('Q--70-ELqLw_00184',)",0,227
29,"('Q--70-ELqLw_00185',)",0,111
29,"('Q--70-ELqLw_00186',)",0,211
46,"('Q--70-ELqLw_00187',)",0,49
46,"('Q--70-ELqLw_00188',)",0,133
46,"('Q--70-ELqLw_00189',)",0,133
46,"('Q--70-ELqLw_00190',)",0,156
46,"('Q--70-ELqLw_00191',)",0,155
46,"('Q--70-ELqLw_00192',)",0,212
15,"('Q--70-ELqLw_00193',)",0,74
15,"('Q--70-ELqLw_00194',)",0,178
15,"('Q--70-ELqLw_00195',)",0,198
46,"('Q--70-ELqLw_00196',)",0,69
46,"('Q--70-ELqLw_00197',)",0,160
46,"('Q--70-ELqLw_00198',)",0,184
46,"('Q--70-ELqLw_00199',)",0,75
46,"('Q--70-ELqLw_00200',)",0,180
46,"('Q--70-ELqLw_00201',)",0,184
26,"('Q--70-ELqLw_00202',)",0,113
26,"('Q--70-ELqLw_00203',)",0,161
26,"('Q--70-ELqLw_00204',)",0,151
26,"('Q--70-ELqLw_00205',)",0,94
26,"('Q--70-ELqLw_00206',)",0,155
26,"('Q--70-ELqLw_00207',)",0,145
26,"('Q--70-ELqLw_00208',)",0,67
26,"('Q--70-ELqLw_00209',)",0,148
26,"('Q--70-ELqLw_00210',)",0,254
26,"('Q--70-ELqLw_00211',)",0,85
26,"('Q--70-ELqLw_00212',)",0,158
26,"('Q--70-ELqLw_00213',)",0,166
26,"('Q--70-ELqLw_00214',)",0,67
26,"('Q--70-ELqLw_00215',)",0,151
26,"('Q--70-ELqLw_00216',)",0,158
35,"('Q--70-ELqLw_00217',)",0,82
35,"('Q--70-ELqLw_00218',)",0,153
35,"('Q--70-ELqLw_00219',)",0,332
35,"('Q--70-ELqLw_00220',)",0,57
35,"('Q--70-ELqLw_00221',)",0,127
35,"('Q--70-ELqLw_00222',)",0,143
35,"('Q--70-ELqLw_00223',)",0,87
35,"('Q--70-ELqLw_00224',)",0,261
12,"('Q--70-ELqLw_00225',)",0,76
12,"('Q--70-ELqLw_00226',)",0,131
12,"('Q--70-ELqLw_00227',)",0,174
35,"('Q--70-ELqLw_00228',)",0,75
35,"('Q--70-ELqLw_00229',)",0,190
35,"('Q--70-ELqLw_00230',)",0,189
5,"('Q--70-ELqLw_00231',)",0,67
5,"('Q--70-ELqLw_00232',)",0,175
5,"('Q--70-ELqLw_00233',)",0,309
5,"('Q--70-ELqLw_00234',)",0,55
5,"('Q--70-ELqLw_00235',)",0,252
5,"('Q--70-ELqLw_00236',)",0,174
5,"('Q--70-ELqLw_00237',)",0,55
5,"('Q--70-ELqLw_00238',)",0,97
5,"('Q--70-ELqLw_00239',)",0,165
5,"('Q--70-ELqLw_00240',)",0,55
5,"('Q--70-ELqLw_00241',)",0,149
7,"('6wVdnLa3Tes_00000',)",0,121
7,"('6wVdnLa3Tes_00001',)",0,117
7,"('6wVdnLa3Tes_00002',)",0,85
33,"('6wVdnLa3Tes_00003',)",0,88
33,"('6wVdnLa3Tes_00004',)",0,130
33,"('6wVdnLa3Tes_00005',)",0,109
21,"('6wVdnLa3Tes_00006',)",0,123
21,"('6wVdnLa3Tes_00007',)",0,172
21,"('6wVdnLa3Tes_00008',)",0,88
21,"('6wVdnLa3Tes_00009',)",0,130
21,"('6wVdnLa3Tes_00010',)",0,158
21,"('6wVdnLa3Tes_00011',)",0,98
27,"('6wVdnLa3Tes_00012',)",0,117
27,"('6wVdnLa3Tes_00013',)",0,150
27,"('6wVdnLa3Tes_00014',)",0,191
33,"('6wVdnLa3Tes_00015',)",0,72
33,"('6wVdnLa3Tes_00016',)",0,177
33,"('6wVdnLa3Tes_00017',)",0,88
34,"('6wVdnLa3Tes_00018',)",0,83
34,"('6wVdnLa3Tes_00019',)",0,117
34,"('6wVdnLa3Tes_00020',)",0,74
7,"('6wVdnLa3Tes_00021',)",0,147
7,"('6wVdnLa3Tes_00022',)",0,124
7,"('6wVdnLa3Tes_00023',)",0,80
7,"('6wVdnLa3Tes_00024',)",0,73
33,"('6wVdnLa3Tes_00025',)",0,74
33,"('6wVdnLa3Tes_00026',)",0,173
33,"('6wVdnLa3Tes_00027',)",0,103
33,"('6wVdnLa3Tes_00028',)",0,67
33,"('6wVdnLa3Tes_00029',)",0,148
33,"('6wVdnLa3Tes_00030',)",0,72
33,"('6wVdnLa3Tes_00031',)",0,48
33,"('6wVdnLa3Tes_00032',)",0,130
33,"('6wVdnLa3Tes_00033',)",0,72
7,"('6wVdnLa3Tes_00034',)",0,100
7,"('6wVdnLa3Tes_00035',)",0,213
7,"('6wVdnLa3Tes_00036',)",0,160
34,"('6wVdnLa3Tes_00037',)",0,51
34,"('6wVdnLa3Tes_00038',)",0,138
34,"('6wVdnLa3Tes_00039',)",0,185
21,"('6wVdnLa3Tes_00040',)",0,62
21,"('6wVdnLa3Tes_00041',)",0,198
21,"('6wVdnLa3Tes_00042',)",0,48
7,"('6wVdnLa3Tes_00043',)",0,70
7,"('6wVdnLa3Tes_00044',)",0,153
7,"('6wVdnLa3Tes_00045',)",0,98
7,"('6wVdnLa3Tes_00046',)",0,57
7,"('6wVdnLa3Tes_00047',)",0,76
7,"('6wVdnLa3Tes_00048',)",0,170
7,"('6wVdnLa3Tes_00049',)",0,83
33,"('6wVdnLa3Tes_00050',)",0,204
33,"('6wVdnLa3Tes_00051',)",0,144
33,"('6wVdnLa3Tes_00052',)",0,126
33,"('6wVdnLa3Tes_00053',)",0,75
33,"('6wVdnLa3Tes_00054',)",0,26
33,"('6wVdnLa3Tes_00055',)",0,107
33,"('6wVdnLa3Tes_00056',)",0,107
21,"('6wVdnLa3Tes_00057',)",0,111
21,"('6wVdnLa3Tes_00058',)",0,163
21,"('6wVdnLa3Tes_00059',)",0,159
26,"('6wVdnLa3Tes_00060',)",0,66
26,"('6wVdnLa3Tes_00061',)",0,140
26,"('6wVdnLa3Tes_00062',)",0,84
43,"('6wVdnLa3Tes_00063',)",0,123
43,"('6wVdnLa3Tes_00064',)",0,191
43,"('6wVdnLa3Tes_00065',)",0,109
27,"('6wVdnLa3Tes_00066',)",0,124
27,"('6wVdnLa3Tes_00067',)",0,187
27,"('6wVdnLa3Tes_00068',)",0,137
7,"('6wVdnLa3Tes_00069',)",0,78
7,"('6wVdnLa3Tes_00070',)",0,185
7,"('6wVdnLa3Tes_00071',)",0,120
26,"('6wVdnLa3Tes_00072',)",0,60
26,"('6wVdnLa3Tes_00073',)",0,26
26,"('6wVdnLa3Tes_00074',)",0,134
26,"('6wVdnLa3Tes_00075',)",0,151
26,"('6wVdnLa3Tes_00076',)",0,69
26,"('6wVdnLa3Tes_00077',)",0,129
26,"('6wVdnLa3Tes_00078',)",0,98
26,"('6wVdnLa3Tes_00079',)",0,144
26,"('6wVdnLa3Tes_00080',)",0,172
26,"('6wVdnLa3Tes_00081',)",0,87
26,"('6wVdnLa3Tes_00082',)",0,134
26,"('6wVdnLa3Tes_00083',)",0,175
26,"('6wVdnLa3Tes_00084',)",0,102
7,"('6wVdnLa3Tes_00085',)",0,61
7,"('6wVdnLa3Tes_00086',)",0,144
7,"('6wVdnLa3Tes_00087',)",0,52
7,"('6wVdnLa3Tes_00088',)",0,123
27,"('6wVdnLa3Tes_00089',)",0,131
27,"('6wVdnLa3Tes_00090',)",0,166
27,"('6wVdnLa3Tes_00091',)",0,94
43,"('6wVdnLa3Tes_00092',)",0,82
43,"('6wVdnLa3Tes_00093',)",0,144
43,"('6wVdnLa3Tes_00094',)",0,145
27,"('6wVdnLa3Tes_00095',)",0,54
27,"('6wVdnLa3Tes_00096',)",0,151
27,"('6wVdnLa3Tes_00097',)",0,83
7,"('6wVdnLa3Tes_00098',)",0,75
7,"('6wVdnLa3Tes_00099',)",0,160
7,"('6wVdnLa3Tes_00100',)",0,180
26,"('6wVdnLa3Tes_00101',)",0,75
26,"('6wVdnLa3Tes_00102',)",0,142
26,"('6wVdnLa3Tes_00103',)",0,81
21,"('6wVdnLa3Tes_00104',)",0,81
21,"('6wVdnLa3Tes_00105',)",0,154
21,"('6wVdnLa3Tes_00106',)",0,151
26,"('6wVdnLa3Tes_00107',)",0,71
26,"('6wVdnLa3Tes_00108',)",0,127
26,"('6wVdnLa3Tes_00109',)",0,73
39,"('6wVdnLa3Tes_00110',)",0,141
39,"('6wVdnLa3Tes_00111',)",0,150
39,"('6wVdnLa3Tes_00112',)",0,90
43,"('6wVdnLa3Tes_00113',)",0,52
43,"('6wVdnLa3Tes_00114',)",0,145
43,"('6wVdnLa3Tes_00115',)",0,169
43,"('6wVdnLa3Tes_00116',)",0,76
43,"('6wVdnLa3Tes_00117',)",0,96
43,"('6wVdnLa3Tes_00118',)",0,78
26,"('6wVdnLa3Tes_00119',)",0,99
26,"('6wVdnLa3Tes_00120',)",0,181
26,"('6wVdnLa3Tes_00121',)",0,195
7,"('6wVdnLa3Tes_00122',)",0,192
7,"('6wVdnLa3Tes_00123',)",0,155
7,"('6wVdnLa3Tes_00124',)",0,116
43,"('6wVdnLa3Tes_00125',)",0,143
43,"('6wVdnLa3Tes_00126',)",0,227
43,"('6wVdnLa3Tes_00127',)",0,98
7,"('6wVdnLa3Tes_00128',)",0,60
7,"('6wVdnLa3Tes_00129',)",0,121
7,"('6wVdnLa3Tes_00130',)",0,90
7,"('6wVdnLa3Tes_00131',)",0,101
7,"('6wVdnLa3Tes_00132',)",0,138
7,"('6wVdnLa3Tes_00133',)",0,104
43,"('6wVdnLa3Tes_00134',)",0,65
43,"('6wVdnLa3Tes_00135',)",0,115
43,"('6wVdnLa3Tes_00136',)",0,100
7,"('6wVdnLa3Tes_00137',)",0,51
7,"('6wVdnLa3Tes_00138',)",0,124
7,"('6wVdnLa3Tes_00139',)",0,154
43,"('6wVdnLa3Tes_00140',)",0,107
43,"('6wVdnLa3Tes_00141',)",0,173
43,"('6wVdnLa3Tes_00142',)",0,88
7,"('6wVdnLa3Tes_00143',)",0,62
7,"('6wVdnLa3Tes_00144',)",0,149
7,"('6wVdnLa3Tes_00145',)",0,93
33,"('6wVdnLa3Tes_00146',)",0,66
33,"('6wVdnLa3Tes_00147',)",0,150
33,"('6wVdnLa3Tes_00148',)",0,129
43,"('6wVdnLa3Tes_00149',)",0,56
43,"('6wVdnLa3Tes_00150',)",0,114
43,"('6wVdnLa3Tes_00151',)",0,63
26,"('6wVdnLa3Tes_00152',)",0,100
26,"('6wVdnLa3Tes_00153',)",0,123
26,"('6wVdnLa3Tes_00154',)",0,183
43,"('6wVdnLa3Tes_00155',)",0,112
43,"('6wVdnLa3Tes_00156',)",0,133
43,"('6wVdnLa3Tes_00157',)",0,183
26,"('6wVdnLa3Tes_00158',)",0,91
26,"('6wVdnLa3Tes_00159',)",0,194
7,"('6wVdnLa3Tes_00160',)",0,83
7,"('6wVdnLa3Tes_00161',)",0,171
7,"('6wVdnLa3Tes_00162',)",0,212
7,"('6wVdnLa3Tes_00163',)",0,92
26,"('6wVdnLa3Tes_00164',)",0,78
26,"('6wVdnLa3Tes_00165',)",0,125
26,"('6wVdnLa3Tes_00166',)",0,155
26,"('6wVdnLa3Tes_00167',)",0,129
26,"('6wVdnLa3Tes_00168',)",0,158
26,"('6wVdnLa3Tes_00169',)",0,87
7,"('6wVdnLa3Tes_00170',)",0,54
7,"('6wVdnLa3Tes_00171',)",0,75
7,"('6wVdnLa3Tes_00172',)",0,129
7,"('6wVdnLa3Tes_00173',)",0,91
33,"('6wVdnLa3Tes_00174',)",0,39
33,"('6wVdnLa3Tes_00175',)",0,109
33,"('6wVdnLa3Tes_00176',)",0,101
43,"('6wVdnLa3Tes_00177',)",0,94
43,"('6wVdnLa3Tes_00178',)",0,164
43,"('6wVdnLa3Tes_00179',)",0,95
33,"('6wVdnLa3Tes_00180',)",0,99
33,"('6wVdnLa3Tes_00181',)",0,162
33,"('6wVdnLa3Tes_00182',)",0,257
43,"('6wVdnLa3Tes_00183',)",0,78
43,"('6wVdnLa3Tes_00184',)",0,140
43,"('6wVdnLa3Tes_00185',)",0,144
43,"('6wVdnLa3Tes_00186',)",0,94
43,"('6wVdnLa3Tes_00187',)",0,134
43,"('6wVdnLa3Tes_00188',)",0,123
33,"('6wVdnLa3Tes_00189',)",0,83
33,"('6wVdnLa3Tes_00190',)",0,176
33,"('6wVdnLa3Tes_00191',)",0,116
43,"('6wVdnLa3Tes_00192',)",0,60
43,"('6wVdnLa3Tes_00193',)",0,131
43,"('6wVdnLa3Tes_00194',)",0,164
26,"('6wVdnLa3Tes_00195',)",0,68
26,"('6wVdnLa3Tes_00196',)",0,148
26,"('6wVdnLa3Tes_00197',)",0,103
43,"('6wVdnLa3Tes_00198',)",0,89
43,"('6wVdnLa3Tes_00199',)",0,145
43,"('6wVdnLa3Tes_00200',)",0,158
43,"('6wVdnLa3Tes_00201',)",0,86
26,"('6wVdnLa3Tes_00202',)",0,141
26,"('6wVdnLa3Tes_00203',)",0,167
26,"('6wVdnLa3Tes_00204',)",0,203
21,"('6wVdnLa3Tes_00205',)",0,43
21,"('6wVdnLa3Tes_00206',)",0,137
21,"('6wVdnLa3Tes_00207',)",0,51
43,"('6wVdnLa3Tes_00208',)",0,101
43,"('6wVdnLa3Tes_00209',)",0,185
43,"('6wVdnLa3Tes_00210',)",0,179
33,"('6wVdnLa3Tes_00211',)",0,66
33,"('6wVdnLa3Tes_00212',)",0,164
33,"('6wVdnLa3Tes_00213',)",0,120
33,"('6wVdnLa3Tes_00214',)",0,84
33,"('6wVdnLa3Tes_00215',)",0,122
33,"('6wVdnLa3Tes_00216',)",0,101
43,"('6wVdnLa3Tes_00217',)",0,58
43,"('6wVdnLa3Tes_00218',)",0,152
43,"('6wVdnLa3Tes_00219',)",0,103
33,"('6wVdnLa3Tes_00220',)",0,41
33,"('6wVdnLa3Tes_00221',)",0,80
33,"('6wVdnLa3Tes_00222',)",0,123
33,"('6wVdnLa3Tes_00223',)",0,88
21,"('6wVdnLa3Tes_00224',)",0,86
21,"('6wVdnLa3Tes_00225',)",0,107
21,"('6wVdnLa3Tes_00226',)",0,128
7,"('6wVdnLa3Tes_00227',)",0,88
7,"('6wVdnLa3Tes_00228',)",0,173
7,"('6wVdnLa3Tes_00229',)",0,92
33,"('6wVdnLa3Tes_00230',)",0,182
33,"('6wVdnLa3Tes_00231',)",0,210
33,"('6wVdnLa3Tes_00232',)",0,106
21,"('6wVdnLa3Tes_00233',)",0,89
21,"('6wVdnLa3Tes_00234',)",0,178
21,"('6wVdnLa3Tes_00235',)",0,97
24,"('6wVdnLa3Tes_00236',)",0,134
24,"('6wVdnLa3Tes_00237',)",0,157
24,"('6wVdnLa3Tes_00238',)",0,108
21,"('6wVdnLa3Tes_00239',)",0,119
21,"('6wVdnLa3Tes_00240',)",0,143
21,"('6wVdnLa3Tes_00241',)",0,142
21,"('6wVdnLa3Tes_00242',)",0,163
21,"('6wVdnLa3Tes_00243',)",0,159
21,"('6wVdnLa3Tes_00244',)",0,156
21,"('6wVdnLa3Tes_00245',)",0,70
21,"('6wVdnLa3Tes_00246',)",0,131
21,"('6wVdnLa3Tes_00247',)",0,113
21,"('6wVdnLa3Tes_00248',)",0,95
21,"('6wVdnLa3Tes_00249',)",0,142
21,"('6wVdnLa3Tes_00250',)",0,88
39,"('6wVdnLa3Tes_00251',)",0,106
39,"('6wVdnLa3Tes_00252',)",0,178
39,"('6wVdnLa3Tes_00253',)",0,140
21,"('6wVdnLa3Tes_00254',)",0,56
21,"('6wVdnLa3Tes_00255',)",0,154
21,"('6wVdnLa3Tes_00256',)",0,89
7,"('6wVdnLa3Tes_00257',)",0,36
7,"('6wVdnLa3Tes_00258',)",0,95
7,"('6wVdnLa3Tes_00259',)",0,114
7,"('6wVdnLa3Tes_00260',)",0,66
33,"('6wVdnLa3Tes_00261',)",0,80
33,"('6wVdnLa3Tes_00262',)",0,161
33,"('6wVdnLa3Tes_00263',)",0,102
21,"('6wVdnLa3Tes_00264',)",0,118
21,"('6wVdnLa3Tes_00265',)",0,190
21,"('6wVdnLa3Tes_00266',)",0,139
43,"('6wVdnLa3Tes_00267',)",0,66
43,"('6wVdnLa3Tes_00268',)",0,136
43,"('6wVdnLa3Tes_00269',)",0,93
21,"('6wVdnLa3Tes_00270',)",0,103
21,"('6wVdnLa3Tes_00271',)",0,34
21,"('6wVdnLa3Tes_00272',)",0,107
21,"('6wVdnLa3Tes_00273',)",0,166
21,"('6wVdnLa3Tes_00274',)",0,73
15,"('eN8umEok9U8_00000',)",0,84
15,"('eN8umEok9U8_00001',)",0,158
36,"('eN8umEok9U8_00002',)",0,34
36,"('eN8umEok9U8_00003',)",0,64
36,"('eN8umEok9U8_00004',)",0,124
36,"('eN8umEok9U8_00005',)",0,164
16,"('eN8umEok9U8_00006',)",0,158
16,"('eN8umEok9U8_00007',)",0,85
15,"('eN8umEok9U8_00008',)",0,98
15,"('eN8umEok9U8_00009',)",0,75
15,"('eN8umEok9U8_00010',)",0,116
15,"('eN8umEok9U8_00011',)",0,118
15,"('eN8umEok9U8_00012',)",0,176
36,"('eN8umEok9U8_00013',)",0,110
36,"('eN8umEok9U8_00014',)",0,145
36,"('eN8umEok9U8_00015',)",0,108
36,"('eN8umEok9U8_00016',)",0,148
29,"('eN8umEok9U8_00017',)",0,100
29,"('eN8umEok9U8_00018',)",0,147
29,"('eN8umEok9U8_00019',)",0,150
15,"('eN8umEok9U8_00020',)",0,105
15,"('eN8umEok9U8_00021',)",0,137
0,"('eN8umEok9U8_00022',)",0,119
0,"('eN8umEok9U8_00023',)",0,137
19,"('eN8umEok9U8_00024',)",0,94
19,"('eN8umEok9U8_00025',)",0,146
29,"('eN8umEok9U8_00026',)",0,45
29,"('eN8umEok9U8_00027',)",0,78
29,"('eN8umEok9U8_00028',)",0,91
36,"('eN8umEok9U8_00029',)",0,70
36,"('eN8umEok9U8_00030',)",0,103
36,"('eN8umEok9U8_00031',)",0,62
36,"('eN8umEok9U8_00032',)",0,115
19,"('eN8umEok9U8_00033',)",0,128
19,"('eN8umEok9U8_00034',)",0,180
36,"('eN8umEok9U8_00035',)",0,74
36,"('eN8umEok9U8_00036',)",0,105
19,"('eN8umEok9U8_00037',)",0,86
19,"('eN8umEok9U8_00038',)",0,165
19,"('eN8umEok9U8_00039',)",0,145
19,"('eN8umEok9U8_00040',)",0,168
36,"('eN8umEok9U8_00041',)",0,162
36,"('eN8umEok9U8_00042',)",0,123
0,"('eN8umEok9U8_00043',)",0,52
0,"('eN8umEok9U8_00044',)",0,86
17,"('eN8umEok9U8_00045',)",0,66
17,"('eN8umEok9U8_00046',)",0,97
36,"('eN8umEok9U8_00047',)",0,75
36,"('eN8umEok9U8_00048',)",0,138
15,"('eN8umEok9U8_00049',)",0,147
15,"('eN8umEok9U8_00050',)",0,124
47,"('eN8umEok9U8_00051',)",0,75
47,"('eN8umEok9U8_00052',)",0,120
46,"('eN8umEok9U8_00053',)",0,118
46,"('eN8umEok9U8_00054',)",0,154
0,"('eN8umEok9U8_00055',)",0,143
0,"('eN8umEok9U8_00056',)",0,207
19,"('eN8umEok9U8_00057',)",0,126
19,"('eN8umEok9U8_00058',)",0,115
19,"('eN8umEok9U8_00059',)",0,54
36,"('eN8umEok9U8_00060',)",0,172
36,"('eN8umEok9U8_00061',)",0,187
46,"('eN8umEok9U8_00062',)",0,121
46,"('eN8umEok9U8_00063',)",0,168
46,"('eN8umEok9U8_00064',)",0,206
46,"('eN8umEok9U8_00065',)",0,257
15,"('eN8umEok9U8_00066',)",0,119
15,"('eN8umEok9U8_00067',)",0,79
32,"('eN8umEok9U8_00068',)",0,86
32,"('eN8umEok9U8_00069',)",0,89
36,"('eN8umEok9U8_00070',)",0,68
36,"('eN8umEok9U8_00071',)",0,110
15,"('eN8umEok9U8_00072',)",0,187
15,"('eN8umEok9U8_00073',)",0,104
15,"('eN8umEok9U8_00074',)",0,99
15,"('eN8umEok9U8_00075',)",0,133
36,"('eN8umEok9U8_00076',)",0,114
36,"('eN8umEok9U8_00077',)",0,135
36,"('eN8umEok9U8_00078',)",0,72
36,"('eN8umEok9U8_00079',)",0,99
19,"('eN8umEok9U8_00080',)",0,142
19,"('eN8umEok9U8_00081',)",0,155
16,"('eN8umEok9U8_00082',)",0,76
16,"('eN8umEok9U8_00083',)",0,109
36,"('eN8umEok9U8_00084',)",0,78
36,"('eN8umEok9U8_00085',)",0,92
7,"('eN8umEok9U8_00086',)",0,203
7,"('eN8umEok9U8_00087',)",0,136
27,"('eN8umEok9U8_00088',)",0,74
27,"('eN8umEok9U8_00089',)",0,141
0,"('eN8umEok9U8_00090',)",0,73
0,"('eN8umEok9U8_00091',)",0,120
34,"('eN8umEok9U8_00092',)",0,31
34,"('eN8umEok9U8_00093',)",0,66
31,"('eN8umEok9U8_00094',)",0,97
31,"('eN8umEok9U8_00095',)",0,108
31,"('eN8umEok9U8_00096',)",0,70
31,"('eN8umEok9U8_00097',)",0,104
0,"('eN8umEok9U8_00098',)",0,181
0,"('eN8umEok9U8_00099',)",0,172
15,"('eN8umEok9U8_00100',)",0,103
15,"('eN8umEok9U8_00101',)",0,148
15,"('eN8umEok9U8_00102',)",0,65
15,"('eN8umEok9U8_00103',)",0,129
31,"('eN8umEok9U8_00104',)",0,158
31,"('eN8umEok9U8_00105',)",0,98
34,"('eN8umEok9U8_00106',)",0,83
34,"('eN8umEok9U8_00107',)",0,164
46,"('eN8umEok9U8_00108',)",0,98
46,"('eN8umEok9U8_00109',)",0,95
8,"('eN8umEok9U8_00110',)",0,92
8,"('eN8umEok9U8_00111',)",0,192
24,"('eN8umEok9U8_00112',)",0,79
24,"('eN8umEok9U8_00113',)",0,79
31,"('eN8umEok9U8_00114',)",0,59
31,"('eN8umEok9U8_00115',)",0,103
31,"('eN8umEok9U8_00116',)",0,92
31,"('eN8umEok9U8_00117',)",0,143
25,"('eN8umEok9U8_00118',)",0,65
25,"('eN8umEok9U8_00119',)",0,83
31,"('eN8umEok9U8_00120',)",0,68
31,"('eN8umEok9U8_00121',)",0,111
4,"('eN8umEok9U8_00122',)",0,60
4,"('eN8umEok9U8_00123',)",0,88
31,"('eN8umEok9U8_00124',)",0,45
31,"('eN8umEok9U8_00125',)",0,31
31,"('eN8umEok9U8_00126',)",0,81
31,"('eN8umEok9U8_00127',)",0,28
44,"('eN8umEok9U8_00128',)",0,87
44,"('eN8umEok9U8_00129',)",0,128
34,"('eN8umEok9U8_00130',)",0,68
34,"('eN8umEok9U8_00131',)",0,94
8,"('eN8umEok9U8_00132',)",0,59
8,"('eN8umEok9U8_00133',)",0,107
24,"('eN8umEok9U8_00134',)",0,71
24,"('eN8umEok9U8_00135',)",0,114
17,"('eN8umEok9U8_00136',)",0,51
17,"('eN8umEok9U8_00137',)",0,74
24,"('eN8umEok9U8_00138',)",0,127
24,"('eN8umEok9U8_00139',)",0,123
34,"('eN8umEok9U8_00140',)",0,91
34,"('eN8umEok9U8_00141',)",0,114
34,"('eN8umEok9U8_00142',)",0,68
34,"('eN8umEok9U8_00143',)",0,103
0,"('eN8umEok9U8_00144',)",0,115
0,"('eN8umEok9U8_00145',)",0,180
0,"('eN8umEok9U8_00146',)",0,87
0,"('eN8umEok9U8_00147',)",0,117
24,"('eN8umEok9U8_00148',)",0,161
24,"('eN8umEok9U8_00149',)",0,141
27,"('eN8umEok9U8_00150',)",0,79
27,"('eN8umEok9U8_00151',)",0,30
27,"('eN8umEok9U8_00152',)",0,53
25,"('eN8umEok9U8_00153',)",0,123
25,"('eN8umEok9U8_00154',)",0,99
18,"('eN8umEok9U8_00155',)",0,162
18,"('eN8umEok9U8_00156',)",0,170
32,"('eN8umEok9U8_00157',)",0,60
32,"('eN8umEok9U8_00158',)",0,71
0,"('eN8umEok9U8_00159',)",0,61
0,"('eN8umEok9U8_00160',)",0,95
24,"('eN8umEok9U8_00161',)",0,109
24,"('eN8umEok9U8_00162',)",0,121
3,"('eN8umEok9U8_00163',)",0,106
3,"('eN8umEok9U8_00164',)",0,167
4,"('eN8umEok9U8_00165',)",0,133
4,"('eN8umEok9U8_00166',)",0,80
24,"('eN8umEok9U8_00167',)",0,141
24,"('eN8umEok9U8_00168',)",0,119
32,"('eN8umEok9U8_00169',)",0,130
32,"('eN8umEok9U8_00170',)",0,137
46,"('eN8umEok9U8_00171',)",0,106
46,"('eN8umEok9U8_00172',)",0,129
21,"('eN8umEok9U8_00173',)",0,110
21,"('eN8umEok9U8_00174',)",0,160
8,"('eN8umEok9U8_00175',)",0,83
8,"('eN8umEok9U8_00176',)",0,118
44,"('eN8umEok9U8_00177',)",0,137
44,"('eN8umEok9U8_00178',)",0,133
31,"('eN8umEok9U8_00179',)",0,81
31,"('eN8umEok9U8_00180',)",0,147
21,"('eN8umEok9U8_00181',)",0,102
21,"('eN8umEok9U8_00182',)",0,107
24,"('eN8umEok9U8_00183',)",0,154
24,"('eN8umEok9U8_00184',)",0,127
24,"('eN8umEok9U8_00185',)",0,46
44,"('eN8umEok9U8_00186',)",0,56
44,"('eN8umEok9U8_00187',)",0,52
8,"('eN8umEok9U8_00188',)",0,59
8,"('eN8umEok9U8_00189',)",0,83
34,"('eN8umEok9U8_00190',)",0,85
34,"('eN8umEok9U8_00191',)",0,129
7,"('eN8umEok9U8_00192',)",0,96
7,"('eN8umEok9U8_00193',)",0,124
0,"('eN8umEok9U8_00194',)",0,176
0,"('eN8umEok9U8_00195',)",0,78
8,"('eN8umEok9U8_00196',)",0,96
8,"('eN8umEok9U8_00197',)",0,108
24,"('eN8umEok9U8_00198',)",0,75
24,"('eN8umEok9U8_00199',)",0,114
4,"('eN8umEok9U8_00200',)",0,195
4,"('eN8umEok9U8_00201',)",0,127
24,"('eN8umEok9U8_00202',)",0,104
24,"('eN8umEok9U8_00203',)",0,167
34,"('eN8umEok9U8_00204',)",0,113
34,"('eN8umEok9U8_00205',)",0,139
0,"('eN8umEok9U8_00206',)",0,74
0,"('eN8umEok9U8_00207',)",0,106
0,"('eN8umEok9U8_00208',)",0,141
0,"('eN8umEok9U8_00209',)",0,158
19,"('5V-dKBtmKLI_00000',)",0,151
19,"('5V-dKBtmKLI_00001',)",0,196
36,"('5V-dKBtmKLI_00002',)",0,173
36,"('5V-dKBtmKLI_00003',)",0,158
36,"('5V-dKBtmKLI_00004',)",0,75
36,"('5V-dKBtmKLI_00005',)",0,168
36,"('5V-dKBtmKLI_00006',)",0,68
36,"('5V-dKBtmKLI_00007',)",0,160
19,"('5V-dKBtmKLI_00008',)",0,52
19,"('5V-dKBtmKLI_00009',)",0,105
19,"('5V-dKBtmKLI_00010',)",0,46
19,"('5V-dKBtmKLI_00011',)",0,136
29,"('5V-dKBtmKLI_00012',)",0,122
29,"('5V-dKBtmKLI_00013',)",0,97
46,"('5V-dKBtmKLI_00014',)",0,59
46,"('5V-dKBtmKLI_00015',)",0,176
46,"('5V-dKBtmKLI_00016',)",0,184
46,"('5V-dKBtmKLI_00017',)",0,198
0,"('5V-dKBtmKLI_00018',)",0,55
0,"('5V-dKBtmKLI_00019',)",0,75
15,"('5V-dKBtmKLI_00020',)",0,87
15,"('5V-dKBtmKLI_00021',)",0,187
36,"('5V-dKBtmKLI_00022',)",0,189
36,"('5V-dKBtmKLI_00023',)",0,167
15,"('5V-dKBtmKLI_00024',)",0,400
15,"('5V-dKBtmKLI_00025',)",0,193
36,"('5V-dKBtmKLI_00026',)",0,65
36,"('5V-dKBtmKLI_00027',)",0,152
36,"('5V-dKBtmKLI_00028',)",0,124
36,"('5V-dKBtmKLI_00029',)",0,100
36,"('5V-dKBtmKLI_00030',)",0,53
36,"('5V-dKBtmKLI_00031',)",0,186
35,"('5V-dKBtmKLI_00032',)",0,45
35,"('5V-dKBtmKLI_00033',)",0,135
28,"('5V-dKBtmKLI_00034',)",0,84
28,"('5V-dKBtmKLI_00035',)",0,196
5,"('5V-dKBtmKLI_00036',)",0,59
5,"('5V-dKBtmKLI_00037',)",0,92
35,"('5V-dKBtmKLI_00038',)",0,174
35,"('5V-dKBtmKLI_00039',)",0,122
45,"('5V-dKBtmKLI_00040',)",0,54
45,"('5V-dKBtmKLI_00041',)",0,89
28,"('5V-dKBtmKLI_00042',)",0,100
28,"('5V-dKBtmKLI_00043',)",0,215
12,"('5V-dKBtmKLI_00044',)",0,62
12,"('5V-dKBtmKLI_00045',)",0,174
12,"('5V-dKBtmKLI_00046',)",0,209
12,"('5V-dKBtmKLI_00047',)",0,150
12,"('5V-dKBtmKLI_00048',)",0,104
12,"('5V-dKBtmKLI_00049',)",0,190
11,"('5V-dKBtmKLI_00050',)",0,163
11,"('5V-dKBtmKLI_00051',)",0,153
28,"('5V-dKBtmKLI_00052',)",0,112
28,"('5V-dKBtmKLI_00053',)",0,215
11,"('5V-dKBtmKLI_00054',)",0,158
11,"('5V-dKBtmKLI_00055',)",0,159
11,"('5V-dKBtmKLI_00056',)",0,184
11,"('5V-dKBtmKLI_00057',)",0,190
21,"('5V-dKBtmKLI_00058',)",0,105
21,"('5V-dKBtmKLI_00059',)",0,193
45,"('5V-dKBtmKLI_00060',)",0,52
45,"('5V-dKBtmKLI_00061',)",0,135
45,"('5V-dKBtmKLI_00062',)",0,84
45,"('5V-dKBtmKLI_00063',)",0,146
45,"('5V-dKBtmKLI_00064',)",0,42
45,"('5V-dKBtmKLI_00065',)",0,130
6,"('5V-dKBtmKLI_00066',)",0,56
6,"('5V-dKBtmKLI_00067',)",0,75
6,"('5V-dKBtmKLI_00068',)",0,180
6,"('5V-dKBtmKLI_00069',)",0,217
6,"('5V-dKBtmKLI_00070',)",0,60
6,"('5V-dKBtmKLI_00071',)",0,213
26,"('5V-dKBtmKLI_00072',)",0,55
26,"('5V-dKBtmKLI_00073',)",0,143
29,"('5V-dKBtmKLI_00074',)",0,84
29,"('5V-dKBtmKLI_00075',)",0,115
23,"('5V-dKBtmKLI_00076',)",0,46
23,"('5V-dKBtmKLI_00077',)",0,138
6,"('5V-dKBtmKLI_00078',)",0,58
6,"('5V-dKBtmKLI_00079',)",0,111
45,"('5V-dKBtmKLI_00080',)",0,189
45,"('5V-dKBtmKLI_00081',)",0,184
28,"('5V-dKBtmKLI_00082',)",0,49
28,"('5V-dKBtmKLI_00083',)",0,126
28,"('5V-dKBtmKLI_00084',)",0,84
0,"('5V-dKBtmKLI_00085',)",0,80
0,"('5V-dKBtmKLI_00086',)",0,89
15,"('5V-dKBtmKLI_00087',)",0,63
15,"('5V-dKBtmKLI_00088',)",0,186
36,"('5V-dKBtmKLI_00089',)",0,129
36,"('5V-dKBtmKLI_00090',)",0,206
15,"('5V-dKBtmKLI_00091',)",0,214
15,"('5V-dKBtmKLI_00092',)",0,208
36,"('5V-dKBtmKLI_00093',)",0,251
36,"('5V-dKBtmKLI_00094',)",0,189
36,"('5V-dKBtmKLI_00095',)",0,366
36,"('5V-dKBtmKLI_00096',)",0,27
36,"('5V-dKBtmKLI_00097',)",0,98
28,"('5V-dKBtmKLI_00098',)",0,83
28,"('5V-dKBtmKLI_00099',)",0,181
12,"('5V-dKBtmKLI_00100',)",0,59
12,"('5V-dKBtmKLI_00101',)",0,170
12,"('5V-dKBtmKLI_00102',)",0,87
12,"('5V-dKBtmKLI_00103',)",0,205
12,"('5V-dKBtmKLI_00104',)",0,308
12,"('5V-dKBtmKLI_00105',)",0,186
11,"('5V-dKBtmKLI_00106',)",0,173
11,"('5V-dKBtmKLI_00107',)",0,396
11,"('5V-dKBtmKLI_00108',)",0,36
19,"('5V-dKBtmKLI_00109',)",0,199
19,"('5V-dKBtmKLI_00110',)",0,181
36,"('5V-dKBtmKLI_00111',)",0,114
36,"('5V-dKBtmKLI_00112',)",0,140
36,"('5V-dKBtmKLI_00113',)",0,48
36,"('5V-dKBtmKLI_00114',)",0,161
19,"('5V-dKBtmKLI_00115',)",0,60
19,"('5V-dKBtmKLI_00116',)",0,136
19,"('5V-dKBtmKLI_00117',)",0,125
19,"('5V-dKBtmKLI_00118',)",0,177
29,"('5V-dKBtmKLI_00119',)",0,70
29,"('5V-dKBtmKLI_00120',)",0,109
46,"('5V-dKBtmKLI_00121',)",0,54
46,"('5V-dKBtmKLI_00122',)",0,107
46,"('5V-dKBtmKLI_00123',)",0,62
46,"('5V-dKBtmKLI_00124',)",0,165
46,"('5V-dKBtmKLI_00125',)",0,63
46,"('5V-dKBtmKLI_00126',)",0,164
35,"('5V-dKBtmKLI_00127',)",0,67
35,"('5V-dKBtmKLI_00128',)",0,201
28,"('5V-dKBtmKLI_00129',)",0,110
28,"('5V-dKBtmKLI_00130',)",0,164
5,"('5V-dKBtmKLI_00131',)",0,114
5,"('5V-dKBtmKLI_00132',)",0,193
35,"('5V-dKBtmKLI_00133',)",0,68
35,"('5V-dKBtmKLI_00134',)",0,108
35,"('5V-dKBtmKLI_00135',)",0,47
8,"('iv0Gu1VXAgc_00000',)",0,93
8,"('iv0Gu1VXAgc_00001',)",0,126
8,"('iv0Gu1VXAgc_00002',)",0,162
21,"('iv0Gu1VXAgc_00003',)",0,111
21,"('iv0Gu1VXAgc_00004',)",0,119
21,"('iv0Gu1VXAgc_00005',)",0,167
2,"('iv0Gu1VXAgc_00006',)",0,61
2,"('iv0Gu1VXAgc_00007',)",0,151
2,"('iv0Gu1VXAgc_00008',)",0,80
33,"('iv0Gu1VXAgc_00009',)",0,119
33,"('iv0Gu1VXAgc_00010',)",0,126
33,"('iv0Gu1VXAgc_00011',)",0,90
21,"('iv0Gu1VXAgc_00012',)",0,123
21,"('iv0Gu1VXAgc_00013',)",0,120
21,"('iv0Gu1VXAgc_00014',)",0,187
24,"('iv0Gu1VXAgc_00015',)",0,155
24,"('iv0Gu1VXAgc_00016',)",0,135
24,"('iv0Gu1VXAgc_00017',)",0,171
34,"('iv0Gu1VXAgc_00018',)",0,162
34,"('iv0Gu1VXAgc_00019',)",0,131
34,"('iv0Gu1VXAgc_00020',)",0,160
33,"('iv0Gu1VXAgc_00021',)",0,89
33,"('iv0Gu1VXAgc_00022',)",0,181
33,"('iv0Gu1VXAgc_00023',)",0,114
7,"('iv0Gu1VXAgc_00024',)",0,50
7,"('iv0Gu1VXAgc_00025',)",0,92
7,"('iv0Gu1VXAgc_00026',)",0,112
24,"('iv0Gu1VXAgc_00027',)",0,97
24,"('iv0Gu1VXAgc_00028',)",0,101
24,"('iv0Gu1VXAgc_00029',)",0,177
33,"('iv0Gu1VXAgc_00030',)",0,89
33,"('iv0Gu1VXAgc_00031',)",0,116
33,"('iv0Gu1VXAgc_00032',)",0,98
27,"('iv0Gu1VXAgc_00033',)",0,70
27,"('iv0Gu1VXAgc_00034',)",0,107
27,"('iv0Gu1VXAgc_00035',)",0,143
33,"('iv0Gu1VXAgc_00036',)",0,194
33,"('iv0Gu1VXAgc_00037',)",0,172
33,"('iv0Gu1VXAgc_00038',)",0,89
8,"('iv0Gu1VXAgc_00039',)",0,96
8,"('iv0Gu1VXAgc_00040',)",0,107
8,"('iv0Gu1VXAgc_00041',)",0,146
21,"('iv0Gu1VXAgc_00042',)",0,161
21,"('iv0Gu1VXAgc_00043',)",0,102
21,"('iv0Gu1VXAgc_00044',)",0,155
7,"('iv0Gu1VXAgc_00045',)",0,63
7,"('iv0Gu1VXAgc_00046',)",0,85
7,"('iv0Gu1VXAgc_00047',)",0,122
34,"('iv0Gu1VXAgc_00048',)",0,74
34,"('iv0Gu1VXAgc_00049',)",0,97
34,"('iv0Gu1VXAgc_00050',)",0,161
8,"('iv0Gu1VXAgc_00051',)",0,220
8,"('iv0Gu1VXAgc_00052',)",0,101
8,"('iv0Gu1VXAgc_00053',)",0,145
27,"('iv0Gu1VXAgc_00054',)",0,65
27,"('iv0Gu1VXAgc_00055',)",0,96
27,"('iv0Gu1VXAgc_00056',)",0,163
24,"('iv0Gu1VXAgc_00057',)",0,78
24,"('iv0Gu1VXAgc_00058',)",0,97
24,"('iv0Gu1VXAgc_00059',)",0,153
21,"('iv0Gu1VXAgc_00060',)",0,117
21,"('iv0Gu1VXAgc_00061',)",0,103
21,"('iv0Gu1VXAgc_00062',)",0,174
21,"('iv0Gu1VXAgc_00063',)",0,112
21,"('iv0Gu1VXAgc_00064',)",0,134
21,"('iv0Gu1VXAgc_00065',)",0,186
43,"('iv0Gu1VXAgc_00066',)",0,146
43,"('iv0Gu1VXAgc_00067',)",0,111
43,"('iv0Gu1VXAgc_00068',)",0,182
24,"('iv0Gu1VXAgc_00069',)",0,95
24,"('iv0Gu1VXAgc_00070',)",0,120
24,"('iv0Gu1VXAgc_00071',)",0,81
24,"('iv0Gu1VXAgc_00072',)",0,108
24,"('iv0Gu1VXAgc_00073',)",0,40
24,"('iv0Gu1VXAgc_00074',)",0,142
24,"('iv0Gu1VXAgc_00075',)",0,129
43,"('iv0Gu1VXAgc_00076',)",0,49
43,"('iv0Gu1VXAgc_00077',)",0,33
43,"('iv0Gu1VXAgc_00078',)",0,53
43,"('iv0Gu1VXAgc_00079',)",0,55
34,"('iv0Gu1VXAgc_00080',)",0,50
34,"('iv0Gu1VXAgc_00081',)",0,29
34,"('iv0Gu1VXAgc_00082',)",0,76
34,"('iv0Gu1VXAgc_00083',)",0,115
7,"('iv0Gu1VXAgc_00084',)",0,48
7,"('iv0Gu1VXAgc_00085',)",0,77
7,"('iv0Gu1VXAgc_00086',)",0,116
34,"('iv0Gu1VXAgc_00087',)",0,144
34,"('iv0Gu1VXAgc_00088',)",0,119
34,"('iv0Gu1VXAgc_00089',)",0,149
44,"('iv0Gu1VXAgc_00090',)",0,86
44,"('iv0Gu1VXAgc_00091',)",0,92
44,"('iv0Gu1VXAgc_00092',)",0,168
34,"('iv0Gu1VXAgc_00093',)",0,375
34,"('iv0Gu1VXAgc_00094',)",0,57
34,"('iv0Gu1VXAgc_00095',)",0,134
34,"('iv0Gu1VXAgc_00096',)",0,69
44,"('iv0Gu1VXAgc_00097',)",0,73
44,"('iv0Gu1VXAgc_00098',)",0,79
44,"('iv0Gu1VXAgc_00099',)",0,146
43,"('iv0Gu1VXAgc_00100',)",0,65
43,"('iv0Gu1VXAgc_00101',)",0,87
43,"('iv0Gu1VXAgc_00102',)",0,168
43,"('iv0Gu1VXAgc_00103',)",0,105
43,"('iv0Gu1VXAgc_00104',)",0,113
43,"('iv0Gu1VXAgc_00105',)",0,176
21,"('iv0Gu1VXAgc_00106',)",0,112
21,"('iv0Gu1VXAgc_00107',)",0,176
21,"('iv0Gu1VXAgc_00108',)",0,101
26,"('iv0Gu1VXAgc_00109',)",0,101
26,"('iv0Gu1VXAgc_00110',)",0,97
26,"('iv0Gu1VXAgc_00111',)",0,161
17,"('iv0Gu1VXAgc_00112',)",0,115
17,"('iv0Gu1VXAgc_00113',)",0,108
17,"('iv0Gu1VXAgc_00114',)",0,164
26,"('iv0Gu1VXAgc_00115',)",0,128
26,"('iv0Gu1VXAgc_00116',)",0,111
26,"('iv0Gu1VXAgc_00117',)",0,171
27,"('iv0Gu1VXAgc_00118',)",0,70
27,"('iv0Gu1VXAgc_00119',)",0,91
27,"('iv0Gu1VXAgc_00120',)",0,129
43,"('iv0Gu1VXAgc_00121',)",0,87
43,"('iv0Gu1VXAgc_00122',)",0,81
43,"('iv0Gu1VXAgc_00123',)",0,158
26,"('iv0Gu1VXAgc_00124',)",0,143
26,"('iv0Gu1VXAgc_00125',)",0,118
26,"('iv0Gu1VXAgc_00126',)",0,177
8,"('iv0Gu1VXAgc_00127',)",0,55
8,"('iv0Gu1VXAgc_00128',)",0,96
8,"('iv0Gu1VXAgc_00129',)",0,135
1,"('iv0Gu1VXAgc_00130',)",0,75
1,"('iv0Gu1VXAgc_00131',)",0,86
1,"('iv0Gu1VXAgc_00132',)",0,156
21,"('iv0Gu1VXAgc_00133',)",0,164
21,"('iv0Gu1VXAgc_00134',)",0,118
21,"('iv0Gu1VXAgc_00135',)",0,203
21,"('iv0Gu1VXAgc_00136',)",0,167
21,"('iv0Gu1VXAgc_00137',)",0,52
21,"('iv0Gu1VXAgc_00138',)",0,147
33,"('iv0Gu1VXAgc_00139',)",0,112
33,"('iv0Gu1VXAgc_00140',)",0,113
33,"('iv0Gu1VXAgc_00141',)",0,172
33,"('iv0Gu1VXAgc_00142',)",0,120
33,"('iv0Gu1VXAgc_00143',)",0,75
33,"('iv0Gu1VXAgc_00144',)",0,143
7,"('iv0Gu1VXAgc_00145',)",0,153
7,"('iv0Gu1VXAgc_00146',)",0,91
7,"('iv0Gu1VXAgc_00147',)",0,145
21,"('iv0Gu1VXAgc_00148',)",0,95
21,"('iv0Gu1VXAgc_00149',)",0,110
21,"('iv0Gu1VXAgc_00150',)",0,132
7,"('iv0Gu1VXAgc_00151',)",0,42
7,"('iv0Gu1VXAgc_00152',)",0,57
7,"('iv0Gu1VXAgc_00153',)",0,109
7,"('iv0Gu1VXAgc_00154',)",0,39
34,"('iv0Gu1VXAgc_00155',)",0,70
34,"('iv0Gu1VXAgc_00156',)",0,74
34,"('iv0Gu1VXAgc_00157',)",0,137
8,"('iv0Gu1VXAgc_00158',)",0,217
8,"('iv0Gu1VXAgc_00159',)",0,51
8,"('iv0Gu1VXAgc_00160',)",0,102
8,"('iv0Gu1VXAgc_00161',)",0,147
27,"('iv0Gu1VXAgc_00162',)",0,70
27,"('iv0Gu1VXAgc_00163',)",0,98
27,"('iv0Gu1VXAgc_00164',)",0,143
24,"('iv0Gu1VXAgc_00165',)",0,49
24,"('iv0Gu1VXAgc_00166',)",0,52
24,"('iv0Gu1VXAgc_00167',)",0,81
24,"('iv0Gu1VXAgc_00168',)",0,152
21,"('iv0Gu1VXAgc_00169',)",0,101
21,"('iv0Gu1VXAgc_00170',)",0,92
21,"('iv0Gu1VXAgc_00171',)",0,168
21,"('iv0Gu1VXAgc_00172',)",0,48
21,"('iv0Gu1VXAgc_00173',)",0,80
21,"('iv0Gu1VXAgc_00174',)",0,145
43,"('iv0Gu1VXAgc_00175',)",0,202
33,"('iv0Gu1VXAgc_00176',)",0,44
33,"('iv0Gu1VXAgc_00177',)",0,146
33,"('iv0Gu1VXAgc_00178',)",0,78
7,"('iv0Gu1VXAgc_00179',)",0,59
7,"('iv0Gu1VXAgc_00180',)",0,99
7,"('iv0Gu1VXAgc_00181',)",0,155
24,"('iv0Gu1VXAgc_00182',)",0,51
24,"('iv0Gu1VXAgc_00183',)",0,258
24,"('iv0Gu1VXAgc_00184',)",0,105
24,"('iv0Gu1VXAgc_00185',)",0,179
33,"('iv0Gu1VXAgc_00186',)",0,49
33,"('iv0Gu1VXAgc_00187',)",0,97
33,"('iv0Gu1VXAgc_00188',)",0,100
33,"('iv0Gu1VXAgc_00189',)",0,59
27,"('iv0Gu1VXAgc_00190',)",0,116
27,"('iv0Gu1VXAgc_00191',)",0,119
27,"('iv0Gu1VXAgc_00192',)",0,149
33,"('iv0Gu1VXAgc_00193',)",0,46
33,"('iv0Gu1VXAgc_00194',)",0,136
33,"('iv0Gu1VXAgc_00195',)",0,78
8,"('iv0Gu1VXAgc_00196',)",0,161
8,"('iv0Gu1VXAgc_00197',)",0,36
8,"('iv0Gu1VXAgc_00198',)",0,107
8,"('iv0Gu1VXAgc_00199',)",0,129
21,"('iv0Gu1VXAgc_00200',)",0,65
21,"('iv0Gu1VXAgc_00201',)",0,139
21,"('iv0Gu1VXAgc_00202',)",0,99
21,"('iv0Gu1VXAgc_00203',)",0,37
21,"('iv0Gu1VXAgc_00204',)",0,103
21,"('iv0Gu1VXAgc_00205',)",0,130
43,"('iv0Gu1VXAgc_00206',)",0,285
43,"('iv0Gu1VXAgc_00207',)",0,153
43,"('iv0Gu1VXAgc_00208',)",0,71
34,"('iv0Gu1VXAgc_00209',)",0,263
34,"('iv0Gu1VXAgc_00210',)",0,109
34,"('iv0Gu1VXAgc_00211',)",0,144
7,"('iv0Gu1VXAgc_00212',)",0,52
7,"('iv0Gu1VXAgc_00213',)",0,78
7,"('iv0Gu1VXAgc_00214',)",0,122
44,"('iv0Gu1VXAgc_00215',)",0,95
8,"('iv0Gu1VXAgc_00216',)",0,78
8,"('iv0Gu1VXAgc_00217',)",0,93
8,"('iv0Gu1VXAgc_00218',)",0,118
21,"('iv0Gu1VXAgc_00219',)",0,125
21,"('iv0Gu1VXAgc_00220',)",0,132
21,"('iv0Gu1VXAgc_00221',)",0,176
33,"('iv0Gu1VXAgc_00222',)",0,66
33,"('iv0Gu1VXAgc_00223',)",0,94
33,"('iv0Gu1VXAgc_00224',)",0,119
21,"('iv0Gu1VXAgc_00225',)",0,127
21,"('iv0Gu1VXAgc_00226',)",0,133
21,"('iv0Gu1VXAgc_00227',)",0,148
24,"('iv0Gu1VXAgc_00228',)",0,83
24,"('iv0Gu1VXAgc_00229',)",0,96
24,"('iv0Gu1VXAgc_00230',)",0,104
24,"('iv0Gu1VXAgc_00231',)",0,118
24,"('iv0Gu1VXAgc_00232',)",0,151
24,"('iv0Gu1VXAgc_00233',)",0,185
34,"('iv0Gu1VXAgc_00234',)",0,110
34,"('iv0Gu1VXAgc_00235',)",0,95
34,"('iv0Gu1VXAgc_00236',)",0,147
34,"('iv0Gu1VXAgc_00237',)",0,48
34,"('iv0Gu1VXAgc_00238',)",0,85
34,"('iv0Gu1VXAgc_00239',)",0,90
34,"('iv0Gu1VXAgc_00240',)",0,158
34,"('iv0Gu1VXAgc_00241',)",0,86
44,"('iv0Gu1VXAgc_00242',)",0,76
44,"('iv0Gu1VXAgc_00243',)",0,91
44,"('iv0Gu1VXAgc_00244',)",0,148
43,"('iv0Gu1VXAgc_00245',)",0,86
43,"('iv0Gu1VXAgc_00246',)",0,91
43,"('iv0Gu1VXAgc_00247',)",0,173
43,"('iv0Gu1VXAgc_00248',)",0,94
43,"('iv0Gu1VXAgc_00249',)",0,77
43,"('iv0Gu1VXAgc_00250',)",0,125
21,"('iv0Gu1VXAgc_00251',)",0,101
21,"('iv0Gu1VXAgc_00252',)",0,172
21,"('iv0Gu1VXAgc_00253',)",0,93
26,"('iv0Gu1VXAgc_00254',)",0,97
26,"('iv0Gu1VXAgc_00255',)",0,92
26,"('iv0Gu1VXAgc_00256',)",0,155
19,"('nOlRwoxsDJ0_00000',)",0,191
19,"('nOlRwoxsDJ0_00001',)",0,213
15,"('nOlRwoxsDJ0_00002',)",0,252
15,"('nOlRwoxsDJ0_00003',)",0,245
29,"('nOlRwoxsDJ0_00004',)",0,107
29,"('nOlRwoxsDJ0_00005',)",0,237
19,"('nOlRwoxsDJ0_00006',)",0,217
19,"('nOlRwoxsDJ0_00007',)",0,223
19,"('nOlRwoxsDJ0_00008',)",0,118
19,"('nOlRwoxsDJ0_00009',)",0,234
19,"('nOlRwoxsDJ0_00010',)",0,152
19,"('nOlRwoxsDJ0_00011',)",0,228
31,"('nOlRwoxsDJ0_00012',)",0,257
31,"('nOlRwoxsDJ0_00013',)",0,192
31,"('nOlRwoxsDJ0_00014',)",0,344
31,"('nOlRwoxsDJ0_00015',)",0,289
29,"('nOlRwoxsDJ0_00016',)",0,127
29,"('nOlRwoxsDJ0_00017',)",0,221
15,"('nOlRwoxsDJ0_00018',)",0,373
15,"('nOlRwoxsDJ0_00019',)",0,289
31,"('nOlRwoxsDJ0_00020',)",0,112
31,"('nOlRwoxsDJ0_00021',)",0,208
19,"('nOlRwoxsDJ0_00022',)",0,223
19,"('nOlRwoxsDJ0_00023',)",0,234
29,"('nOlRwoxsDJ0_00024',)",0,212
29,"('nOlRwoxsDJ0_00025',)",0,280
29,"('nOlRwoxsDJ0_00026',)",0,186
29,"('nOlRwoxsDJ0_00027',)",0,270
19,"('nOlRwoxsDJ0_00028',)",0,134
19,"('nOlRwoxsDJ0_00029',)",0,247
19,"('nOlRwoxsDJ0_00030',)",0,144
19,"('nOlRwoxsDJ0_00031',)",0,267
19,"('nOlRwoxsDJ0_00032',)",0,221
19,"('nOlRwoxsDJ0_00033',)",0,242
19,"('nOlRwoxsDJ0_00034',)",0,140
19,"('nOlRwoxsDJ0_00035',)",0,213
19,"('nOlRwoxsDJ0_00036',)",0,145
19,"('nOlRwoxsDJ0_00037',)",0,204
19,"('nOlRwoxsDJ0_00038',)",0,195
19,"('nOlRwoxsDJ0_00039',)",0,237
19,"('nOlRwoxsDJ0_00040',)",0,112
19,"('nOlRwoxsDJ0_00041',)",0,231
19,"('nOlRwoxsDJ0_00042',)",0,90
19,"('nOlRwoxsDJ0_00043',)",0,177
19,"('nOlRwoxsDJ0_00044',)",0,300
19,"('nOlRwoxsDJ0_00045',)",0,229
19,"('nOlRwoxsDJ0_00046',)",0,203
19,"('nOlRwoxsDJ0_00047',)",0,238
19,"('nOlRwoxsDJ0_00048',)",0,184
19,"('nOlRwoxsDJ0_00049',)",0,238
19,"('nOlRwoxsDJ0_00050',)",0,147
19,"('nOlRwoxsDJ0_00051',)",0,139
31,"('nOlRwoxsDJ0_00052',)",0,152
31,"('nOlRwoxsDJ0_00053',)",0,195
15,"('nOlRwoxsDJ0_00054',)",0,165
15,"('nOlRwoxsDJ0_00055',)",0,264
4,"('nOlRwoxsDJ0_00056',)",0,165
4,"('nOlRwoxsDJ0_00057',)",0,210
17,"('nOlRwoxsDJ0_00058',)",0,145
17,"('nOlRwoxsDJ0_00059',)",0,240
19,"('nOlRwoxsDJ0_00060',)",0,290
19,"('nOlRwoxsDJ0_00061',)",0,250
47,"('nOlRwoxsDJ0_00062',)",0,142
47,"('nOlRwoxsDJ0_00063',)",0,203
15,"('nOlRwoxsDJ0_00064',)",0,209
15,"('nOlRwoxsDJ0_00065',)",0,284
31,"('nOlRwoxsDJ0_00066',)",0,162
31,"('nOlRwoxsDJ0_00067',)",0,230
15,"('nOlRwoxsDJ0_00068',)",0,315
15,"('nOlRwoxsDJ0_00069',)",0,275
19,"('nOlRwoxsDJ0_00070',)",0,204
19,"('nOlRwoxsDJ0_00071',)",0,212
47,"('nOlRwoxsDJ0_00072',)",0,153
47,"('nOlRwoxsDJ0_00073',)",0,104
47,"('nOlRwoxsDJ0_00074',)",0,209
15,"('nOlRwoxsDJ0_00075',)",0,105
15,"('nOlRwoxsDJ0_00076',)",0,200
19,"('nOlRwoxsDJ0_00077',)",0,201
19,"('nOlRwoxsDJ0_00078',)",0,213
19,"('nOlRwoxsDJ0_00079',)",0,234
19,"('nOlRwoxsDJ0_00080',)",0,235
15,"('nOlRwoxsDJ0_00081',)",0,162
15,"('nOlRwoxsDJ0_00082',)",0,267
15,"('nOlRwoxsDJ0_00083',)",0,302
15,"('nOlRwoxsDJ0_00084',)",0,256
31,"('nOlRwoxsDJ0_00085',)",0,108
31,"('nOlRwoxsDJ0_00086',)",0,192
15,"('nOlRwoxsDJ0_00087',)",0,150
15,"('nOlRwoxsDJ0_00088',)",0,243
31,"('nOlRwoxsDJ0_00089',)",0,248
31,"('nOlRwoxsDJ0_00090',)",0,208
31,"('nOlRwoxsDJ0_00091',)",0,173
31,"('nOlRwoxsDJ0_00092',)",0,240
15,"('nOlRwoxsDJ0_00093',)",0,142
15,"('nOlRwoxsDJ0_00094',)",0,229
15,"('nOlRwoxsDJ0_00095',)",0,140
15,"('nOlRwoxsDJ0_00096',)",0,209
31,"('nOlRwoxsDJ0_00097',)",0,168
31,"('nOlRwoxsDJ0_00098',)",0,223
15,"('nOlRwoxsDJ0_00099',)",0,137
15,"('nOlRwoxsDJ0_00100',)",0,235
15,"('nOlRwoxsDJ0_00101',)",0,141
15,"('nOlRwoxsDJ0_00102',)",0,214
31,"('nOlRwoxsDJ0_00103',)",0,119
31,"('nOlRwoxsDJ0_00104',)",0,224
31,"('nOlRwoxsDJ0_00105',)",0,149
31,"('nOlRwoxsDJ0_00106',)",0,195
15,"('nOlRwoxsDJ0_00107',)",0,211
15,"('nOlRwoxsDJ0_00108',)",0,248
31,"('nOlRwoxsDJ0_00109',)",0,153
31,"('nOlRwoxsDJ0_00110',)",0,208
19,"('nOlRwoxsDJ0_00111',)",0,162
19,"('nOlRwoxsDJ0_00112',)",0,267
46,"('nOlRwoxsDJ0_00113',)",0,172
46,"('nOlRwoxsDJ0_00114',)",0,208
46,"('nOlRwoxsDJ0_00115',)",0,240
46,"('nOlRwoxsDJ0_00116',)",0,228
15,"('nOlRwoxsDJ0_00117',)",0,161
15,"('nOlRwoxsDJ0_00118',)",0,192
46,"('nOlRwoxsDJ0_00119',)",0,299
46,"('nOlRwoxsDJ0_00120',)",0,298
16,"('nOlRwoxsDJ0_00121',)",0,112
16,"('nOlRwoxsDJ0_00122',)",0,202
46,"('nOlRwoxsDJ0_00123',)",0,105
46,"('nOlRwoxsDJ0_00124',)",0,164
15,"('nOlRwoxsDJ0_00125',)",0,138
15,"('nOlRwoxsDJ0_00126',)",0,211
46,"('nOlRwoxsDJ0_00127',)",0,151
46,"('nOlRwoxsDJ0_00128',)",0,212
15,"('nOlRwoxsDJ0_00129',)",0,129
15,"('nOlRwoxsDJ0_00130',)",0,198
16,"('nOlRwoxsDJ0_00131',)",0,230
16,"('nOlRwoxsDJ0_00132',)",0,274
46,"('nOlRwoxsDJ0_00133',)",0,228
46,"('nOlRwoxsDJ0_00134',)",0,236
46,"('nOlRwoxsDJ0_00135',)",0,329
46,"('nOlRwoxsDJ0_00136',)",0,298
15,"('nOlRwoxsDJ0_00137',)",0,189
15,"('nOlRwoxsDJ0_00138',)",0,268
46,"('nOlRwoxsDJ0_00139',)",0,171
46,"('nOlRwoxsDJ0_00140',)",0,215
46,"('nOlRwoxsDJ0_00141',)",0,142
46,"('nOlRwoxsDJ0_00142',)",0,179
15,"('nOlRwoxsDJ0_00143',)",0,198
15,"('nOlRwoxsDJ0_00144',)",0,214
46,"('nOlRwoxsDJ0_00145',)",0,172
46,"('nOlRwoxsDJ0_00146',)",0,214
15,"('nOlRwoxsDJ0_00147',)",0,203
15,"('nOlRwoxsDJ0_00148',)",0,226
15,"('nOlRwoxsDJ0_00149',)",0,193
15,"('nOlRwoxsDJ0_00150',)",0,204
46,"('nOlRwoxsDJ0_00151',)",0,163
46,"('nOlRwoxsDJ0_00152',)",0,216
46,"('nOlRwoxsDJ0_00153',)",0,297
46,"('nOlRwoxsDJ0_00154',)",0,197
15,"('nOlRwoxsDJ0_00155',)",0,136
15,"('nOlRwoxsDJ0_00156',)",0,195
46,"('nOlRwoxsDJ0_00157',)",0,134
46,"('nOlRwoxsDJ0_00158',)",0,258
46,"('nOlRwoxsDJ0_00159',)",0,255
15,"('nOlRwoxsDJ0_00160',)",0,177
15,"('nOlRwoxsDJ0_00161',)",0,234
15,"('nOlRwoxsDJ0_00162',)",0,250
15,"('nOlRwoxsDJ0_00163',)",0,204
46,"('nOlRwoxsDJ0_00164',)",0,241
46,"('nOlRwoxsDJ0_00165',)",0,232
15,"('nOlRwoxsDJ0_00166',)",0,123
15,"('nOlRwoxsDJ0_00167',)",0,183
15,"('nOlRwoxsDJ0_00168',)",0,250
15,"('nOlRwoxsDJ0_00169',)",0,242
31,"('nOlRwoxsDJ0_00170',)",0,109
31,"('nOlRwoxsDJ0_00171',)",0,186
31,"('nOlRwoxsDJ0_00172',)",0,133
31,"('nOlRwoxsDJ0_00173',)",0,250
31,"('nOlRwoxsDJ0_00174',)",0,182
31,"('nOlRwoxsDJ0_00175',)",0,229
31,"('nOlRwoxsDJ0_00176',)",0,385
31,"('nOlRwoxsDJ0_00177',)",0,212
17,"('nOlRwoxsDJ0_00178',)",0,231
17,"('nOlRwoxsDJ0_00179',)",0,241
31,"('nOlRwoxsDJ0_00180',)",0,130
31,"('nOlRwoxsDJ0_00181',)",0,195
46,"('nOlRwoxsDJ0_00182',)",0,130
46,"('nOlRwoxsDJ0_00183',)",0,218
17,"('nOlRwoxsDJ0_00184',)",0,108
17,"('nOlRwoxsDJ0_00185',)",0,193
46,"('nOlRwoxsDJ0_00186',)",0,146
46,"('nOlRwoxsDJ0_00187',)",0,108
17,"('nOlRwoxsDJ0_00188',)",0,215
17,"('nOlRwoxsDJ0_00189',)",0,258
31,"('nOlRwoxsDJ0_00190',)",0,128
31,"('nOlRwoxsDJ0_00191',)",0,212
17,"('nOlRwoxsDJ0_00192',)",0,211
17,"('nOlRwoxsDJ0_00193',)",0,282
46,"('nOlRwoxsDJ0_00194',)",0,122
46,"('nOlRwoxsDJ0_00195',)",0,214
31,"('nOlRwoxsDJ0_00196',)",0,435
31,"('nOlRwoxsDJ0_00197',)",0,236
31,"('nOlRwoxsDJ0_00198',)",0,181
31,"('nOlRwoxsDJ0_00199',)",0,263
31,"('nOlRwoxsDJ0_00200',)",0,182
31,"('nOlRwoxsDJ0_00201',)",0,267
31,"('nOlRwoxsDJ0_00202',)",0,294
31,"('nOlRwoxsDJ0_00203',)",0,253
46,"('nOlRwoxsDJ0_00204',)",0,157
46,"('nOlRwoxsDJ0_00205',)",0,266
46,"('nOlRwoxsDJ0_00206',)",0,184
46,"('nOlRwoxsDJ0_00207',)",0,200
31,"('nOlRwoxsDJ0_00208',)",0,169
31,"('nOlRwoxsDJ0_00209',)",0,203
31,"('nOlRwoxsDJ0_00210',)",0,425
46,"('nOlRwoxsDJ0_00211',)",0,221
46,"('nOlRwoxsDJ0_00212',)",0,274
31,"('nOlRwoxsDJ0_00213',)",0,136
31,"('nOlRwoxsDJ0_00214',)",0,185
31,"('nOlRwoxsDJ0_00215',)",0,130
31,"('nOlRwoxsDJ0_00216',)",0,225
46,"('nOlRwoxsDJ0_00217',)",0,186
46,"('nOlRwoxsDJ0_00218',)",0,259
46,"('nOlRwoxsDJ0_00219',)",0,207
46,"('nOlRwoxsDJ0_00220',)",0,293
31,"('nOlRwoxsDJ0_00221',)",0,396
31,"('nOlRwoxsDJ0_00222',)",0,203
46,"('nOlRwoxsDJ0_00223',)",0,151
46,"('nOlRwoxsDJ0_00224',)",0,191
46,"('nOlRwoxsDJ0_00225',)",0,173
46,"('nOlRwoxsDJ0_00226',)",0,222
37,"('nOlRwoxsDJ0_00227',)",0,109
37,"('nOlRwoxsDJ0_00228',)",0,178
17,"('nOlRwoxsDJ0_00229',)",0,150
17,"('nOlRwoxsDJ0_00230',)",0,231
31,"('nOlRwoxsDJ0_00231',)",0,227
31,"('nOlRwoxsDJ0_00232',)",0,210
17,"('nOlRwoxsDJ0_00233',)",0,307
17,"('nOlRwoxsDJ0_00234',)",0,259
31,"('nOlRwoxsDJ0_00235',)",0,370
31,"('nOlRwoxsDJ0_00236',)",0,131
31,"('nOlRwoxsDJ0_00237',)",0,204
0,"('nOlRwoxsDJ0_00238',)",0,175
0,"('nOlRwoxsDJ0_00239',)",0,205
17,"('nOlRwoxsDJ0_00240',)",0,229
17,"('nOlRwoxsDJ0_00241',)",0,241
31,"('nOlRwoxsDJ0_00242',)",0,137
31,"('nOlRwoxsDJ0_00243',)",0,209
0,"('nOlRwoxsDJ0_00244',)",0,101
0,"('nOlRwoxsDJ0_00245',)",0,185
31,"('nOlRwoxsDJ0_00246',)",0,105
31,"('nOlRwoxsDJ0_00247',)",0,185
17,"('nOlRwoxsDJ0_00248',)",0,299
17,"('nOlRwoxsDJ0_00249',)",0,235
31,"('nOlRwoxsDJ0_00250',)",0,218
31,"('nOlRwoxsDJ0_00251',)",0,280
17,"('nOlRwoxsDJ0_00252',)",0,231
17,"('nOlRwoxsDJ0_00253',)",0,206
17,"('nOlRwoxsDJ0_00254',)",0,175
17,"('nOlRwoxsDJ0_00255',)",0,248
37,"('nOlRwoxsDJ0_00256',)",0,189
37,"('nOlRwoxsDJ0_00257',)",0,198
37,"('nOlRwoxsDJ0_00258',)",0,190
37,"('nOlRwoxsDJ0_00259',)",0,191
17,"('nOlRwoxsDJ0_00260',)",0,204
17,"('nOlRwoxsDJ0_00261',)",0,221
17,"('nOlRwoxsDJ0_00262',)",0,272
17,"('nOlRwoxsDJ0_00263',)",0,278
0,"('nOlRwoxsDJ0_00264',)",0,176
0,"('nOlRwoxsDJ0_00265',)",0,200
0,"('nOlRwoxsDJ0_00266',)",0,110
0,"('nOlRwoxsDJ0_00267',)",0,190
37,"('nOlRwoxsDJ0_00268',)",0,318
37,"('nOlRwoxsDJ0_00269',)",0,257
0,"('nOlRwoxsDJ0_00270',)",0,158
0,"('nOlRwoxsDJ0_00271',)",0,213
37,"('nOlRwoxsDJ0_00272',)",0,204
37,"('nOlRwoxsDJ0_00273',)",0,219
17,"('nOlRwoxsDJ0_00274',)",0,239
17,"('nOlRwoxsDJ0_00275',)",0,269
0,"('nOlRwoxsDJ0_00276',)",0,139
0,"('nOlRwoxsDJ0_00277',)",0,219
17,"('nOlRwoxsDJ0_00278',)",0,310
17,"('nOlRwoxsDJ0_00279',)",0,217
17,"('nOlRwoxsDJ0_00280',)",0,152
17,"('nOlRwoxsDJ0_00281',)",0,210
17,"('nOlRwoxsDJ0_00282',)",0,349
17,"('nOlRwoxsDJ0_00283',)",0,233
37,"('nOlRwoxsDJ0_00284',)",0,182
37,"('nOlRwoxsDJ0_00285',)",0,222
37,"('nOlRwoxsDJ0_00286',)",0,105
37,"('nOlRwoxsDJ0_00287',)",0,185
24,"('nOlRwoxsDJ0_00288',)",0,101
24,"('nOlRwoxsDJ0_00289',)",0,199
34,"('nOlRwoxsDJ0_00290',)",0,245
34,"('nOlRwoxsDJ0_00291',)",0,201
8,"('nOlRwoxsDJ0_00292',)",0,454
8,"('nOlRwoxsDJ0_00293',)",0,267
34,"('nOlRwoxsDJ0_00294',)",0,175
34,"('nOlRwoxsDJ0_00295',)",0,259
8,"('nOlRwoxsDJ0_00296',)",0,161
8,"('nOlRwoxsDJ0_00297',)",0,264
27,"('nOlRwoxsDJ0_00298',)",0,368
27,"('nOlRwoxsDJ0_00299',)",0,297
34,"('nOlRwoxsDJ0_00300',)",0,106
34,"('nOlRwoxsDJ0_00301',)",0,189
34,"('nOlRwoxsDJ0_00302',)",0,139
34,"('nOlRwoxsDJ0_00303',)",0,231
34,"('nOlRwoxsDJ0_00304',)",0,100
34,"('nOlRwoxsDJ0_00305',)",0,187
2,"('nOlRwoxsDJ0_00306',)",0,166
2,"('nOlRwoxsDJ0_00307',)",0,252
34,"('nOlRwoxsDJ0_00308',)",0,236
34,"('nOlRwoxsDJ0_00309',)",0,210
34,"('nOlRwoxsDJ0_00310',)",0,184
34,"('nOlRwoxsDJ0_00311',)",0,209
34,"('nOlRwoxsDJ0_00312',)",0,598
34,"('nOlRwoxsDJ0_00313',)",0,228
8,"('nOlRwoxsDJ0_00314',)",0,116
8,"('nOlRwoxsDJ0_00315',)",0,194
33,"('nOlRwoxsDJ0_00316',)",0,119
33,"('nOlRwoxsDJ0_00317',)",0,180
27,"('nOlRwoxsDJ0_00318',)",0,316
27,"('nOlRwoxsDJ0_00319',)",0,204
34,"('nOlRwoxsDJ0_00320',)",0,92
34,"('nOlRwoxsDJ0_00321',)",0,174
24,"('nOlRwoxsDJ0_00322',)",0,289
24,"('nOlRwoxsDJ0_00323',)",0,226
27,"('nOlRwoxsDJ0_00324',)",0,231
27,"('nOlRwoxsDJ0_00325',)",0,160
7,"('nOlRwoxsDJ0_00326',)",0,419
7,"('nOlRwoxsDJ0_00327',)",0,243
7,"('nOlRwoxsDJ0_00328',)",0,125
7,"('nOlRwoxsDJ0_00329',)",0,215
8,"('nOlRwoxsDJ0_00330',)",0,222
8,"('nOlRwoxsDJ0_00331',)",0,272
34,"('nOlRwoxsDJ0_00332',)",0,195
34,"('nOlRwoxsDJ0_00333',)",0,225
21,"('nOlRwoxsDJ0_00334',)",0,205
21,"('nOlRwoxsDJ0_00335',)",0,237
26,"('nOlRwoxsDJ0_00336',)",0,121
26,"('nOlRwoxsDJ0_00337',)",0,215
24,"('nOlRwoxsDJ0_00338',)",0,189
24,"('nOlRwoxsDJ0_00339',)",0,247
24,"('nOlRwoxsDJ0_00340',)",0,195
24,"('nOlRwoxsDJ0_00341',)",0,232
7,"('nOlRwoxsDJ0_00342',)",0,107
7,"('nOlRwoxsDJ0_00343',)",0,175
44,"('nOlRwoxsDJ0_00344',)",0,222
44,"('nOlRwoxsDJ0_00345',)",0,248
34,"('nOlRwoxsDJ0_00346',)",0,185
34,"('nOlRwoxsDJ0_00347',)",0,252
24,"('nOlRwoxsDJ0_00348',)",0,212
24,"('nOlRwoxsDJ0_00349',)",0,251
44,"('nOlRwoxsDJ0_00350',)",0,368
44,"('nOlRwoxsDJ0_00351',)",0,278
0,"('nOlRwoxsDJ0_00352',)",0,320
0,"('nOlRwoxsDJ0_00353',)",0,205
24,"('nOlRwoxsDJ0_00354',)",0,121
24,"('nOlRwoxsDJ0_00355',)",0,181
8,"('nOlRwoxsDJ0_00356',)",0,706
8,"('nOlRwoxsDJ0_00357',)",0,226
24,"('nOlRwoxsDJ0_00358',)",0,295
24,"('nOlRwoxsDJ0_00359',)",0,222
8,"('nOlRwoxsDJ0_00360',)",0,183
8,"('nOlRwoxsDJ0_00361',)",0,247
1,"('nOlRwoxsDJ0_00362',)",0,283
1,"('nOlRwoxsDJ0_00363',)",0,297
27,"('nOlRwoxsDJ0_00364',)",0,120
27,"('nOlRwoxsDJ0_00365',)",0,224
24,"('nOlRwoxsDJ0_00366',)",0,211
24,"('nOlRwoxsDJ0_00367',)",0,172
8,"('nOlRwoxsDJ0_00368',)",0,168
8,"('nOlRwoxsDJ0_00369',)",0,193
44,"('nOlRwoxsDJ0_00370',)",0,195
44,"('nOlRwoxsDJ0_00371',)",0,226
44,"('nOlRwoxsDJ0_00372',)",0,175
44,"('nOlRwoxsDJ0_00373',)",0,223
7,"('nOlRwoxsDJ0_00374',)",0,108
7,"('nOlRwoxsDJ0_00375',)",0,179
43,"('nOlRwoxsDJ0_00376',)",0,320
43,"('nOlRwoxsDJ0_00377',)",0,247
7,"('nOlRwoxsDJ0_00378',)",0,170
7,"('nOlRwoxsDJ0_00379',)",0,275
34,"('nOlRwoxsDJ0_00380',)",0,395
34,"('nOlRwoxsDJ0_00381',)",0,210
34,"('nOlRwoxsDJ0_00382',)",0,119
34,"('nOlRwoxsDJ0_00383',)",0,221
43,"('nOlRwoxsDJ0_00384',)",0,319
43,"('nOlRwoxsDJ0_00385',)",0,205
43,"('nOlRwoxsDJ0_00386',)",0,195
43,"('nOlRwoxsDJ0_00387',)",0,219
44,"('nOlRwoxsDJ0_00388',)",0,143
44,"('nOlRwoxsDJ0_00389',)",0,189
8,"('nOlRwoxsDJ0_00390',)",0,194
8,"('nOlRwoxsDJ0_00391',)",0,316
26,"('nOlRwoxsDJ0_00392',)",0,274
26,"('nOlRwoxsDJ0_00393',)",0,247
43,"('nOlRwoxsDJ0_00394',)",0,178
43,"('nOlRwoxsDJ0_00395',)",0,202
8,"('nOlRwoxsDJ0_00396',)",0,132
8,"('nOlRwoxsDJ0_00397',)",0,162
34,"('nOlRwoxsDJ0_00398',)",0,161
34,"('nOlRwoxsDJ0_00399',)",0,188
21,"('nOlRwoxsDJ0_00400',)",0,143
21,"('nOlRwoxsDJ0_00401',)",0,221
34,"('nOlRwoxsDJ0_00402',)",0,327
34,"('nOlRwoxsDJ0_00403',)",0,196
2,"('nOlRwoxsDJ0_00404',)",0,205
2,"('nOlRwoxsDJ0_00405',)",0,257
8,"('nOlRwoxsDJ0_00406',)",0,193
8,"('nOlRwoxsDJ0_00407',)",0,229
34,"('nOlRwoxsDJ0_00408',)",0,96
34,"('nOlRwoxsDJ0_00409',)",0,180
25,"('nOlRwoxsDJ0_00410',)",0,175
25,"('nOlRwoxsDJ0_00411',)",0,211
34,"('nOlRwoxsDJ0_00412',)",0,297
34,"('nOlRwoxsDJ0_00413',)",0,245
8,"('nOlRwoxsDJ0_00414',)",0,123
8,"('nOlRwoxsDJ0_00415',)",0,214
44,"('nOlRwoxsDJ0_00416',)",0,260
44,"('nOlRwoxsDJ0_00417',)",0,204
24,"('nOlRwoxsDJ0_00418',)",0,195
24,"('nOlRwoxsDJ0_00419',)",0,199
34,"('nOlRwoxsDJ0_00420',)",0,236
34,"('nOlRwoxsDJ0_00421',)",0,92
34,"('nOlRwoxsDJ0_00422',)",0,204
1,"('nOlRwoxsDJ0_00423',)",0,413
1,"('nOlRwoxsDJ0_00424',)",0,243
21,"('nOlRwoxsDJ0_00425',)",0,212
21,"('nOlRwoxsDJ0_00426',)",0,214
21,"('nOlRwoxsDJ0_00427',)",0,282
34,"('nOlRwoxsDJ0_00428',)",0,128
34,"('nOlRwoxsDJ0_00429',)",0,158
34,"('nOlRwoxsDJ0_00430',)",0,130
34,"('nOlRwoxsDJ0_00431',)",0,196
21,"('nOlRwoxsDJ0_00432',)",0,149
21,"('nOlRwoxsDJ0_00433',)",0,229
1,"('nOlRwoxsDJ0_00434',)",0,111
1,"('nOlRwoxsDJ0_00435',)",0,199
7,"('nOlRwoxsDJ0_00436',)",0,127
7,"('nOlRwoxsDJ0_00437',)",0,195
8,"('nOlRwoxsDJ0_00438',)",0,364
8,"('nOlRwoxsDJ0_00439',)",0,196
21,"('nOlRwoxsDJ0_00440',)",0,295
21,"('nOlRwoxsDJ0_00441',)",0,223
21,"('nOlRwoxsDJ0_00442',)",0,209
21,"('nOlRwoxsDJ0_00443',)",0,230
34,"('nOlRwoxsDJ0_00444',)",0,123
34,"('nOlRwoxsDJ0_00445',)",0,177
44,"('nOlRwoxsDJ0_00446',)",0,117
44,"('nOlRwoxsDJ0_00447',)",0,233
7,"('nOlRwoxsDJ0_00448',)",0,189
7,"('nOlRwoxsDJ0_00449',)",0,211
21,"('nOlRwoxsDJ0_00450',)",0,352
21,"('nOlRwoxsDJ0_00451',)",0,235
34,"('nOlRwoxsDJ0_00452',)",0,147
34,"('nOlRwoxsDJ0_00453',)",0,246
1,"('nOlRwoxsDJ0_00454',)",0,389
1,"('nOlRwoxsDJ0_00455',)",0,224
31,"('nOlRwoxsDJ0_00456',)",0,101
19,"('nOlRwoxsDJ0_00457',)",0,130
19,"('nOlRwoxsDJ0_00458',)",0,237
19,"('nOlRwoxsDJ0_00459',)",0,229
19,"('nOlRwoxsDJ0_00460',)",0,97
19,"('nOlRwoxsDJ0_00461',)",0,118
19,"('nOlRwoxsDJ0_00462',)",0,269
19,"('nOlRwoxsDJ0_00463',)",0,250
19,"('nOlRwoxsDJ0_00464',)",0,260
19,"('nOlRwoxsDJ0_00465',)",0,284
19,"('nOlRwoxsDJ0_00466',)",0,132
19,"('nOlRwoxsDJ0_00467',)",0,250
19,"('nOlRwoxsDJ0_00468',)",0,161
19,"('nOlRwoxsDJ0_00469',)",0,258
19,"('nOlRwoxsDJ0_00470',)",0,141
19,"('nOlRwoxsDJ0_00471',)",0,241
19,"('nOlRwoxsDJ0_00472',)",0,246
19,"('nOlRwoxsDJ0_00473',)",0,174
19,"('nOlRwoxsDJ0_00474',)",0,304
19,"('nOlRwoxsDJ0_00475',)",0,265
19,"('nOlRwoxsDJ0_00476',)",0,154
19,"('nOlRwoxsDJ0_00477',)",0,279
19,"('nOlRwoxsDJ0_00478',)",0,261
20,"('nOlRwoxsDJ0_00479',)",0,141
20,"('nOlRwoxsDJ0_00480',)",0,233
19,"('nOlRwoxsDJ0_00481',)",0,111
19,"('nOlRwoxsDJ0_00482',)",0,186
19,"('nOlRwoxsDJ0_00483',)",0,104
31,"('nOlRwoxsDJ0_00484',)",0,230
31,"('nOlRwoxsDJ0_00485',)",0,141
19,"('nOlRwoxsDJ0_00486',)",0,146
19,"('nOlRwoxsDJ0_00487',)",0,247
19,"('nOlRwoxsDJ0_00488',)",0,149
19,"('nOlRwoxsDJ0_00489',)",0,106
19,"('nOlRwoxsDJ0_00490',)",0,212
19,"('nOlRwoxsDJ0_00491',)",0,134
19,"('nOlRwoxsDJ0_00492',)",0,227
31,"('nOlRwoxsDJ0_00493',)",0,98
31,"('nOlRwoxsDJ0_00494',)",0,214
31,"('nOlRwoxsDJ0_00495',)",0,156
31,"('nOlRwoxsDJ0_00496',)",0,220
29,"('nOlRwoxsDJ0_00497',)",0,127
29,"('nOlRwoxsDJ0_00498',)",0,201
29,"('nOlRwoxsDJ0_00499',)",0,148
19,"('nOlRwoxsDJ0_00500',)",0,72
19,"('nOlRwoxsDJ0_00501',)",0,236
19,"('nOlRwoxsDJ0_00502',)",0,135
19,"('nOlRwoxsDJ0_00503',)",0,245
20,"('nOlRwoxsDJ0_00504',)",0,124
20,"('nOlRwoxsDJ0_00505',)",0,259
31,"('nOlRwoxsDJ0_00506',)",0,609
31,"('nOlRwoxsDJ0_00507',)",0,241
19,"('nOlRwoxsDJ0_00508',)",0,125
19,"('nOlRwoxsDJ0_00509',)",0,230
19,"('nOlRwoxsDJ0_00510',)",0,155
19,"('nOlRwoxsDJ0_00511',)",0,227
19,"('nOlRwoxsDJ0_00512',)",0,117
19,"('nOlRwoxsDJ0_00513',)",0,243
31,"('nOlRwoxsDJ0_00514',)",0,166
31,"('nOlRwoxsDJ0_00515',)",0,268
31,"('nOlRwoxsDJ0_00516',)",0,133
31,"('nOlRwoxsDJ0_00517',)",0,245
46,"('nOlRwoxsDJ0_00518',)",0,200
46,"('nOlRwoxsDJ0_00519',)",0,256
31,"('nOlRwoxsDJ0_00520',)",0,423
31,"('nOlRwoxsDJ0_00521',)",0,242
31,"('nOlRwoxsDJ0_00522',)",0,272
31,"('nOlRwoxsDJ0_00523',)",0,253
15,"('nOlRwoxsDJ0_00524',)",0,114
15,"('nOlRwoxsDJ0_00525',)",0,242
31,"('nOlRwoxsDJ0_00526',)",0,250
31,"('nOlRwoxsDJ0_00527',)",0,274
31,"('nOlRwoxsDJ0_00528',)",0,198
31,"('nOlRwoxsDJ0_00529',)",0,226
46,"('nOlRwoxsDJ0_00530',)",0,137
46,"('nOlRwoxsDJ0_00531',)",0,279
31,"('nOlRwoxsDJ0_00532',)",0,153
31,"('nOlRwoxsDJ0_00533',)",0,232
46,"('nOlRwoxsDJ0_00534',)",0,129
46,"('nOlRwoxsDJ0_00535',)",0,221
15,"('nOlRwoxsDJ0_00536',)",0,303
15,"('nOlRwoxsDJ0_00537',)",0,265
20,"('nOlRwoxsDJ0_00538',)",0,213
20,"('nOlRwoxsDJ0_00539',)",0,280
31,"('nOlRwoxsDJ0_00540',)",0,372
31,"('nOlRwoxsDJ0_00541',)",0,287
20,"('nOlRwoxsDJ0_00542',)",0,125
20,"('nOlRwoxsDJ0_00543',)",0,202
31,"('nOlRwoxsDJ0_00544',)",0,134
31,"('nOlRwoxsDJ0_00545',)",0,188
20,"('nOlRwoxsDJ0_00546',)",0,279
20,"('nOlRwoxsDJ0_00547',)",0,229
20,"('nOlRwoxsDJ0_00548',)",0,130
20,"('nOlRwoxsDJ0_00549',)",0,216
47,"('nOlRwoxsDJ0_00550',)",0,264
47,"('nOlRwoxsDJ0_00551',)",0,226
47,"('nOlRwoxsDJ0_00552',)",0,134
31,"('nOlRwoxsDJ0_00553',)",0,109
31,"('nOlRwoxsDJ0_00554',)",0,219
31,"('nOlRwoxsDJ0_00555',)",0,190
31,"('nOlRwoxsDJ0_00556',)",0,237
31,"('nOlRwoxsDJ0_00557',)",0,127
31,"('nOlRwoxsDJ0_00558',)",0,254
19,"('nOlRwoxsDJ0_00559',)",0,131
46,"('nOlRwoxsDJ0_00560',)",0,244
46,"('nOlRwoxsDJ0_00561',)",0,174
31,"('nOlRwoxsDJ0_00562',)",0,115
31,"('nOlRwoxsDJ0_00563',)",0,228
20,"('nOlRwoxsDJ0_00564',)",0,370
20,"('nOlRwoxsDJ0_00565',)",0,264
17,"('nOlRwoxsDJ0_00566',)",0,171
17,"('nOlRwoxsDJ0_00567',)",0,238
46,"('nOlRwoxsDJ0_00568',)",0,184
46,"('nOlRwoxsDJ0_00569',)",0,289
20,"('nOlRwoxsDJ0_00570',)",0,162
20,"('nOlRwoxsDJ0_00571',)",0,246
46,"('nOlRwoxsDJ0_00572',)",0,246
46,"('nOlRwoxsDJ0_00573',)",0,238
20,"('nOlRwoxsDJ0_00574',)",0,128
20,"('nOlRwoxsDJ0_00575',)",0,239
46,"('nOlRwoxsDJ0_00576',)",0,144
46,"('nOlRwoxsDJ0_00577',)",0,253
0,"('nOlRwoxsDJ0_00578',)",0,142
0,"('nOlRwoxsDJ0_00579',)",0,250
30,"('nOlRwoxsDJ0_00580',)",0,211
30,"('nOlRwoxsDJ0_00581',)",0,253
31,"('nOlRwoxsDJ0_00582',)",0,152
31,"('nOlRwoxsDJ0_00583',)",0,263
15,"('nOlRwoxsDJ0_00584',)",0,122
15,"('nOlRwoxsDJ0_00585',)",0,183
30,"('nOlRwoxsDJ0_00586',)",0,163
31,"('nOlRwoxsDJ0_00587',)",0,258
31,"('nOlRwoxsDJ0_00588',)",0,204
15,"('nOlRwoxsDJ0_00589',)",0,124
15,"('nOlRwoxsDJ0_00590',)",0,203
46,"('nOlRwoxsDJ0_00591',)",0,143
46,"('nOlRwoxsDJ0_00592',)",0,253
31,"('nOlRwoxsDJ0_00593',)",0,177
31,"('nOlRwoxsDJ0_00594',)",0,255
46,"('nOlRwoxsDJ0_00595',)",0,171
46,"('nOlRwoxsDJ0_00596',)",0,282
15,"('nOlRwoxsDJ0_00597',)",0,130
15,"('nOlRwoxsDJ0_00598',)",0,258
15,"('nOlRwoxsDJ0_00599',)",0,126
15,"('nOlRwoxsDJ0_00600',)",0,217
0,"('nOlRwoxsDJ0_00601',)",0,182
0,"('nOlRwoxsDJ0_00602',)",0,259
0,"('nOlRwoxsDJ0_00603',)",0,162
0,"('nOlRwoxsDJ0_00604',)",0,282
37,"('nOlRwoxsDJ0_00605',)",0,130
37,"('nOlRwoxsDJ0_00606',)",0,218
15,"('nOlRwoxsDJ0_00607',)",0,173
15,"('nOlRwoxsDJ0_00608',)",0,276
46,"('nOlRwoxsDJ0_00609',)",0,169
46,"('nOlRwoxsDJ0_00610',)",0,262
31,"('nOlRwoxsDJ0_00611',)",0,168
31,"('nOlRwoxsDJ0_00612',)",0,267
46,"('nOlRwoxsDJ0_00613',)",0,197
46,"('nOlRwoxsDJ0_00614',)",0,255
37,"('nOlRwoxsDJ0_00615',)",0,131
37,"('nOlRwoxsDJ0_00616',)",0,252
46,"('nOlRwoxsDJ0_00617',)",0,143
46,"('nOlRwoxsDJ0_00618',)",0,225
20,"('nOlRwoxsDJ0_00619',)",0,145
20,"('nOlRwoxsDJ0_00620',)",0,260
31,"('nOlRwoxsDJ0_00621',)",0,128
31,"('nOlRwoxsDJ0_00622',)",0,232
20,"('nOlRwoxsDJ0_00623',)",0,190
20,"('nOlRwoxsDJ0_00624',)",0,275
0,"('nOlRwoxsDJ0_00625',)",0,114
0,"('nOlRwoxsDJ0_00626',)",0,189
31,"('nOlRwoxsDJ0_00627',)",0,219
31,"('nOlRwoxsDJ0_00628',)",0,303
46,"('nOlRwoxsDJ0_00629',)",0,273
46,"('nOlRwoxsDJ0_00630',)",0,284
1,"('nOlRwoxsDJ0_00631',)",0,192
1,"('nOlRwoxsDJ0_00632',)",0,286
37,"('nOlRwoxsDJ0_00633',)",0,217
37,"('nOlRwoxsDJ0_00634',)",0,252
46,"('nOlRwoxsDJ0_00635',)",0,162
46,"('nOlRwoxsDJ0_00636',)",0,240
17,"('nOlRwoxsDJ0_00637',)",0,128
17,"('nOlRwoxsDJ0_00638',)",0,232
20,"('nOlRwoxsDJ0_00639',)",0,209
20,"('nOlRwoxsDJ0_00640',)",0,253
46,"('nOlRwoxsDJ0_00641',)",0,122
46,"('nOlRwoxsDJ0_00642',)",0,176
0,"('nOlRwoxsDJ0_00643',)",0,151
0,"('nOlRwoxsDJ0_00644',)",0,244
0,"('nOlRwoxsDJ0_00645',)",0,186
0,"('nOlRwoxsDJ0_00646',)",0,303
29,"('nOlRwoxsDJ0_00647',)",0,146
29,"('nOlRwoxsDJ0_00648',)",0,255
46,"('nOlRwoxsDJ0_00649',)",0,394
46,"('nOlRwoxsDJ0_00650',)",0,345
46,"('nOlRwoxsDJ0_00651',)",0,126
46,"('nOlRwoxsDJ0_00652',)",0,257
31,"('nOlRwoxsDJ0_00653',)",0,182
31,"('nOlRwoxsDJ0_00654',)",0,291
20,"('nOlRwoxsDJ0_00655',)",0,115
20,"('nOlRwoxsDJ0_00656',)",0,239
46,"('nOlRwoxsDJ0_00657',)",0,179
46,"('nOlRwoxsDJ0_00658',)",0,218
46,"('nOlRwoxsDJ0_00659',)",0,143
46,"('nOlRwoxsDJ0_00660',)",0,272
17,"('nOlRwoxsDJ0_00661',)",0,143
17,"('nOlRwoxsDJ0_00662',)",0,266
20,"('nOlRwoxsDJ0_00663',)",0,177
20,"('nOlRwoxsDJ0_00664',)",0,259
20,"('nOlRwoxsDJ0_00665',)",0,127
20,"('nOlRwoxsDJ0_00666',)",0,244
35,"('nOlRwoxsDJ0_00667',)",0,137
35,"('nOlRwoxsDJ0_00668',)",0,193
26,"('nOlRwoxsDJ0_00669',)",0,157
26,"('nOlRwoxsDJ0_00670',)",0,282
35,"('nOlRwoxsDJ0_00671',)",0,192
35,"('nOlRwoxsDJ0_00672',)",0,292
35,"('nOlRwoxsDJ0_00673',)",0,221
35,"('nOlRwoxsDJ0_00674',)",0,277
44,"('nOlRwoxsDJ0_00675',)",0,245
44,"('nOlRwoxsDJ0_00676',)",0,335
21,"('nOlRwoxsDJ0_00677',)",0,392
21,"('nOlRwoxsDJ0_00678',)",0,271
26,"('nOlRwoxsDJ0_00679',)",0,245
26,"('nOlRwoxsDJ0_00680',)",0,287
27,"('nOlRwoxsDJ0_00681',)",0,108
27,"('nOlRwoxsDJ0_00682',)",0,253
26,"('nOlRwoxsDJ0_00683',)",0,613
26,"('nOlRwoxsDJ0_00684',)",0,297
8,"('nOlRwoxsDJ0_00685',)",0,95
8,"('nOlRwoxsDJ0_00686',)",0,268
14,"('nOlRwoxsDJ0_00687',)",0,190
14,"('nOlRwoxsDJ0_00688',)",0,272
8,"('nOlRwoxsDJ0_00689',)",0,154
8,"('nOlRwoxsDJ0_00690',)",0,232
5,"('nOlRwoxsDJ0_00691',)",0,180
5,"('nOlRwoxsDJ0_00692',)",0,242
35,"('nOlRwoxsDJ0_00693',)",0,181
35,"('nOlRwoxsDJ0_00694',)",0,257
35,"('nOlRwoxsDJ0_00695',)",0,205
35,"('nOlRwoxsDJ0_00696',)",0,260
35,"('nOlRwoxsDJ0_00697',)",0,132
35,"('nOlRwoxsDJ0_00698',)",0,274
35,"('nOlRwoxsDJ0_00699',)",0,136
35,"('nOlRwoxsDJ0_00700',)",0,238
35,"('nOlRwoxsDJ0_00701',)",0,90
35,"('nOlRwoxsDJ0_00702',)",0,195
26,"('nOlRwoxsDJ0_00703',)",0,125
26,"('nOlRwoxsDJ0_00704',)",0,229
35,"('nOlRwoxsDJ0_00705',)",0,199
35,"('nOlRwoxsDJ0_00706',)",0,285
26,"('nOlRwoxsDJ0_00707',)",0,129
26,"('nOlRwoxsDJ0_00708',)",0,257
5,"('nOlRwoxsDJ0_00709',)",0,155
5,"('nOlRwoxsDJ0_00710',)",0,267
10,"('nOlRwoxsDJ0_00711',)",0,149
10,"('nOlRwoxsDJ0_00712',)",0,204
26,"('nOlRwoxsDJ0_00713',)",0,224
26,"('nOlRwoxsDJ0_00714',)",0,268
28,"('nOlRwoxsDJ0_00715',)",0,119
28,"('nOlRwoxsDJ0_00716',)",0,238
35,"('nOlRwoxsDJ0_00717',)",0,106
35,"('nOlRwoxsDJ0_00718',)",0,190
30,"('nOlRwoxsDJ0_00719',)",0,140
30,"('nOlRwoxsDJ0_00720',)",0,242
12,"('nOlRwoxsDJ0_00721',)",0,143
12,"('nOlRwoxsDJ0_00722',)",0,230
26,"('nOlRwoxsDJ0_00723',)",0,145
26,"('nOlRwoxsDJ0_00724',)",0,223
7,"('nOlRwoxsDJ0_00725',)",0,102
7,"('nOlRwoxsDJ0_00726',)",0,203
5,"('nOlRwoxsDJ0_00727',)",0,137
5,"('nOlRwoxsDJ0_00728',)",0,219
12,"('nOlRwoxsDJ0_00729',)",0,155
12,"('nOlRwoxsDJ0_00730',)",0,246
8,"('nOlRwoxsDJ0_00731',)",0,339
8,"('nOlRwoxsDJ0_00732',)",0,199
26,"('nOlRwoxsDJ0_00733',)",0,141
26,"('nOlRwoxsDJ0_00734',)",0,185
26,"('nOlRwoxsDJ0_00735',)",0,587
26,"('nOlRwoxsDJ0_00736',)",0,324
45,"('nOlRwoxsDJ0_00737',)",0,127
45,"('nOlRwoxsDJ0_00738',)",0,262
26,"('nOlRwoxsDJ0_00739',)",0,117
26,"('nOlRwoxsDJ0_00740',)",0,212
26,"('nOlRwoxsDJ0_00741',)",0,145
26,"('nOlRwoxsDJ0_00742',)",0,222
5,"('nOlRwoxsDJ0_00743',)",0,550
5,"('nOlRwoxsDJ0_00744',)",0,268
45,"('nOlRwoxsDJ0_00745',)",0,350
45,"('nOlRwoxsDJ0_00746',)",0,293
12,"('nOlRwoxsDJ0_00747',)",0,146
12,"('nOlRwoxsDJ0_00748',)",0,266
35,"('nOlRwoxsDJ0_00749',)",0,221
35,"('nOlRwoxsDJ0_00750',)",0,245
21,"('nOlRwoxsDJ0_00751',)",0,144
21,"('nOlRwoxsDJ0_00752',)",0,219
28,"('nOlRwoxsDJ0_00753',)",0,146
28,"('nOlRwoxsDJ0_00754',)",0,275
35,"('nOlRwoxsDJ0_00755',)",0,215
35,"('nOlRwoxsDJ0_00756',)",0,257
26,"('nOlRwoxsDJ0_00757',)",0,197
26,"('nOlRwoxsDJ0_00758',)",0,264
12,"('nOlRwoxsDJ0_00759',)",0,359
12,"('nOlRwoxsDJ0_00760',)",0,240
35,"('nOlRwoxsDJ0_00761',)",0,225
35,"('nOlRwoxsDJ0_00762',)",0,237
11,"('nOlRwoxsDJ0_00763',)",0,188
11,"('nOlRwoxsDJ0_00764',)",0,243
8,"('nOlRwoxsDJ0_00765',)",0,206
8,"('nOlRwoxsDJ0_00766',)",0,303
45,"('nOlRwoxsDJ0_00767',)",0,135
45,"('nOlRwoxsDJ0_00768',)",0,195
10,"('nOlRwoxsDJ0_00769',)",0,109
10,"('nOlRwoxsDJ0_00770',)",0,159
12,"('nOlRwoxsDJ0_00771',)",0,148
12,"('nOlRwoxsDJ0_00772',)",0,231
26,"('nOlRwoxsDJ0_00773',)",0,155
26,"('nOlRwoxsDJ0_00774',)",0,251
35,"('nOlRwoxsDJ0_00775',)",0,137
35,"('nOlRwoxsDJ0_00776',)",0,228
9,"('nOlRwoxsDJ0_00777',)",0,175
9,"('nOlRwoxsDJ0_00778',)",0,254
9,"('nOlRwoxsDJ0_00779',)",0,133
34,"('nOlRwoxsDJ0_00780',)",0,241
33,"('nOlRwoxsDJ0_00781',)",0,410
33,"('nOlRwoxsDJ0_00782',)",0,267
12,"('nOlRwoxsDJ0_00783',)",0,150
12,"('nOlRwoxsDJ0_00784',)",0,207
26,"('nOlRwoxsDJ0_00785',)",0,119
26,"('nOlRwoxsDJ0_00786',)",0,230
45,"('nOlRwoxsDJ0_00787',)",0,148
45,"('nOlRwoxsDJ0_00788',)",0,248
12,"('nOlRwoxsDJ0_00789',)",0,493
12,"('nOlRwoxsDJ0_00790',)",0,280
44,"('nOlRwoxsDJ0_00791',)",0,110
11,"('nOlRwoxsDJ0_00792',)",0,206
11,"('nOlRwoxsDJ0_00793',)",0,130
9,"('nOlRwoxsDJ0_00794',)",0,198
9,"('nOlRwoxsDJ0_00795',)",0,132
26,"('nOlRwoxsDJ0_00796',)",0,208
26,"('nOlRwoxsDJ0_00797',)",0,147
12,"('nOlRwoxsDJ0_00798',)",0,308
12,"('nOlRwoxsDJ0_00799',)",0,240
5,"('nOlRwoxsDJ0_00800',)",0,124
5,"('nOlRwoxsDJ0_00801',)",0,227
5,"('nOlRwoxsDJ0_00802',)",0,196
5,"('nOlRwoxsDJ0_00803',)",0,227
12,"('nOlRwoxsDJ0_00804',)",0,176
12,"('nOlRwoxsDJ0_00805',)",0,223
5,"('nOlRwoxsDJ0_00806',)",0,138
5,"('nOlRwoxsDJ0_00807',)",0,250
44,"('nOlRwoxsDJ0_00808',)",0,233
44,"('nOlRwoxsDJ0_00809',)",0,303
45,"('nOlRwoxsDJ0_00810',)",0,195
45,"('nOlRwoxsDJ0_00811',)",0,317
28,"('nOlRwoxsDJ0_00812',)",0,271
28,"('nOlRwoxsDJ0_00813',)",0,245
26,"('nOlRwoxsDJ0_00814',)",0,398
26,"('nOlRwoxsDJ0_00815',)",0,263
35,"('nOlRwoxsDJ0_00816',)",0,179
35,"('nOlRwoxsDJ0_00817',)",0,225
44,"('nOlRwoxsDJ0_00818',)",0,135
44,"('nOlRwoxsDJ0_00819',)",0,214
14,"('nOlRwoxsDJ0_00820',)",0,168
14,"('nOlRwoxsDJ0_00821',)",0,240
44,"('nOlRwoxsDJ0_00822',)",0,135
44,"('nOlRwoxsDJ0_00823',)",0,252
5,"('nOlRwoxsDJ0_00824',)",0,169
5,"('nOlRwoxsDJ0_00825',)",0,277
27,"('nOlRwoxsDJ0_00826',)",0,169
27,"('nOlRwoxsDJ0_00827',)",0,295
35,"('nOlRwoxsDJ0_00828',)",0,162
35,"('nOlRwoxsDJ0_00829',)",0,258
35,"('nOlRwoxsDJ0_00830',)",0,193
35,"('nOlRwoxsDJ0_00831',)",0,274
35,"('nOlRwoxsDJ0_00832',)",0,239
35,"('nOlRwoxsDJ0_00833',)",0,290
5,"('nOlRwoxsDJ0_00834',)",0,162
5,"('nOlRwoxsDJ0_00835',)",0,286
12,"('nOlRwoxsDJ0_00836',)",0,151
12,"('nOlRwoxsDJ0_00837',)",0,288
28,"('nOlRwoxsDJ0_00838',)",0,129
28,"('nOlRwoxsDJ0_00839',)",0,219
5,"('nOlRwoxsDJ0_00840',)",0,147
5,"('nOlRwoxsDJ0_00841',)",0,263
12,"('nOlRwoxsDJ0_00842',)",0,152
12,"('nOlRwoxsDJ0_00843',)",0,147
45,"('nOlRwoxsDJ0_00844',)",0,132
45,"('nOlRwoxsDJ0_00845',)",0,225
12,"('nOlRwoxsDJ0_00846',)",0,124
12,"('nOlRwoxsDJ0_00847',)",0,227
9,"('nOlRwoxsDJ0_00848',)",0,150
9,"('nOlRwoxsDJ0_00849',)",0,266
35,"('nOlRwoxsDJ0_00850',)",0,153
35,"('nOlRwoxsDJ0_00851',)",0,220
35,"('nOlRwoxsDJ0_00852',)",0,126
35,"('nOlRwoxsDJ0_00853',)",0,226
8,"('nOlRwoxsDJ0_00854',)",0,144
8,"('nOlRwoxsDJ0_00855',)",0,237
6,"('nOlRwoxsDJ0_00856',)",0,104
6,"('nOlRwoxsDJ0_00857',)",0,219
5,"('nOlRwoxsDJ0_00858',)",0,338
5,"('nOlRwoxsDJ0_00859',)",0,281
5,"('nOlRwoxsDJ0_00860',)",0,236
5,"('nOlRwoxsDJ0_00861',)",0,269
5,"('nOlRwoxsDJ0_00862',)",0,147
5,"('nOlRwoxsDJ0_00863',)",0,216
21,"('nOlRwoxsDJ0_00864',)",0,151
21,"('nOlRwoxsDJ0_00865',)",0,273
35,"('nOlRwoxsDJ0_00866',)",0,146
35,"('nOlRwoxsDJ0_00867',)",0,266
7,"('nOlRwoxsDJ0_00868',)",0,181
7,"('nOlRwoxsDJ0_00869',)",0,272
5,"('nOlRwoxsDJ0_00870',)",0,143
5,"('nOlRwoxsDJ0_00871',)",0,242
5,"('nOlRwoxsDJ0_00872',)",0,210
5,"('nOlRwoxsDJ0_00873',)",0,237
22,"('nOlRwoxsDJ0_00874',)",0,246
22,"('nOlRwoxsDJ0_00875',)",0,247
22,"('nOlRwoxsDJ0_00876',)",0,198
22,"('nOlRwoxsDJ0_00877',)",0,219
12,"('nOlRwoxsDJ0_00878',)",0,197
12,"('nOlRwoxsDJ0_00879',)",0,274
9,"('nOlRwoxsDJ0_00880',)",0,143
9,"('nOlRwoxsDJ0_00881',)",0,249
6,"('nOlRwoxsDJ0_00882',)",0,318
6,"('nOlRwoxsDJ0_00883',)",0,259
26,"('nOlRwoxsDJ0_00884',)",0,541
26,"('nOlRwoxsDJ0_00885',)",0,278
5,"('nOlRwoxsDJ0_00886',)",0,124
5,"('nOlRwoxsDJ0_00887',)",0,256
26,"('nOlRwoxsDJ0_00888',)",0,331
26,"('nOlRwoxsDJ0_00889',)",0,250
47,"('nOlRwoxsDJ0_00890',)",0,164
47,"('nOlRwoxsDJ0_00891',)",0,264
22,"('nOlRwoxsDJ0_00892',)",0,132
22,"('nOlRwoxsDJ0_00893',)",0,246
10,"('nOlRwoxsDJ0_00894',)",0,158
10,"('nOlRwoxsDJ0_00895',)",0,290
8,"('nOlRwoxsDJ0_00896',)",0,130
8,"('nOlRwoxsDJ0_00897',)",0,236
8,"('nOlRwoxsDJ0_00898',)",0,160
8,"('nOlRwoxsDJ0_00899',)",0,279
26,"('nOlRwoxsDJ0_00900',)",0,317
26,"('nOlRwoxsDJ0_00901',)",0,294
29,"('_lmT4WlK7G0_00000',)",0,173
29,"('_lmT4WlK7G0_00001',)",0,152
29,"('_lmT4WlK7G0_00002',)",0,105
15,"('_lmT4WlK7G0_00003',)",0,111
15,"('_lmT4WlK7G0_00004',)",0,156
15,"('_lmT4WlK7G0_00005',)",0,147
29,"('_lmT4WlK7G0_00006',)",0,125
29,"('_lmT4WlK7G0_00007',)",0,169
29,"('_lmT4WlK7G0_00008',)",0,62
36,"('_lmT4WlK7G0_00009',)",0,74
36,"('_lmT4WlK7G0_00010',)",0,154
36,"('_lmT4WlK7G0_00011',)",0,67
36,"('_lmT4WlK7G0_00012',)",0,238
29,"('_lmT4WlK7G0_00013',)",0,30
29,"('_lmT4WlK7G0_00014',)",0,24
29,"('_lmT4WlK7G0_00015',)",0,132
29,"('_lmT4WlK7G0_00016',)",0,69
36,"('_lmT4WlK7G0_00017',)",0,238
36,"('_lmT4WlK7G0_00018',)",0,156
36,"('_lmT4WlK7G0_00019',)",0,90
29,"('_lmT4WlK7G0_00020',)",0,105
29,"('_lmT4WlK7G0_00021',)",0,126
29,"('_lmT4WlK7G0_00022',)",0,93
36,"('_lmT4WlK7G0_00023',)",0,64
36,"('_lmT4WlK7G0_00024',)",0,158
36,"('_lmT4WlK7G0_00025',)",0,98
46,"('_lmT4WlK7G0_00026',)",0,200
46,"('_lmT4WlK7G0_00027',)",0,150
46,"('_lmT4WlK7G0_00028',)",0,112
46,"('_lmT4WlK7G0_00029',)",0,123
46,"('_lmT4WlK7G0_00030',)",0,160
46,"('_lmT4WlK7G0_00031',)",0,110
46,"('_lmT4WlK7G0_00032',)",0,136
37,"('_lmT4WlK7G0_00033',)",0,82
37,"('_lmT4WlK7G0_00034',)",0,130
37,"('_lmT4WlK7G0_00035',)",0,92
29,"('_lmT4WlK7G0_00036',)",0,60
29,"('_lmT4WlK7G0_00037',)",0,151
29,"('_lmT4WlK7G0_00038',)",0,68
46,"('_lmT4WlK7G0_00039',)",0,126
46,"('_lmT4WlK7G0_00040',)",0,187
46,"('_lmT4WlK7G0_00041',)",0,101
29,"('_lmT4WlK7G0_00042',)",0,102
29,"('_lmT4WlK7G0_00043',)",0,40
29,"('_lmT4WlK7G0_00044',)",0,139
29,"('_lmT4WlK7G0_00045',)",0,88
29,"('_lmT4WlK7G0_00046',)",0,31
29,"('_lmT4WlK7G0_00047',)",0,170
0,"('_lmT4WlK7G0_00048',)",0,80
0,"('_lmT4WlK7G0_00049',)",0,184
0,"('_lmT4WlK7G0_00050',)",0,150
29,"('_lmT4WlK7G0_00051',)",0,125
29,"('_lmT4WlK7G0_00052',)",0,164
29,"('_lmT4WlK7G0_00053',)",0,87
7,"('_lmT4WlK7G0_00054',)",0,150
7,"('_lmT4WlK7G0_00055',)",0,134
7,"('_lmT4WlK7G0_00056',)",0,144
33,"('_lmT4WlK7G0_00057',)",0,91
33,"('_lmT4WlK7G0_00058',)",0,169
33,"('_lmT4WlK7G0_00059',)",0,102
33,"('_lmT4WlK7G0_00060',)",0,63
33,"('_lmT4WlK7G0_00061',)",0,150
33,"('_lmT4WlK7G0_00062',)",0,79
43,"('_lmT4WlK7G0_00063',)",0,95
43,"('_lmT4WlK7G0_00064',)",0,160
43,"('_lmT4WlK7G0_00065',)",0,99
21,"('_lmT4WlK7G0_00066',)",0,154
21,"('_lmT4WlK7G0_00067',)",0,177
21,"('_lmT4WlK7G0_00068',)",0,112
7,"('_lmT4WlK7G0_00069',)",0,104
7,"('_lmT4WlK7G0_00070',)",0,160
7,"('_lmT4WlK7G0_00071',)",0,79
7,"('_lmT4WlK7G0_00072',)",0,69
7,"('_lmT4WlK7G0_00073',)",0,144
7,"('_lmT4WlK7G0_00074',)",0,97
7,"('_lmT4WlK7G0_00075',)",0,106
7,"('_lmT4WlK7G0_00076',)",0,160
7,"('_lmT4WlK7G0_00077',)",0,173
7,"('_lmT4WlK7G0_00078',)",0,116
21,"('_lmT4WlK7G0_00079',)",0,81
21,"('_lmT4WlK7G0_00080',)",0,162
21,"('_lmT4WlK7G0_00081',)",0,116
26,"('_lmT4WlK7G0_00082',)",0,64
26,"('_lmT4WlK7G0_00083',)",0,134
26,"('_lmT4WlK7G0_00084',)",0,207
43,"('_lmT4WlK7G0_00085',)",0,100
43,"('_lmT4WlK7G0_00086',)",0,138
43,"('_lmT4WlK7G0_00087',)",0,87
21,"('_lmT4WlK7G0_00088',)",0,94
21,"('_lmT4WlK7G0_00089',)",0,208
21,"('_lmT4WlK7G0_00090',)",0,76
21,"('_lmT4WlK7G0_00091',)",0,132
33,"('_lmT4WlK7G0_00092',)",0,62
33,"('_lmT4WlK7G0_00093',)",0,132
33,"('_lmT4WlK7G0_00094',)",0,75
43,"('_lmT4WlK7G0_00095',)",0,71
43,"('_lmT4WlK7G0_00096',)",0,154
43,"('_lmT4WlK7G0_00097',)",0,88
43,"('_lmT4WlK7G0_00098',)",0,93
43,"('_lmT4WlK7G0_00099',)",0,191
43,"('_lmT4WlK7G0_00100',)",0,107
43,"('_lmT4WlK7G0_00101',)",0,76
43,"('_lmT4WlK7G0_00102',)",0,160
43,"('_lmT4WlK7G0_00103',)",0,98
33,"('_lmT4WlK7G0_00104',)",0,56
33,"('_lmT4WlK7G0_00105',)",0,146
33,"('_lmT4WlK7G0_00106',)",0,96
21,"('_lmT4WlK7G0_00107',)",0,91
21,"('_lmT4WlK7G0_00108',)",0,156
21,"('_lmT4WlK7G0_00109',)",0,118
7,"('_lmT4WlK7G0_00110',)",0,61
7,"('_lmT4WlK7G0_00111',)",0,110
7,"('_lmT4WlK7G0_00112',)",0,98
7,"('_lmT4WlK7G0_00113',)",0,58
7,"('_lmT4WlK7G0_00114',)",0,157
7,"('_lmT4WlK7G0_00115',)",0,101
7,"('_lmT4WlK7G0_00116',)",0,164
7,"('_lmT4WlK7G0_00117',)",0,198
7,"('_lmT4WlK7G0_00118',)",0,129
24,"('_lmT4WlK7G0_00119',)",0,148
24,"('_lmT4WlK7G0_00120',)",0,161
24,"('_lmT4WlK7G0_00121',)",0,108
33,"('_lmT4WlK7G0_00122',)",0,74
33,"('_lmT4WlK7G0_00123',)",0,110
33,"('_lmT4WlK7G0_00124',)",0,90
26,"('egsanPCCIzQ_00000',)",0,139
26,"('egsanPCCIzQ_00001',)",0,176
26,"('egsanPCCIzQ_00002',)",0,165
26,"('egsanPCCIzQ_00003',)",0,213
26,"('egsanPCCIzQ_00004',)",0,156
26,"('egsanPCCIzQ_00005',)",0,92
26,"('egsanPCCIzQ_00006',)",0,182
26,"('egsanPCCIzQ_00007',)",0,129
44,"('egsanPCCIzQ_00008',)",0,225
44,"('egsanPCCIzQ_00009',)",0,240
35,"('egsanPCCIzQ_00010',)",0,119
35,"('egsanPCCIzQ_00011',)",0,161
35,"('egsanPCCIzQ_00012',)",0,163
35,"('egsanPCCIzQ_00013',)",0,123
35,"('egsanPCCIzQ_00014',)",0,181
35,"('egsanPCCIzQ_00015',)",0,172
21,"('egsanPCCIzQ_00016',)",0,164
21,"('egsanPCCIzQ_00017',)",0,226
33,"('egsanPCCIzQ_00018',)",0,94
33,"('egsanPCCIzQ_00019',)",0,89
9,"('egsanPCCIzQ_00020',)",0,140
9,"('egsanPCCIzQ_00021',)",0,144
35,"('egsanPCCIzQ_00022',)",0,288
35,"('egsanPCCIzQ_00023',)",0,177
26,"('egsanPCCIzQ_00024',)",0,124
26,"('egsanPCCIzQ_00025',)",0,155
43,"('egsanPCCIzQ_00026',)",0,139
43,"('egsanPCCIzQ_00027',)",0,179
43,"('egsanPCCIzQ_00028',)",0,258
35,"('egsanPCCIzQ_00029',)",0,207
35,"('egsanPCCIzQ_00030',)",0,161
35,"('egsanPCCIzQ_00031',)",0,67
5,"('egsanPCCIzQ_00032',)",0,176
5,"('egsanPCCIzQ_00033',)",0,124
5,"('egsanPCCIzQ_00034',)",0,97
14,"('egsanPCCIzQ_00035',)",0,195
14,"('egsanPCCIzQ_00036',)",0,164
14,"('egsanPCCIzQ_00037',)",0,102
35,"('egsanPCCIzQ_00038',)",0,203
35,"('egsanPCCIzQ_00039',)",0,163
35,"('egsanPCCIzQ_00040',)",0,131
33,"('egsanPCCIzQ_00041',)",0,210
33,"('egsanPCCIzQ_00042',)",0,133
33,"('egsanPCCIzQ_00043',)",0,187
26,"('egsanPCCIzQ_00044',)",0,248
26,"('egsanPCCIzQ_00045',)",0,156
26,"('egsanPCCIzQ_00046',)",0,123
26,"('egsanPCCIzQ_00047',)",0,138
44,"('egsanPCCIzQ_00048',)",0,107
44,"('egsanPCCIzQ_00049',)",0,99
44,"('egsanPCCIzQ_00050',)",0,219
35,"('egsanPCCIzQ_00051',)",0,152
35,"('egsanPCCIzQ_00052',)",0,122
35,"('egsanPCCIzQ_00053',)",0,237
26,"('egsanPCCIzQ_00054',)",0,210
26,"('egsanPCCIzQ_00055',)",0,145
7,"('egsanPCCIzQ_00056',)",0,255
7,"('egsanPCCIzQ_00057',)",0,216
7,"('egsanPCCIzQ_00058',)",0,153
7,"('egsanPCCIzQ_00059',)",0,142
7,"('egsanPCCIzQ_00060',)",0,187
7,"('egsanPCCIzQ_00061',)",0,75
7,"('egsanPCCIzQ_00062',)",0,179
7,"('egsanPCCIzQ_00063',)",0,99
7,"('egsanPCCIzQ_00064',)",0,177
7,"('egsanPCCIzQ_00065',)",0,141
7,"('egsanPCCIzQ_00066',)",0,60
9,"('egsanPCCIzQ_00067',)",0,176
9,"('egsanPCCIzQ_00068',)",0,114
9,"('egsanPCCIzQ_00069',)",0,88
35,"('egsanPCCIzQ_00070',)",0,228
35,"('egsanPCCIzQ_00071',)",0,141
35,"('egsanPCCIzQ_00072',)",0,230
44,"('egsanPCCIzQ_00073',)",0,222
44,"('egsanPCCIzQ_00074',)",0,113
44,"('egsanPCCIzQ_00075',)",0,103
43,"('egsanPCCIzQ_00076',)",0,166
43,"('egsanPCCIzQ_00077',)",0,73
43,"('egsanPCCIzQ_00078',)",0,115
21,"('egsanPCCIzQ_00079',)",0,218
21,"('egsanPCCIzQ_00080',)",0,170
21,"('egsanPCCIzQ_00081',)",0,252
9,"('egsanPCCIzQ_00082',)",0,180
9,"('egsanPCCIzQ_00083',)",0,119
9,"('egsanPCCIzQ_00084',)",0,124
12,"('egsanPCCIzQ_00085',)",0,214
12,"('egsanPCCIzQ_00086',)",0,137
12,"('egsanPCCIzQ_00087',)",0,128
7,"('egsanPCCIzQ_00088',)",0,206
7,"('egsanPCCIzQ_00089',)",0,139
7,"('egsanPCCIzQ_00090',)",0,122
44,"('egsanPCCIzQ_00091',)",0,243
44,"('egsanPCCIzQ_00092',)",0,124
26,"('egsanPCCIzQ_00093',)",0,113
26,"('egsanPCCIzQ_00094',)",0,197
26,"('egsanPCCIzQ_00095',)",0,123
44,"('egsanPCCIzQ_00096',)",0,152
44,"('egsanPCCIzQ_00097',)",0,116
44,"('egsanPCCIzQ_00098',)",0,155
44,"('egsanPCCIzQ_00099',)",0,202
44,"('egsanPCCIzQ_00100',)",0,116
44,"('egsanPCCIzQ_00101',)",0,112
12,"('egsanPCCIzQ_00102',)",0,239
12,"('egsanPCCIzQ_00103',)",0,132
12,"('egsanPCCIzQ_00104',)",0,114
43,"('egsanPCCIzQ_00105',)",0,214
43,"('egsanPCCIzQ_00106',)",0,126
43,"('egsanPCCIzQ_00107',)",0,95
43,"('egsanPCCIzQ_00108',)",0,200
7,"('egsanPCCIzQ_00109',)",0,122
7,"('egsanPCCIzQ_00110',)",0,79
7,"('egsanPCCIzQ_00111',)",0,193
5,"('egsanPCCIzQ_00112',)",0,133
5,"('egsanPCCIzQ_00113',)",0,100
35,"('egsanPCCIzQ_00114',)",0,75
21,"('egsanPCCIzQ_00115',)",0,171
21,"('egsanPCCIzQ_00116',)",0,121
33,"('egsanPCCIzQ_00117',)",0,98
33,"('egsanPCCIzQ_00118',)",0,135
9,"('egsanPCCIzQ_00119',)",0,177
9,"('egsanPCCIzQ_00120',)",0,159
35,"('egsanPCCIzQ_00121',)",0,126
35,"('egsanPCCIzQ_00122',)",0,44
26,"('egsanPCCIzQ_00123',)",0,75
26,"('egsanPCCIzQ_00124',)",0,172
43,"('egsanPCCIzQ_00125',)",0,188
43,"('egsanPCCIzQ_00126',)",0,68
43,"('egsanPCCIzQ_00127',)",0,170
26,"('egsanPCCIzQ_00128',)",0,63
26,"('egsanPCCIzQ_00129',)",0,187
26,"('egsanPCCIzQ_00130',)",0,89
26,"('egsanPCCIzQ_00131',)",0,196
26,"('egsanPCCIzQ_00132',)",0,135
26,"('egsanPCCIzQ_00133',)",0,135
26,"('egsanPCCIzQ_00134',)",0,198
26,"('egsanPCCIzQ_00135',)",0,151
44,"('egsanPCCIzQ_00136',)",0,157
44,"('egsanPCCIzQ_00137',)",0,155
35,"('egsanPCCIzQ_00138',)",0,130
35,"('egsanPCCIzQ_00139',)",0,177
35,"('egsanPCCIzQ_00140',)",0,137
35,"('egsanPCCIzQ_00141',)",0,229
35,"('egsanPCCIzQ_00142',)",0,242
26,"('egsanPCCIzQ_00143',)",0,162
26,"('egsanPCCIzQ_00144',)",0,178
7,"('egsanPCCIzQ_00145',)",0,59
7,"('egsanPCCIzQ_00146',)",0,176
7,"('egsanPCCIzQ_00147',)",0,99
7,"('egsanPCCIzQ_00148',)",0,125
7,"('egsanPCCIzQ_00149',)",0,163
7,"('egsanPCCIzQ_00150',)",0,104
7,"('egsanPCCIzQ_00151',)",0,210
7,"('egsanPCCIzQ_00152',)",0,170
7,"('egsanPCCIzQ_00153',)",0,56
9,"('egsanPCCIzQ_00154',)",0,179
9,"('egsanPCCIzQ_00155',)",0,136
9,"('egsanPCCIzQ_00156',)",0,118
35,"('egsanPCCIzQ_00157',)",0,203
35,"('egsanPCCIzQ_00158',)",0,135
35,"('egsanPCCIzQ_00159',)",0,129
44,"('egsanPCCIzQ_00160',)",0,208
44,"('egsanPCCIzQ_00161',)",0,98
44,"('egsanPCCIzQ_00162',)",0,61
44,"('egsanPCCIzQ_00163',)",0,166
44,"('egsanPCCIzQ_00164',)",0,85
5,"('egsanPCCIzQ_00165',)",0,85
5,"('egsanPCCIzQ_00166',)",0,40
5,"('egsanPCCIzQ_00167',)",0,97
14,"('egsanPCCIzQ_00168',)",0,178
14,"('egsanPCCIzQ_00169',)",0,135
14,"('egsanPCCIzQ_00170',)",0,126
14,"('egsanPCCIzQ_00171',)",0,220
35,"('egsanPCCIzQ_00172',)",0,179
35,"('egsanPCCIzQ_00173',)",0,179
35,"('egsanPCCIzQ_00174',)",0,157
33,"('egsanPCCIzQ_00175',)",0,156
33,"('egsanPCCIzQ_00176',)",0,64
33,"('egsanPCCIzQ_00177',)",0,40
26,"('egsanPCCIzQ_00178',)",0,146
26,"('egsanPCCIzQ_00179',)",0,95
26,"('egsanPCCIzQ_00180',)",0,145
26,"('egsanPCCIzQ_00181',)",0,194
44,"('egsanPCCIzQ_00182',)",0,109
44,"('egsanPCCIzQ_00183',)",0,91
44,"('egsanPCCIzQ_00184',)",0,195
35,"('egsanPCCIzQ_00185',)",0,142
35,"('egsanPCCIzQ_00186',)",0,124
35,"('egsanPCCIzQ_00187',)",0,216
26,"('egsanPCCIzQ_00188',)",0,173
26,"('egsanPCCIzQ_00189',)",0,145
7,"('egsanPCCIzQ_00190',)",0,96
7,"('egsanPCCIzQ_00191',)",0,215
7,"('egsanPCCIzQ_00192',)",0,157
8,"('3N1kUtqJ25A_00000',)",0,281
8,"('3N1kUtqJ25A_00001',)",0,187
21,"('3N1kUtqJ25A_00002',)",0,157
21,"('3N1kUtqJ25A_00003',)",0,222
34,"('3N1kUtqJ25A_00004',)",0,266
34,"('3N1kUtqJ25A_00005',)",0,232
8,"('3N1kUtqJ25A_00006',)",0,163
8,"('3N1kUtqJ25A_00007',)",0,231
8,"('3N1kUtqJ25A_00008',)",0,213
21,"('3N1kUtqJ25A_00009',)",0,368
21,"('3N1kUtqJ25A_00010',)",0,252
21,"('3N1kUtqJ25A_00011',)",0,232
24,"('3N1kUtqJ25A_00012',)",0,104
24,"('3N1kUtqJ25A_00013',)",0,226
24,"('3N1kUtqJ25A_00014',)",0,191
21,"('3N1kUtqJ25A_00015',)",0,201
21,"('3N1kUtqJ25A_00016',)",0,212
21,"('3N1kUtqJ25A_00017',)",0,200
21,"('3N1kUtqJ25A_00018',)",0,226
21,"('3N1kUtqJ25A_00019',)",0,200
21,"('3N1kUtqJ25A_00020',)",0,249
21,"('3N1kUtqJ25A_00021',)",0,140
21,"('3N1kUtqJ25A_00022',)",0,227
21,"('3N1kUtqJ25A_00023',)",0,212
33,"('3N1kUtqJ25A_00024',)",0,116
33,"('3N1kUtqJ25A_00025',)",0,175
33,"('3N1kUtqJ25A_00026',)",0,191
33,"('3N1kUtqJ25A_00027',)",0,95
33,"('3N1kUtqJ25A_00028',)",0,171
33,"('3N1kUtqJ25A_00029',)",0,172
34,"('3N1kUtqJ25A_00030',)",0,128
34,"('3N1kUtqJ25A_00031',)",0,168
34,"('3N1kUtqJ25A_00032',)",0,200
21,"('3N1kUtqJ25A_00033',)",0,220
21,"('3N1kUtqJ25A_00034',)",0,219
21,"('3N1kUtqJ25A_00035',)",0,221
7,"('3N1kUtqJ25A_00036',)",0,131
7,"('3N1kUtqJ25A_00037',)",0,189
7,"('3N1kUtqJ25A_00038',)",0,199
26,"('3N1kUtqJ25A_00039',)",0,156
26,"('3N1kUtqJ25A_00040',)",0,207
26,"('3N1kUtqJ25A_00041',)",0,226
44,"('3N1kUtqJ25A_00042',)",0,120
44,"('3N1kUtqJ25A_00043',)",0,227
44,"('3N1kUtqJ25A_00044',)",0,224
26,"('3N1kUtqJ25A_00045',)",0,215
26,"('3N1kUtqJ25A_00046',)",0,223
26,"('3N1kUtqJ25A_00047',)",0,247
34,"('3N1kUtqJ25A_00048',)",0,377
34,"('3N1kUtqJ25A_00049',)",0,194
34,"('3N1kUtqJ25A_00050',)",0,213
26,"('3N1kUtqJ25A_00051',)",0,205
26,"('3N1kUtqJ25A_00052',)",0,248
26,"('3N1kUtqJ25A_00053',)",0,266
26,"('3N1kUtqJ25A_00054',)",0,337
26,"('3N1kUtqJ25A_00055',)",0,272
26,"('3N1kUtqJ25A_00056',)",0,230
26,"('3N1kUtqJ25A_00057',)",0,165
26,"('3N1kUtqJ25A_00058',)",0,224
26,"('3N1kUtqJ25A_00059',)",0,247
21,"('3N1kUtqJ25A_00060',)",0,231
21,"('3N1kUtqJ25A_00061',)",0,243
21,"('3N1kUtqJ25A_00062',)",0,222
26,"('3N1kUtqJ25A_00063',)",0,205
26,"('3N1kUtqJ25A_00064',)",0,240
26,"('3N1kUtqJ25A_00065',)",0,205
7,"('3N1kUtqJ25A_00066',)",0,349
7,"('3N1kUtqJ25A_00067',)",0,228
7,"('3N1kUtqJ25A_00068',)",0,233
26,"('3N1kUtqJ25A_00069',)",0,251
26,"('3N1kUtqJ25A_00070',)",0,260
26,"('3N1kUtqJ25A_00071',)",0,259
44,"('3N1kUtqJ25A_00072',)",0,162
44,"('3N1kUtqJ25A_00073',)",0,221
44,"('3N1kUtqJ25A_00074',)",0,186
7,"('3N1kUtqJ25A_00075',)",0,136
7,"('3N1kUtqJ25A_00076',)",0,229
7,"('3N1kUtqJ25A_00077',)",0,235
21,"('3N1kUtqJ25A_00078',)",0,136
21,"('3N1kUtqJ25A_00079',)",0,216
21,"('3N1kUtqJ25A_00080',)",0,202
44,"('3N1kUtqJ25A_00081',)",0,210
44,"('3N1kUtqJ25A_00082',)",0,225
44,"('3N1kUtqJ25A_00083',)",0,233
8,"('3N1kUtqJ25A_00084',)",0,388
8,"('3N1kUtqJ25A_00085',)",0,249
8,"('3N1kUtqJ25A_00086',)",0,273
8,"('3N1kUtqJ25A_00087',)",0,210
8,"('3N1kUtqJ25A_00088',)",0,234
8,"('3N1kUtqJ25A_00089',)",0,243
7,"('3N1kUtqJ25A_00090',)",0,162
7,"('3N1kUtqJ25A_00091',)",0,253
7,"('3N1kUtqJ25A_00092',)",0,246
7,"('3N1kUtqJ25A_00093',)",0,119
7,"('3N1kUtqJ25A_00094',)",0,135
7,"('3N1kUtqJ25A_00095',)",0,189
7,"('3N1kUtqJ25A_00096',)",0,155
7,"('3N1kUtqJ25A_00097',)",0,111
7,"('3N1kUtqJ25A_00098',)",0,208
7,"('3N1kUtqJ25A_00099',)",0,209
7,"('3N1kUtqJ25A_00100',)",0,148
7,"('3N1kUtqJ25A_00101',)",0,229
7,"('3N1kUtqJ25A_00102',)",0,220
44,"('3N1kUtqJ25A_00103',)",0,320
44,"('3N1kUtqJ25A_00104',)",0,259
44,"('3N1kUtqJ25A_00105',)",0,213
33,"('3N1kUtqJ25A_00106',)",0,100
33,"('3N1kUtqJ25A_00107',)",0,199
33,"('3N1kUtqJ25A_00108',)",0,201
33,"('3N1kUtqJ25A_00109',)",0,130
33,"('3N1kUtqJ25A_00110',)",0,219
33,"('3N1kUtqJ25A_00111',)",0,187
21,"('3N1kUtqJ25A_00112',)",0,121
21,"('3N1kUtqJ25A_00113',)",0,248
21,"('3N1kUtqJ25A_00114',)",0,226
34,"('3N1kUtqJ25A_00115',)",0,208
34,"('3N1kUtqJ25A_00116',)",0,203
34,"('3N1kUtqJ25A_00117',)",0,230
33,"('3N1kUtqJ25A_00118',)",0,334
33,"('3N1kUtqJ25A_00119',)",0,242
33,"('3N1kUtqJ25A_00120',)",0,219
2,"('3N1kUtqJ25A_00121',)",0,318
2,"('3N1kUtqJ25A_00122',)",0,200
2,"('3N1kUtqJ25A_00123',)",0,173
44,"('3N1kUtqJ25A_00124',)",0,115
44,"('3N1kUtqJ25A_00125',)",0,201
44,"('3N1kUtqJ25A_00126',)",0,214
44,"('3N1kUtqJ25A_00127',)",0,255
44,"('3N1kUtqJ25A_00128',)",0,220
44,"('3N1kUtqJ25A_00129',)",0,220
34,"('3N1kUtqJ25A_00130',)",0,156
34,"('3N1kUtqJ25A_00131',)",0,221
34,"('3N1kUtqJ25A_00132',)",0,230
43,"('3N1kUtqJ25A_00133',)",0,165
43,"('3N1kUtqJ25A_00134',)",0,236
43,"('3N1kUtqJ25A_00135',)",0,235
21,"('3N1kUtqJ25A_00136',)",0,118
21,"('3N1kUtqJ25A_00137',)",0,234
21,"('3N1kUtqJ25A_00138',)",0,208
35,"('3N1kUtqJ25A_00139',)",0,149
35,"('3N1kUtqJ25A_00140',)",0,232
35,"('3N1kUtqJ25A_00141',)",0,242
26,"('3N1kUtqJ25A_00142',)",0,147
26,"('3N1kUtqJ25A_00143',)",0,250
26,"('3N1kUtqJ25A_00144',)",0,277
35,"('3N1kUtqJ25A_00145',)",0,141
35,"('3N1kUtqJ25A_00146',)",0,233
35,"('3N1kUtqJ25A_00147',)",0,206
35,"('3N1kUtqJ25A_00148',)",0,263
35,"('3N1kUtqJ25A_00149',)",0,238
35,"('3N1kUtqJ25A_00150',)",0,242
26,"('3N1kUtqJ25A_00151',)",0,124
26,"('3N1kUtqJ25A_00152',)",0,221
26,"('3N1kUtqJ25A_00153',)",0,178
33,"('3N1kUtqJ25A_00154',)",0,258
33,"('3N1kUtqJ25A_00155',)",0,257
33,"('3N1kUtqJ25A_00156',)",0,272
26,"('3N1kUtqJ25A_00157',)",0,130
26,"('3N1kUtqJ25A_00158',)",0,258
26,"('3N1kUtqJ25A_00159',)",0,233
33,"('3N1kUtqJ25A_00160',)",0,135
33,"('3N1kUtqJ25A_00161',)",0,233
33,"('3N1kUtqJ25A_00162',)",0,227
44,"('3N1kUtqJ25A_00163',)",0,222
44,"('3N1kUtqJ25A_00164',)",0,261
44,"('3N1kUtqJ25A_00165',)",0,286
26,"('3N1kUtqJ25A_00166',)",0,488
26,"('3N1kUtqJ25A_00167',)",0,283
26,"('3N1kUtqJ25A_00168',)",0,295
35,"('3N1kUtqJ25A_00169',)",0,271
35,"('3N1kUtqJ25A_00170',)",0,309
35,"('3N1kUtqJ25A_00171',)",0,287
44,"('3N1kUtqJ25A_00172',)",0,147
44,"('3N1kUtqJ25A_00173',)",0,242
44,"('3N1kUtqJ25A_00174',)",0,244
33,"('3N1kUtqJ25A_00175',)",0,200
33,"('3N1kUtqJ25A_00176',)",0,278
33,"('3N1kUtqJ25A_00177',)",0,267
26,"('3N1kUtqJ25A_00178',)",0,125
26,"('3N1kUtqJ25A_00179',)",0,224
26,"('3N1kUtqJ25A_00180',)",0,234
12,"('3N1kUtqJ25A_00181',)",0,176
12,"('3N1kUtqJ25A_00182',)",0,254
12,"('3N1kUtqJ25A_00183',)",0,320
35,"('3N1kUtqJ25A_00184',)",0,247
35,"('3N1kUtqJ25A_00185',)",0,257
35,"('3N1kUtqJ25A_00186',)",0,258
7,"('3N1kUtqJ25A_00187',)",0,172
7,"('3N1kUtqJ25A_00188',)",0,250
7,"('3N1kUtqJ25A_00189',)",0,249
26,"('3N1kUtqJ25A_00190',)",0,189
26,"('3N1kUtqJ25A_00191',)",0,301
26,"('3N1kUtqJ25A_00192',)",0,262
26,"('3N1kUtqJ25A_00193',)",0,157
26,"('3N1kUtqJ25A_00194',)",0,246
26,"('3N1kUtqJ25A_00195',)",0,252
35,"('3N1kUtqJ25A_00196',)",0,113
35,"('3N1kUtqJ25A_00197',)",0,235
35,"('3N1kUtqJ25A_00198',)",0,229
26,"('3N1kUtqJ25A_00199',)",0,143
26,"('3N1kUtqJ25A_00200',)",0,241
26,"('3N1kUtqJ25A_00201',)",0,272
14,"('3N1kUtqJ25A_00202',)",0,113
14,"('3N1kUtqJ25A_00203',)",0,240
14,"('3N1kUtqJ25A_00204',)",0,223
7,"('3N1kUtqJ25A_00205',)",0,107
7,"('3N1kUtqJ25A_00206',)",0,214
7,"('3N1kUtqJ25A_00207',)",0,215
27,"('3N1kUtqJ25A_00208',)",0,174
27,"('3N1kUtqJ25A_00209',)",0,295
27,"('3N1kUtqJ25A_00210',)",0,291
9,"('3N1kUtqJ25A_00211',)",0,223
9,"('3N1kUtqJ25A_00212',)",0,269
9,"('3N1kUtqJ25A_00213',)",0,270
28,"('3N1kUtqJ25A_00214',)",0,124
28,"('3N1kUtqJ25A_00215',)",0,253
28,"('3N1kUtqJ25A_00216',)",0,253
9,"('3N1kUtqJ25A_00217',)",0,337
9,"('3N1kUtqJ25A_00218',)",0,209
9,"('3N1kUtqJ25A_00219',)",0,207
26,"('3N1kUtqJ25A_00220',)",0,111
26,"('3N1kUtqJ25A_00221',)",0,222
26,"('3N1kUtqJ25A_00222',)",0,281
7,"('3N1kUtqJ25A_00223',)",0,172
7,"('3N1kUtqJ25A_00224',)",0,251
7,"('3N1kUtqJ25A_00225',)",0,225
9,"('3N1kUtqJ25A_00226',)",0,106
9,"('3N1kUtqJ25A_00227',)",0,224
9,"('3N1kUtqJ25A_00228',)",0,221
35,"('3N1kUtqJ25A_00229',)",0,135
35,"('3N1kUtqJ25A_00230',)",0,257
35,"('3N1kUtqJ25A_00231',)",0,249
12,"('3N1kUtqJ25A_00232',)",0,487
12,"('3N1kUtqJ25A_00233',)",0,258
12,"('3N1kUtqJ25A_00234',)",0,219
5,"('3N1kUtqJ25A_00235',)",0,144
5,"('3N1kUtqJ25A_00236',)",0,251
5,"('3N1kUtqJ25A_00237',)",0,274
5,"('3N1kUtqJ25A_00238',)",0,158
5,"('3N1kUtqJ25A_00239',)",0,239
5,"('3N1kUtqJ25A_00240',)",0,225
5,"('3N1kUtqJ25A_00241',)",0,107
5,"('3N1kUtqJ25A_00242',)",0,230
5,"('3N1kUtqJ25A_00243',)",0,210
21,"('3N1kUtqJ25A_00244',)",0,125
21,"('3N1kUtqJ25A_00245',)",0,273
21,"('3N1kUtqJ25A_00246',)",0,248
5,"('3N1kUtqJ25A_00247',)",0,123
5,"('3N1kUtqJ25A_00248',)",0,500
5,"('3N1kUtqJ25A_00249',)",0,206
5,"('3N1kUtqJ25A_00250',)",0,108
5,"('3N1kUtqJ25A_00251',)",0,236
5,"('3N1kUtqJ25A_00252',)",0,213
5,"('3N1kUtqJ25A_00253',)",0,252
5,"('3N1kUtqJ25A_00254',)",0,320
5,"('3N1kUtqJ25A_00255',)",0,400
5,"('3N1kUtqJ25A_00256',)",0,210
5,"('3N1kUtqJ25A_00257',)",0,298
5,"('3N1kUtqJ25A_00258',)",0,288
33,"('3N1kUtqJ25A_00259',)",0,118
33,"('3N1kUtqJ25A_00260',)",0,246
33,"('3N1kUtqJ25A_00261',)",0,242
2,"('3N1kUtqJ25A_00262',)",0,155
2,"('3N1kUtqJ25A_00263',)",0,276
2,"('3N1kUtqJ25A_00264',)",0,283
5,"('3N1kUtqJ25A_00265',)",0,157
5,"('3N1kUtqJ25A_00266',)",0,275
5,"('3N1kUtqJ25A_00267',)",0,247
33,"('TeboS8s_00w_00000',)",0,169
33,"('TeboS8s_00w_00001',)",0,232
7,"('TeboS8s_00w_00002',)",0,114
7,"('TeboS8s_00w_00003',)",0,208
8,"('TeboS8s_00w_00004',)",0,153
8,"('TeboS8s_00w_00005',)",0,215
27,"('TeboS8s_00w_00006',)",0,260
27,"('TeboS8s_00w_00007',)",0,243
34,"('TeboS8s_00w_00008',)",0,158
34,"('TeboS8s_00w_00009',)",0,209
34,"('TeboS8s_00w_00010',)",0,119
34,"('TeboS8s_00w_00011',)",0,143
34,"('TeboS8s_00w_00012',)",0,183
8,"('TeboS8s_00w_00013',)",0,164
8,"('TeboS8s_00w_00014',)",0,214
21,"('TeboS8s_00w_00015',)",0,243
21,"('TeboS8s_00w_00016',)",0,205
7,"('TeboS8s_00w_00017',)",0,197
7,"('TeboS8s_00w_00018',)",0,214
34,"('TeboS8s_00w_00019',)",0,137
34,"('TeboS8s_00w_00020',)",0,202
26,"('TeboS8s_00w_00021',)",0,307
26,"('TeboS8s_00w_00022',)",0,231
8,"('TeboS8s_00w_00023',)",0,134
8,"('TeboS8s_00w_00024',)",0,180
7,"('TeboS8s_00w_00025',)",0,602
7,"('TeboS8s_00w_00026',)",0,275
43,"('TeboS8s_00w_00027',)",0,172
43,"('TeboS8s_00w_00028',)",0,221
44,"('TeboS8s_00w_00029',)",0,194
44,"('TeboS8s_00w_00030',)",0,210
8,"('TeboS8s_00w_00031',)",0,179
8,"('TeboS8s_00w_00032',)",0,244
8,"('TeboS8s_00w_00033',)",0,165
8,"('TeboS8s_00w_00034',)",0,230
8,"('TeboS8s_00w_00035',)",0,167
8,"('TeboS8s_00w_00036',)",0,216
44,"('TeboS8s_00w_00037',)",0,101
44,"('TeboS8s_00w_00038',)",0,206
26,"('TeboS8s_00w_00039',)",0,267
26,"('TeboS8s_00w_00040',)",0,235
43,"('TeboS8s_00w_00041',)",0,237
43,"('TeboS8s_00w_00042',)",0,240
44,"('TeboS8s_00w_00043',)",0,217
44,"('TeboS8s_00w_00044',)",0,263
43,"('TeboS8s_00w_00045',)",0,118
43,"('TeboS8s_00w_00046',)",0,210
44,"('TeboS8s_00w_00047',)",0,115
44,"('TeboS8s_00w_00048',)",0,219
44,"('TeboS8s_00w_00049',)",0,132
44,"('TeboS8s_00w_00050',)",0,242
21,"('TeboS8s_00w_00051',)",0,249
21,"('TeboS8s_00w_00052',)",0,224
34,"('TeboS8s_00w_00053',)",0,263
34,"('TeboS8s_00w_00054',)",0,177
21,"('TeboS8s_00w_00055',)",0,110
21,"('TeboS8s_00w_00056',)",0,212
44,"('TeboS8s_00w_00057',)",0,114
44,"('TeboS8s_00w_00058',)",0,194
21,"('TeboS8s_00w_00059',)",0,208
21,"('TeboS8s_00w_00060',)",0,224
34,"('TeboS8s_00w_00061',)",0,85
34,"('TeboS8s_00w_00062',)",0,155
7,"('TeboS8s_00w_00063',)",0,146
7,"('TeboS8s_00w_00064',)",0,240
21,"('TeboS8s_00w_00065',)",0,160
21,"('TeboS8s_00w_00066',)",0,205
21,"('TeboS8s_00w_00067',)",0,218
21,"('TeboS8s_00w_00068',)",0,234
35,"('TeboS8s_00w_00069',)",0,341
35,"('TeboS8s_00w_00070',)",0,344
35,"('TeboS8s_00w_00071',)",0,221
35,"('TeboS8s_00w_00072',)",0,306
26,"('TeboS8s_00w_00073',)",0,138
26,"('TeboS8s_00w_00074',)",0,256
10,"('TeboS8s_00w_00075',)",0,545
10,"('TeboS8s_00w_00076',)",0,337
5,"('TeboS8s_00w_00077',)",0,176
5,"('TeboS8s_00w_00078',)",0,293
35,"('TeboS8s_00w_00079',)",0,232
35,"('TeboS8s_00w_00080',)",0,279
26,"('TeboS8s_00w_00081',)",0,194
26,"('TeboS8s_00w_00082',)",0,265
14,"('TeboS8s_00w_00083',)",0,269
14,"('TeboS8s_00w_00084',)",0,318
14,"('TeboS8s_00w_00085',)",0,281
35,"('TeboS8s_00w_00086',)",0,139
35,"('TeboS8s_00w_00087',)",0,245
35,"('TeboS8s_00w_00088',)",0,182
35,"('TeboS8s_00w_00089',)",0,276
35,"('TeboS8s_00w_00090',)",0,121
35,"('TeboS8s_00w_00091',)",0,244
35,"('TeboS8s_00w_00092',)",0,146
35,"('TeboS8s_00w_00093',)",0,286
5,"('TeboS8s_00w_00094',)",0,336
5,"('TeboS8s_00w_00095',)",0,348
12,"('TeboS8s_00w_00096',)",0,177
12,"('TeboS8s_00w_00097',)",0,278
35,"('TeboS8s_00w_00098',)",0,141
35,"('TeboS8s_00w_00099',)",0,247
12,"('TeboS8s_00w_00100',)",0,160
12,"('TeboS8s_00w_00101',)",0,272
35,"('TeboS8s_00w_00102',)",0,113
35,"('TeboS8s_00w_00103',)",0,209
12,"('TeboS8s_00w_00104',)",0,450
12,"('TeboS8s_00w_00105',)",0,337
5,"('TeboS8s_00w_00106',)",0,144
5,"('TeboS8s_00w_00107',)",0,257
26,"('TeboS8s_00w_00108',)",0,198
26,"('TeboS8s_00w_00109',)",0,235
28,"('TeboS8s_00w_00110',)",0,149
28,"('TeboS8s_00w_00111',)",0,266
28,"('TeboS8s_00w_00112',)",0,142
28,"('TeboS8s_00w_00113',)",0,259
45,"('TeboS8s_00w_00114',)",0,177
45,"('TeboS8s_00w_00115',)",0,290
44,"('TeboS8s_00w_00116',)",0,277
44,"('TeboS8s_00w_00117',)",0,283
44,"('TeboS8s_00w_00118',)",0,320
44,"('TeboS8s_00w_00119',)",0,304
9,"('TeboS8s_00w_00120',)",0,236
9,"('TeboS8s_00w_00121',)",0,214
5,"('TeboS8s_00w_00122',)",0,191
5,"('TeboS8s_00w_00123',)",0,299
5,"('TeboS8s_00w_00124',)",0,177
5,"('TeboS8s_00w_00125',)",0,268
26,"('TeboS8s_00w_00126',)",0,132
26,"('TeboS8s_00w_00127',)",0,239
10,"('TeboS8s_00w_00128',)",0,113
10,"('TeboS8s_00w_00129',)",0,227
35,"('TeboS8s_00w_00130',)",0,254
35,"('TeboS8s_00w_00131',)",0,268
12,"('TeboS8s_00w_00132',)",0,151
12,"('TeboS8s_00w_00133',)",0,273
5,"('TeboS8s_00w_00134',)",0,135
5,"('TeboS8s_00w_00135',)",0,243
11,"('TeboS8s_00w_00136',)",0,197
11,"('TeboS8s_00w_00137',)",0,309
11,"('TeboS8s_00w_00138',)",0,261
11,"('TeboS8s_00w_00139',)",0,380
45,"('TeboS8s_00w_00140',)",0,126
45,"('TeboS8s_00w_00141',)",0,248
12,"('TeboS8s_00w_00142',)",0,216
12,"('TeboS8s_00w_00143',)",0,369
5,"('TeboS8s_00w_00144',)",0,206
5,"('TeboS8s_00w_00145',)",0,322
9,"('TeboS8s_00w_00146',)",0,113
9,"('TeboS8s_00w_00147',)",0,214
35,"('TeboS8s_00w_00148',)",0,205
35,"('TeboS8s_00w_00149',)",0,290
12,"('TeboS8s_00w_00150',)",0,184
12,"('TeboS8s_00w_00151',)",0,300
26,"('TeboS8s_00w_00152',)",0,170
26,"('TeboS8s_00w_00153',)",0,274
14,"('TeboS8s_00w_00154',)",0,152
14,"('TeboS8s_00w_00155',)",0,233
35,"('TeboS8s_00w_00156',)",0,113
35,"('TeboS8s_00w_00157',)",0,232
12,"('TeboS8s_00w_00158',)",0,152
12,"('TeboS8s_00w_00159',)",0,255
45,"('TeboS8s_00w_00160',)",0,140
45,"('TeboS8s_00w_00161',)",0,256
28,"('TeboS8s_00w_00162',)",0,114
28,"('TeboS8s_00w_00163',)",0,235
28,"('TeboS8s_00w_00164',)",0,250
28,"('TeboS8s_00w_00165',)",0,271
26,"('TeboS8s_00w_00166',)",0,206
26,"('TeboS8s_00w_00167',)",0,268
26,"('TeboS8s_00w_00168',)",0,123
26,"('TeboS8s_00w_00169',)",0,242
8,"('TeboS8s_00w_00170',)",0,240
8,"('TeboS8s_00w_00171',)",0,249
26,"('TeboS8s_00w_00172',)",0,220
26,"('TeboS8s_00w_00173',)",0,277
45,"('TeboS8s_00w_00174',)",0,148
45,"('TeboS8s_00w_00175',)",0,285
5,"('TeboS8s_00w_00176',)",0,498
5,"('TeboS8s_00w_00177',)",0,366
7,"('TeboS8s_00w_00178',)",0,131
7,"('TeboS8s_00w_00179',)",0,256
22,"('TeboS8s_00w_00180',)",0,138
22,"('TeboS8s_00w_00181',)",0,268
10,"('TeboS8s_00w_00182',)",0,131
10,"('TeboS8s_00w_00183',)",0,220
6,"('TeboS8s_00w_00184',)",0,205
6,"('TeboS8s_00w_00185',)",0,283
35,"('cYkUl8MrXgA_00000',)",0,65
35,"('cYkUl8MrXgA_00001',)",0,152
35,"('cYkUl8MrXgA_00002',)",0,108
35,"('cYkUl8MrXgA_00003',)",0,65
35,"('cYkUl8MrXgA_00004',)",0,164
35,"('cYkUl8MrXgA_00005',)",0,170
5,"('cYkUl8MrXgA_00006',)",0,163
5,"('cYkUl8MrXgA_00007',)",0,164
5,"('cYkUl8MrXgA_00008',)",0,172
35,"('cYkUl8MrXgA_00009',)",0,175
35,"('cYkUl8MrXgA_00010',)",0,180
35,"('cYkUl8MrXgA_00011',)",0,91
5,"('cYkUl8MrXgA_00012',)",0,101
5,"('cYkUl8MrXgA_00013',)",0,177
5,"('cYkUl8MrXgA_00014',)",0,163
26,"('cYkUl8MrXgA_00015',)",0,157
26,"('cYkUl8MrXgA_00016',)",0,142
26,"('cYkUl8MrXgA_00017',)",0,110
26,"('cYkUl8MrXgA_00018',)",0,92
26,"('cYkUl8MrXgA_00019',)",0,124
26,"('cYkUl8MrXgA_00020',)",0,102
10,"('cYkUl8MrXgA_00021',)",0,121
10,"('cYkUl8MrXgA_00022',)",0,150
10,"('cYkUl8MrXgA_00023',)",0,187
26,"('cYkUl8MrXgA_00024',)",0,96
26,"('cYkUl8MrXgA_00025',)",0,138
26,"('cYkUl8MrXgA_00026',)",0,111
35,"('cYkUl8MrXgA_00027',)",0,89
35,"('cYkUl8MrXgA_00028',)",0,158
35,"('cYkUl8MrXgA_00029',)",0,105
26,"('cYkUl8MrXgA_00030',)",0,81
26,"('cYkUl8MrXgA_00031',)",0,140
26,"('cYkUl8MrXgA_00032',)",0,105
35,"('cYkUl8MrXgA_00033',)",0,82
35,"('cYkUl8MrXgA_00034',)",0,180
35,"('cYkUl8MrXgA_00035',)",0,118
12,"('cYkUl8MrXgA_00036',)",0,67
12,"('cYkUl8MrXgA_00037',)",0,180
12,"('cYkUl8MrXgA_00038',)",0,223
26,"('cYkUl8MrXgA_00039',)",0,56
26,"('cYkUl8MrXgA_00040',)",0,131
26,"('cYkUl8MrXgA_00041',)",0,73
26,"('cYkUl8MrXgA_00042',)",0,123
26,"('cYkUl8MrXgA_00043',)",0,173
26,"('cYkUl8MrXgA_00044',)",0,233
5,"('cYkUl8MrXgA_00045',)",0,92
5,"('cYkUl8MrXgA_00046',)",0,178
43,"('cYkUl8MrXgA_00047',)",0,91
43,"('cYkUl8MrXgA_00048',)",0,189
43,"('cYkUl8MrXgA_00049',)",0,127
5,"('cYkUl8MrXgA_00050',)",0,54
5,"('cYkUl8MrXgA_00051',)",0,147
5,"('cYkUl8MrXgA_00052',)",0,88
6,"('cYkUl8MrXgA_00053',)",0,97
6,"('cYkUl8MrXgA_00054',)",0,210
6,"('cYkUl8MrXgA_00055',)",0,192
9,"('cYkUl8MrXgA_00056',)",0,73
9,"('cYkUl8MrXgA_00057',)",0,40
9,"('cYkUl8MrXgA_00058',)",0,151
9,"('cYkUl8MrXgA_00059',)",0,72
28,"('cYkUl8MrXgA_00060',)",0,106
28,"('cYkUl8MrXgA_00061',)",0,227
28,"('cYkUl8MrXgA_00062',)",0,137
35,"('cYkUl8MrXgA_00063',)",0,71
35,"('cYkUl8MrXgA_00064',)",0,176
35,"('cYkUl8MrXgA_00065',)",0,118
26,"('cYkUl8MrXgA_00066',)",0,77
26,"('cYkUl8MrXgA_00067',)",0,169
26,"('cYkUl8MrXgA_00068',)",0,91
5,"('cYkUl8MrXgA_00069',)",0,68
5,"('cYkUl8MrXgA_00070',)",0,189
5,"('cYkUl8MrXgA_00071',)",0,120
10,"('cYkUl8MrXgA_00072',)",0,291
10,"('cYkUl8MrXgA_00073',)",0,227
10,"('cYkUl8MrXgA_00074',)",0,71
35,"('cYkUl8MrXgA_00075',)",0,107
35,"('cYkUl8MrXgA_00076',)",0,153
35,"('cYkUl8MrXgA_00077',)",0,106
35,"('cYkUl8MrXgA_00078',)",0,118
35,"('cYkUl8MrXgA_00079',)",0,160
35,"('cYkUl8MrXgA_00080',)",0,123
26,"('cYkUl8MrXgA_00081',)",0,81
26,"('cYkUl8MrXgA_00082',)",0,152
6,"('cYkUl8MrXgA_00083',)",0,86
6,"('cYkUl8MrXgA_00084',)",0,208
6,"('cYkUl8MrXgA_00085',)",0,179
35,"('cYkUl8MrXgA_00086',)",0,117
35,"('cYkUl8MrXgA_00087',)",0,179
35,"('cYkUl8MrXgA_00088',)",0,109
26,"('cYkUl8MrXgA_00089',)",0,47
26,"('cYkUl8MrXgA_00090',)",0,137
45,"('cYkUl8MrXgA_00091',)",0,99
45,"('cYkUl8MrXgA_00092',)",0,178
45,"('cYkUl8MrXgA_00093',)",0,204
26,"('cYkUl8MrXgA_00094',)",0,91
26,"('cYkUl8MrXgA_00095',)",0,191
26,"('cYkUl8MrXgA_00096',)",0,215
11,"('cYkUl8MrXgA_00097',)",0,80
11,"('cYkUl8MrXgA_00098',)",0,184
11,"('cYkUl8MrXgA_00099',)",0,115
35,"('cYkUl8MrXgA_00100',)",0,93
35,"('cYkUl8MrXgA_00101',)",0,187
35,"('cYkUl8MrXgA_00102',)",0,108
12,"('cYkUl8MrXgA_00103',)",0,132
12,"('cYkUl8MrXgA_00104',)",0,163
12,"('cYkUl8MrXgA_00105',)",0,97
35,"('cYkUl8MrXgA_00106',)",0,102
35,"('cYkUl8MrXgA_00107',)",0,196
35,"('cYkUl8MrXgA_00108',)",0,104
28,"('cYkUl8MrXgA_00109',)",0,151
28,"('cYkUl8MrXgA_00110',)",0,253
28,"('cYkUl8MrXgA_00111',)",0,181
35,"('cYkUl8MrXgA_00112',)",0,80
35,"('cYkUl8MrXgA_00113',)",0,142
35,"('cYkUl8MrXgA_00114',)",0,96
6,"('cYkUl8MrXgA_00115',)",0,130
6,"('cYkUl8MrXgA_00116',)",0,194
6,"('cYkUl8MrXgA_00117',)",0,130
12,"('cYkUl8MrXgA_00118',)",0,118
12,"('cYkUl8MrXgA_00119',)",0,136
12,"('cYkUl8MrXgA_00120',)",0,156
26,"('cYkUl8MrXgA_00121',)",0,180
26,"('cYkUl8MrXgA_00122',)",0,190
26,"('cYkUl8MrXgA_00123',)",0,113
26,"('cYkUl8MrXgA_00124',)",0,92
26,"('cYkUl8MrXgA_00125',)",0,237
26,"('cYkUl8MrXgA_00126',)",0,217
35,"('cYkUl8MrXgA_00127',)",0,53
35,"('cYkUl8MrXgA_00128',)",0,176
35,"('cYkUl8MrXgA_00129',)",0,113
35,"('cYkUl8MrXgA_00130',)",0,80
35,"('cYkUl8MrXgA_00131',)",0,180
35,"('cYkUl8MrXgA_00132',)",0,162
35,"('cYkUl8MrXgA_00133',)",0,146
28,"('cYkUl8MrXgA_00134',)",0,187
28,"('cYkUl8MrXgA_00135',)",0,98
28,"('cYkUl8MrXgA_00136',)",0,64
12,"('cYkUl8MrXgA_00137',)",0,137
12,"('cYkUl8MrXgA_00138',)",0,192
12,"('cYkUl8MrXgA_00139',)",0,125
9,"('cYkUl8MrXgA_00140',)",0,128
9,"('cYkUl8MrXgA_00141',)",0,216
9,"('cYkUl8MrXgA_00142',)",0,126
11,"('cYkUl8MrXgA_00143',)",0,182
11,"('cYkUl8MrXgA_00144',)",0,193
35,"('cYkUl8MrXgA_00145',)",0,119
35,"('cYkUl8MrXgA_00146',)",0,354
35,"('cYkUl8MrXgA_00147',)",0,167
13,"('cYkUl8MrXgA_00148',)",0,117
13,"('cYkUl8MrXgA_00149',)",0,96
13,"('cYkUl8MrXgA_00150',)",0,214
28,"('cYkUl8MrXgA_00151',)",0,52
28,"('cYkUl8MrXgA_00152',)",0,135
28,"('cYkUl8MrXgA_00153',)",0,91
35,"('cYkUl8MrXgA_00154',)",0,74
35,"('cYkUl8MrXgA_00155',)",0,264
35,"('cYkUl8MrXgA_00156',)",0,109
35,"('cYkUl8MrXgA_00157',)",0,78
35,"('cYkUl8MrXgA_00158',)",0,166
35,"('cYkUl8MrXgA_00159',)",0,121
14,"('cYkUl8MrXgA_00160',)",0,94
14,"('cYkUl8MrXgA_00161',)",0,182
14,"('cYkUl8MrXgA_00162',)",0,107
35,"('cYkUl8MrXgA_00163',)",0,112
35,"('cYkUl8MrXgA_00164',)",0,150
35,"('cYkUl8MrXgA_00165',)",0,114
35,"('cYkUl8MrXgA_00166',)",0,289
35,"('cYkUl8MrXgA_00167',)",0,146
35,"('cYkUl8MrXgA_00168',)",0,107
26,"('cYkUl8MrXgA_00169',)",0,89
26,"('cYkUl8MrXgA_00170',)",0,187
26,"('cYkUl8MrXgA_00171',)",0,226
11,"('cYkUl8MrXgA_00172',)",0,75
11,"('cYkUl8MrXgA_00173',)",0,159
11,"('cYkUl8MrXgA_00174',)",0,172
14,"('cYkUl8MrXgA_00175',)",0,74
14,"('cYkUl8MrXgA_00176',)",0,174
14,"('cYkUl8MrXgA_00177',)",0,128
28,"('cYkUl8MrXgA_00178',)",0,75
28,"('cYkUl8MrXgA_00179',)",0,187
28,"('cYkUl8MrXgA_00180',)",0,276
26,"('cYkUl8MrXgA_00181',)",0,154
26,"('cYkUl8MrXgA_00182',)",0,145
14,"('cYkUl8MrXgA_00183',)",0,97
14,"('cYkUl8MrXgA_00184',)",0,105
35,"('cYkUl8MrXgA_00185',)",0,170
35,"('cYkUl8MrXgA_00186',)",0,121
35,"('cYkUl8MrXgA_00187',)",0,65
45,"('cYkUl8MrXgA_00188',)",0,139
45,"('cYkUl8MrXgA_00189',)",0,55
45,"('cYkUl8MrXgA_00190',)",0,137
11,"('cYkUl8MrXgA_00191',)",0,77
11,"('cYkUl8MrXgA_00192',)",0,140
11,"('cYkUl8MrXgA_00193',)",0,149
10,"('cYkUl8MrXgA_00194',)",0,88
10,"('cYkUl8MrXgA_00195',)",0,191
10,"('cYkUl8MrXgA_00196',)",0,156
12,"('cYkUl8MrXgA_00197',)",0,79
12,"('cYkUl8MrXgA_00198',)",0,195
12,"('cYkUl8MrXgA_00199',)",0,260
14,"('cYkUl8MrXgA_00200',)",0,233
14,"('cYkUl8MrXgA_00201',)",0,188
14,"('cYkUl8MrXgA_00202',)",0,188
35,"('cYkUl8MrXgA_00203',)",0,133
35,"('cYkUl8MrXgA_00204',)",0,116
35,"('cYkUl8MrXgA_00205',)",0,112
12,"('cYkUl8MrXgA_00206',)",0,110
12,"('cYkUl8MrXgA_00207',)",0,141
12,"('cYkUl8MrXgA_00208',)",0,125
12,"('cYkUl8MrXgA_00209',)",0,58
35,"('cYkUl8MrXgA_00210',)",0,122
35,"('cYkUl8MrXgA_00211',)",0,86
35,"('cYkUl8MrXgA_00212',)",0,80
14,"('cYkUl8MrXgA_00213',)",0,215
14,"('cYkUl8MrXgA_00214',)",0,78
14,"('cYkUl8MrXgA_00215',)",0,126
10,"('cYkUl8MrXgA_00216',)",0,80
10,"('cYkUl8MrXgA_00217',)",0,208
10,"('cYkUl8MrXgA_00218',)",0,109
12,"('cYkUl8MrXgA_00219',)",0,78
12,"('cYkUl8MrXgA_00220',)",0,128
35,"('cYkUl8MrXgA_00221',)",0,90
35,"('cYkUl8MrXgA_00222',)",0,173
35,"('cYkUl8MrXgA_00223',)",0,210
35,"('cYkUl8MrXgA_00224',)",0,151
14,"('cYkUl8MrXgA_00225',)",0,96
14,"('cYkUl8MrXgA_00226',)",0,192
14,"('cYkUl8MrXgA_00227',)",0,72
28,"('cYkUl8MrXgA_00228',)",0,182
28,"('cYkUl8MrXgA_00229',)",0,119
28,"('cYkUl8MrXgA_00230',)",0,89
45,"('cYkUl8MrXgA_00231',)",0,112
45,"('cYkUl8MrXgA_00232',)",0,164
45,"('cYkUl8MrXgA_00233',)",0,93
45,"('cYkUl8MrXgA_00234',)",0,80
13,"('cYkUl8MrXgA_00235',)",0,164
13,"('cYkUl8MrXgA_00236',)",0,122
13,"('cYkUl8MrXgA_00237',)",0,132
29,"('cYkUl8MrXgA_00238',)",0,194
29,"('cYkUl8MrXgA_00239',)",0,264
29,"('cYkUl8MrXgA_00240',)",0,77
12,"('cYkUl8MrXgA_00241',)",0,42
12,"('cYkUl8MrXgA_00242',)",0,201
12,"('cYkUl8MrXgA_00243',)",0,247
28,"('cYkUl8MrXgA_00244',)",0,133
28,"('cYkUl8MrXgA_00245',)",0,162
28,"('cYkUl8MrXgA_00246',)",0,140
28,"('cYkUl8MrXgA_00247',)",0,79
12,"('cYkUl8MrXgA_00248',)",0,201
12,"('cYkUl8MrXgA_00249',)",0,230
12,"('cYkUl8MrXgA_00250',)",0,148
28,"('cYkUl8MrXgA_00251',)",0,121
28,"('cYkUl8MrXgA_00252',)",0,127
28,"('cYkUl8MrXgA_00253',)",0,205
35,"('cYkUl8MrXgA_00254',)",0,115
35,"('cYkUl8MrXgA_00255',)",0,127
35,"('cYkUl8MrXgA_00256',)",0,189
45,"('cYkUl8MrXgA_00257',)",0,43
45,"('cYkUl8MrXgA_00258',)",0,131
45,"('cYkUl8MrXgA_00259',)",0,128
35,"('cYkUl8MrXgA_00260',)",0,166
35,"('cYkUl8MrXgA_00261',)",0,111
35,"('cYkUl8MrXgA_00262',)",0,92
12,"('cYkUl8MrXgA_00263',)",0,167
12,"('cYkUl8MrXgA_00264',)",0,89
12,"('cYkUl8MrXgA_00265',)",0,62
9,"('cYkUl8MrXgA_00266',)",0,138
9,"('cYkUl8MrXgA_00267',)",0,309
9,"('cYkUl8MrXgA_00268',)",0,62
11,"('cYkUl8MrXgA_00269',)",0,168
11,"('cYkUl8MrXgA_00270',)",0,169
11,"('cYkUl8MrXgA_00271',)",0,97
9,"('cYkUl8MrXgA_00272',)",0,174
9,"('cYkUl8MrXgA_00273',)",0,126
9,"('cYkUl8MrXgA_00274',)",0,88
12,"('cYkUl8MrXgA_00275',)",0,231
12,"('cYkUl8MrXgA_00276',)",0,138
43,"('cYkUl8MrXgA_00277',)",0,227
43,"('cYkUl8MrXgA_00278',)",0,199
43,"('cYkUl8MrXgA_00279',)",0,154
14,"('cYkUl8MrXgA_00280',)",0,128
14,"('cYkUl8MrXgA_00281',)",0,203
14,"('cYkUl8MrXgA_00282',)",0,149
45,"('cYkUl8MrXgA_00283',)",0,172
45,"('cYkUl8MrXgA_00284',)",0,161
45,"('cYkUl8MrXgA_00285',)",0,164
44,"('cYkUl8MrXgA_00286',)",0,79
44,"('cYkUl8MrXgA_00287',)",0,304
44,"('cYkUl8MrXgA_00288',)",0,80
12,"('cYkUl8MrXgA_00289',)",0,163
12,"('cYkUl8MrXgA_00290',)",0,207
12,"('cYkUl8MrXgA_00291',)",0,85
12,"('cYkUl8MrXgA_00292',)",0,203
12,"('cYkUl8MrXgA_00293',)",0,108
26,"('cYkUl8MrXgA_00294',)",0,74
26,"('cYkUl8MrXgA_00295',)",0,129
26,"('cYkUl8MrXgA_00296',)",0,121
45,"('cYkUl8MrXgA_00297',)",0,79
45,"('cYkUl8MrXgA_00298',)",0,179
45,"('cYkUl8MrXgA_00299',)",0,144
10,"('cYkUl8MrXgA_00300',)",0,69
10,"('cYkUl8MrXgA_00301',)",0,200
10,"('cYkUl8MrXgA_00302',)",0,120
45,"('cYkUl8MrXgA_00303',)",0,80
45,"('cYkUl8MrXgA_00304',)",0,217
45,"('cYkUl8MrXgA_00305',)",0,137
28,"('cYkUl8MrXgA_00306',)",0,91
28,"('cYkUl8MrXgA_00307',)",0,166
28,"('cYkUl8MrXgA_00308',)",0,123
45,"('cYkUl8MrXgA_00309',)",0,216
45,"('cYkUl8MrXgA_00310',)",0,141
45,"('cYkUl8MrXgA_00311',)",0,80
11,"('cYkUl8MrXgA_00312',)",0,175
11,"('cYkUl8MrXgA_00313',)",0,165
11,"('cYkUl8MrXgA_00314',)",0,265
11,"('cYkUl8MrXgA_00315',)",0,196
11,"('cYkUl8MrXgA_00316',)",0,179
11,"('cYkUl8MrXgA_00317',)",0,84
5,"('cYkUl8MrXgA_00318',)",0,189
5,"('cYkUl8MrXgA_00319',)",0,203
5,"('cYkUl8MrXgA_00320',)",0,51
28,"('cYkUl8MrXgA_00321',)",0,122
28,"('cYkUl8MrXgA_00322',)",0,128
28,"('cYkUl8MrXgA_00323',)",0,77
45,"('cYkUl8MrXgA_00324',)",0,187
45,"('cYkUl8MrXgA_00325',)",0,104
45,"('cYkUl8MrXgA_00326',)",0,79
10,"('cYkUl8MrXgA_00327',)",0,144
10,"('cYkUl8MrXgA_00328',)",0,80
12,"('cYkUl8MrXgA_00329',)",0,81
12,"('cYkUl8MrXgA_00330',)",0,146
12,"('cYkUl8MrXgA_00331',)",0,90
45,"('cYkUl8MrXgA_00332',)",0,72
45,"('cYkUl8MrXgA_00333',)",0,175
10,"('cYkUl8MrXgA_00334',)",0,305
10,"('cYkUl8MrXgA_00335',)",0,141
10,"('cYkUl8MrXgA_00336',)",0,178
12,"('cYkUl8MrXgA_00337',)",0,187
12,"('cYkUl8MrXgA_00338',)",0,98
12,"('cYkUl8MrXgA_00339',)",0,206
13,"('cYkUl8MrXgA_00340',)",0,157
13,"('cYkUl8MrXgA_00341',)",0,52
12,"('cYkUl8MrXgA_00342',)",0,136
12,"('cYkUl8MrXgA_00343',)",0,48
12,"('cYkUl8MrXgA_00344',)",0,200
45,"('cYkUl8MrXgA_00345',)",0,188
45,"('cYkUl8MrXgA_00346',)",0,76
45,"('cYkUl8MrXgA_00347',)",0,180
45,"('cYkUl8MrXgA_00348',)",0,164
45,"('cYkUl8MrXgA_00349',)",0,125
45,"('cYkUl8MrXgA_00350',)",0,205
6,"('cYkUl8MrXgA_00351',)",0,74
6,"('cYkUl8MrXgA_00352',)",0,216
6,"('cYkUl8MrXgA_00353',)",0,141
45,"('cYkUl8MrXgA_00354',)",0,90
45,"('cYkUl8MrXgA_00355',)",0,225
45,"('cYkUl8MrXgA_00356',)",0,88
45,"('cYkUl8MrXgA_00357',)",0,224
45,"('cYkUl8MrXgA_00358',)",0,156
45,"('cYkUl8MrXgA_00359',)",0,85
5,"('cYkUl8MrXgA_00360',)",0,206
5,"('cYkUl8MrXgA_00361',)",0,209
5,"('cYkUl8MrXgA_00362',)",0,153
11,"('cYkUl8MrXgA_00363',)",0,157
11,"('cYkUl8MrXgA_00364',)",0,98
45,"('cYkUl8MrXgA_00365',)",0,82
45,"('cYkUl8MrXgA_00366',)",0,210
45,"('cYkUl8MrXgA_00367',)",0,137
45,"('cYkUl8MrXgA_00368',)",0,100
45,"('cYkUl8MrXgA_00369',)",0,145
45,"('cYkUl8MrXgA_00370',)",0,115
14,"('cYkUl8MrXgA_00371',)",0,113
14,"('cYkUl8MrXgA_00372',)",0,206
14,"('cYkUl8MrXgA_00373',)",0,121
45,"('cYkUl8MrXgA_00374',)",0,77
45,"('cYkUl8MrXgA_00375',)",0,184
45,"('cYkUl8MrXgA_00376',)",0,96
45,"('cYkUl8MrXgA_00377',)",0,69
12,"('cYkUl8MrXgA_00378',)",0,165
12,"('cYkUl8MrXgA_00379',)",0,84
12,"('cYkUl8MrXgA_00380',)",0,237
45,"('cYkUl8MrXgA_00381',)",0,113
45,"('cYkUl8MrXgA_00382',)",0,96
12,"('cYkUl8MrXgA_00383',)",0,245
12,"('cYkUl8MrXgA_00384',)",0,177
12,"('cYkUl8MrXgA_00385',)",0,100
45,"('cYkUl8MrXgA_00386',)",0,194
45,"('cYkUl8MrXgA_00387',)",0,162
45,"('cYkUl8MrXgA_00388',)",0,89
12,"('cYkUl8MrXgA_00389',)",0,191
12,"('cYkUl8MrXgA_00390',)",0,124
12,"('cYkUl8MrXgA_00391',)",0,72
11,"('cYkUl8MrXgA_00392',)",0,170
11,"('cYkUl8MrXgA_00393',)",0,60
11,"('cYkUl8MrXgA_00394',)",0,223
28,"('cYkUl8MrXgA_00395',)",0,62
28,"('cYkUl8MrXgA_00396',)",0,207
28,"('cYkUl8MrXgA_00397',)",0,136
45,"('cYkUl8MrXgA_00398',)",0,64
45,"('cYkUl8MrXgA_00399',)",0,183
45,"('cYkUl8MrXgA_00400',)",0,97
12,"('cYkUl8MrXgA_00401',)",0,71
12,"('cYkUl8MrXgA_00402',)",0,235
12,"('cYkUl8MrXgA_00403',)",0,109
12,"('cYkUl8MrXgA_00404',)",0,166
11,"('cYkUl8MrXgA_00405',)",0,108
11,"('cYkUl8MrXgA_00406',)",0,98
26,"('cYkUl8MrXgA_00407',)",0,235
26,"('cYkUl8MrXgA_00408',)",0,174
26,"('cYkUl8MrXgA_00409',)",0,55
45,"('cYkUl8MrXgA_00410',)",0,190
45,"('cYkUl8MrXgA_00411',)",0,273
45,"('cYkUl8MrXgA_00412',)",0,70
45,"('cYkUl8MrXgA_00413',)",0,168
45,"('cYkUl8MrXgA_00414',)",0,109
45,"('cYkUl8MrXgA_00415',)",0,87
6,"('cYkUl8MrXgA_00416',)",0,147
6,"('cYkUl8MrXgA_00417',)",0,105
6,"('cYkUl8MrXgA_00418',)",0,76
6,"('cYkUl8MrXgA_00419',)",0,198
6,"('cYkUl8MrXgA_00420',)",0,102
6,"('cYkUl8MrXgA_00421',)",0,115
45,"('cYkUl8MrXgA_00422',)",0,230
45,"('cYkUl8MrXgA_00423',)",0,89
45,"('cYkUl8MrXgA_00424',)",0,109
6,"('cYkUl8MrXgA_00425',)",0,106
6,"('cYkUl8MrXgA_00426',)",0,294
6,"('cYkUl8MrXgA_00427',)",0,48
45,"('cYkUl8MrXgA_00428',)",0,133
45,"('cYkUl8MrXgA_00429',)",0,110
5,"('cYkUl8MrXgA_00430',)",0,69
5,"('cYkUl8MrXgA_00431',)",0,191
5,"('cYkUl8MrXgA_00432',)",0,125
5,"('cYkUl8MrXgA_00433',)",0,90
5,"('cYkUl8MrXgA_00434',)",0,186
5,"('cYkUl8MrXgA_00435',)",0,136
28,"('cYkUl8MrXgA_00436',)",0,117
28,"('cYkUl8MrXgA_00437',)",0,159
28,"('cYkUl8MrXgA_00438',)",0,189
28,"('cYkUl8MrXgA_00439',)",0,67
6,"('cYkUl8MrXgA_00440',)",0,206
6,"('cYkUl8MrXgA_00441',)",0,159
6,"('cYkUl8MrXgA_00442',)",0,83
6,"('cYkUl8MrXgA_00443',)",0,195
6,"('cYkUl8MrXgA_00444',)",0,103
6,"('cYkUl8MrXgA_00445',)",0,86
6,"('cYkUl8MrXgA_00446',)",0,206
6,"('cYkUl8MrXgA_00447',)",0,215
6,"('cYkUl8MrXgA_00448',)",0,70
28,"('cYkUl8MrXgA_00449',)",0,184
28,"('cYkUl8MrXgA_00450',)",0,93
28,"('cYkUl8MrXgA_00451',)",0,184
11,"('cYkUl8MrXgA_00452',)",0,91
11,"('cYkUl8MrXgA_00453',)",0,95
11,"('cYkUl8MrXgA_00454',)",0,144
6,"('cYkUl8MrXgA_00455',)",0,243
6,"('cYkUl8MrXgA_00456',)",0,72
6,"('cYkUl8MrXgA_00457',)",0,145
35,"('cYkUl8MrXgA_00458',)",0,121
35,"('cYkUl8MrXgA_00459',)",0,69
35,"('cYkUl8MrXgA_00460',)",0,64
28,"('cYkUl8MrXgA_00461',)",0,157
28,"('cYkUl8MrXgA_00462',)",0,177
28,"('cYkUl8MrXgA_00463',)",0,62
45,"('cYkUl8MrXgA_00464',)",0,148
45,"('cYkUl8MrXgA_00465',)",0,183
45,"('cYkUl8MrXgA_00466',)",0,113
6,"('cYkUl8MrXgA_00467',)",0,239
6,"('cYkUl8MrXgA_00468',)",0,122
6,"('cYkUl8MrXgA_00469',)",0,131
23,"('cYkUl8MrXgA_00470',)",0,213
23,"('cYkUl8MrXgA_00471',)",0,126
23,"('cYkUl8MrXgA_00472',)",0,68
6,"('cYkUl8MrXgA_00473',)",0,172
6,"('cYkUl8MrXgA_00474',)",0,117
6,"('cYkUl8MrXgA_00475',)",0,86
6,"('cYkUl8MrXgA_00476',)",0,193
6,"('cYkUl8MrXgA_00477',)",0,196
6,"('cYkUl8MrXgA_00478',)",0,54
45,"('cYkUl8MrXgA_00479',)",0,157
45,"('cYkUl8MrXgA_00480',)",0,126
45,"('cYkUl8MrXgA_00481',)",0,370
6,"('cYkUl8MrXgA_00482',)",0,180
6,"('cYkUl8MrXgA_00483',)",0,214
6,"('cYkUl8MrXgA_00484',)",0,112
6,"('cYkUl8MrXgA_00485',)",0,142
6,"('cYkUl8MrXgA_00486',)",0,100
6,"('cYkUl8MrXgA_00487',)",0,91
6,"('cYkUl8MrXgA_00488',)",0,172
6,"('cYkUl8MrXgA_00489',)",0,102
6,"('cYkUl8MrXgA_00490',)",0,67
45,"('cYkUl8MrXgA_00491',)",0,183
45,"('cYkUl8MrXgA_00492',)",0,246
45,"('cYkUl8MrXgA_00493',)",0,113
45,"('cYkUl8MrXgA_00494',)",0,201
5,"('cYkUl8MrXgA_00495',)",0,157
5,"('cYkUl8MrXgA_00496',)",0,68
5,"('cYkUl8MrXgA_00497',)",0,166
6,"('cYkUl8MrXgA_00498',)",0,267
6,"('cYkUl8MrXgA_00499',)",0,110
6,"('cYkUl8MrXgA_00500',)",0,227
6,"('cYkUl8MrXgA_00501',)",0,142
6,"('cYkUl8MrXgA_00502',)",0,105
6,"('cYkUl8MrXgA_00503',)",0,221
6,"('V5parOfpuEQ_00000',)",0,202
6,"('V5parOfpuEQ_00001',)",0,186
6,"('V5parOfpuEQ_00002',)",0,282
35,"('V5parOfpuEQ_00003',)",0,73
35,"('V5parOfpuEQ_00004',)",0,155
35,"('V5parOfpuEQ_00005',)",0,94
5,"('V5parOfpuEQ_00006',)",0,84
5,"('V5parOfpuEQ_00007',)",0,185
5,"('V5parOfpuEQ_00008',)",0,273
35,"('V5parOfpuEQ_00009',)",0,135
35,"('V5parOfpuEQ_00010',)",0,222
35,"('V5parOfpuEQ_00011',)",0,206
26,"('V5parOfpuEQ_00012',)",0,84
26,"('V5parOfpuEQ_00013',)",0,159
26,"('V5parOfpuEQ_00014',)",0,111
26,"('V5parOfpuEQ_00015',)",0,115
26,"('V5parOfpuEQ_00016',)",0,155
26,"('V5parOfpuEQ_00017',)",0,149
29,"('V5parOfpuEQ_00018',)",0,146
29,"('V5parOfpuEQ_00019',)",0,215
29,"('V5parOfpuEQ_00020',)",0,205
35,"('V5parOfpuEQ_00021',)",0,110
35,"('V5parOfpuEQ_00022',)",0,171
35,"('V5parOfpuEQ_00023',)",0,120
35,"('V5parOfpuEQ_00024',)",0,99
35,"('V5parOfpuEQ_00025',)",0,218
35,"('V5parOfpuEQ_00026',)",0,83
28,"('V5parOfpuEQ_00027',)",0,119
28,"('V5parOfpuEQ_00028',)",0,383
12,"('V5parOfpuEQ_00029',)",0,130
12,"('V5parOfpuEQ_00030',)",0,226
12,"('V5parOfpuEQ_00031',)",0,104
10,"('V5parOfpuEQ_00032',)",0,95
10,"('V5parOfpuEQ_00033',)",0,159
10,"('V5parOfpuEQ_00034',)",0,92
35,"('V5parOfpuEQ_00035',)",0,58
35,"('V5parOfpuEQ_00036',)",0,163
35,"('V5parOfpuEQ_00037',)",0,149
35,"('V5parOfpuEQ_00038',)",0,65
35,"('V5parOfpuEQ_00039',)",0,164
35,"('V5parOfpuEQ_00040',)",0,115
35,"('V5parOfpuEQ_00041',)",0,63
35,"('V5parOfpuEQ_00042',)",0,158
35,"('V5parOfpuEQ_00043',)",0,158
35,"('V5parOfpuEQ_00044',)",0,110
35,"('V5parOfpuEQ_00045',)",0,163
35,"('V5parOfpuEQ_00046',)",0,95
11,"('V5parOfpuEQ_00047',)",0,133
11,"('V5parOfpuEQ_00048',)",0,202
11,"('V5parOfpuEQ_00049',)",0,198
11,"('V5parOfpuEQ_00050',)",0,79
35,"('V5parOfpuEQ_00051',)",0,87
35,"('V5parOfpuEQ_00052',)",0,178
35,"('V5parOfpuEQ_00053',)",0,116
28,"('V5parOfpuEQ_00054',)",0,104
28,"('V5parOfpuEQ_00055',)",0,191
28,"('V5parOfpuEQ_00056',)",0,145
26,"('V5parOfpuEQ_00057',)",0,99
26,"('V5parOfpuEQ_00058',)",0,179
26,"('V5parOfpuEQ_00059',)",0,311
11,"('V5parOfpuEQ_00060',)",0,61
11,"('V5parOfpuEQ_00061',)",0,170
11,"('V5parOfpuEQ_00062',)",0,96
6,"('V5parOfpuEQ_00063',)",0,141
6,"('V5parOfpuEQ_00064',)",0,185
6,"('V5parOfpuEQ_00065',)",0,146
35,"('V5parOfpuEQ_00066',)",0,96
35,"('V5parOfpuEQ_00067',)",0,214
35,"('V5parOfpuEQ_00068',)",0,143
12,"('V5parOfpuEQ_00069',)",0,78
12,"('V5parOfpuEQ_00070',)",0,220
28,"('V5parOfpuEQ_00071',)",0,79
28,"('V5parOfpuEQ_00072',)",0,199
28,"('V5parOfpuEQ_00073',)",0,117
12,"('V5parOfpuEQ_00074',)",0,144
12,"('V5parOfpuEQ_00075',)",0,189
12,"('V5parOfpuEQ_00076',)",0,234
35,"('V5parOfpuEQ_00077',)",0,79
35,"('V5parOfpuEQ_00078',)",0,180
35,"('V5parOfpuEQ_00079',)",0,130
28,"('V5parOfpuEQ_00080',)",0,88
28,"('V5parOfpuEQ_00081',)",0,193
28,"('V5parOfpuEQ_00082',)",0,158
45,"('V5parOfpuEQ_00083',)",0,76
45,"('V5parOfpuEQ_00084',)",0,187
45,"('V5parOfpuEQ_00085',)",0,203
13,"('V5parOfpuEQ_00086',)",0,70
13,"('V5parOfpuEQ_00087',)",0,162
13,"('V5parOfpuEQ_00088',)",0,108
28,"('V5parOfpuEQ_00089',)",0,103
28,"('V5parOfpuEQ_00090',)",0,197
28,"('V5parOfpuEQ_00091',)",0,118
35,"('V5parOfpuEQ_00092',)",0,80
35,"('V5parOfpuEQ_00093',)",0,189
35,"('V5parOfpuEQ_00094',)",0,126
26,"('V5parOfpuEQ_00095',)",0,72
26,"('V5parOfpuEQ_00096',)",0,167
26,"('V5parOfpuEQ_00097',)",0,113
13,"('V5parOfpuEQ_00098',)",0,69
13,"('V5parOfpuEQ_00099',)",0,170
13,"('V5parOfpuEQ_00100',)",0,362
45,"('V5parOfpuEQ_00101',)",0,101
45,"('V5parOfpuEQ_00102',)",0,193
45,"('V5parOfpuEQ_00103',)",0,137
14,"('V5parOfpuEQ_00104',)",0,161
14,"('V5parOfpuEQ_00105',)",0,200
14,"('V5parOfpuEQ_00106',)",0,265
28,"('V5parOfpuEQ_00107',)",0,71
28,"('V5parOfpuEQ_00108',)",0,204
28,"('V5parOfpuEQ_00109',)",0,96
35,"('V5parOfpuEQ_00110',)",0,130
35,"('V5parOfpuEQ_00111',)",0,200
35,"('V5parOfpuEQ_00112',)",0,110
11,"('V5parOfpuEQ_00113',)",0,93
11,"('V5parOfpuEQ_00114',)",0,198
35,"('V5parOfpuEQ_00115',)",0,84
35,"('V5parOfpuEQ_00116',)",0,143
35,"('V5parOfpuEQ_00117',)",0,123
28,"('V5parOfpuEQ_00118',)",0,88
28,"('V5parOfpuEQ_00119',)",0,274
28,"('V5parOfpuEQ_00120',)",0,110
10,"('V5parOfpuEQ_00121',)",0,49
10,"('V5parOfpuEQ_00122',)",0,117
10,"('V5parOfpuEQ_00123',)",0,187
14,"('V5parOfpuEQ_00124',)",0,71
14,"('V5parOfpuEQ_00125',)",0,158
14,"('V5parOfpuEQ_00126',)",0,103
45,"('V5parOfpuEQ_00127',)",0,51
45,"('V5parOfpuEQ_00128',)",0,114
45,"('V5parOfpuEQ_00129',)",0,140
13,"('V5parOfpuEQ_00130',)",0,90
13,"('V5parOfpuEQ_00131',)",0,386
13,"('V5parOfpuEQ_00132',)",0,109
11,"('V5parOfpuEQ_00133',)",0,96
11,"('V5parOfpuEQ_00134',)",0,177
11,"('V5parOfpuEQ_00135',)",0,261
11,"('V5parOfpuEQ_00136',)",0,91
45,"('V5parOfpuEQ_00137',)",0,190
45,"('V5parOfpuEQ_00138',)",0,122
45,"('V5parOfpuEQ_00139',)",0,126
45,"('V5parOfpuEQ_00140',)",0,126
45,"('V5parOfpuEQ_00141',)",0,221
45,"('V5parOfpuEQ_00142',)",0,152
12,"('V5parOfpuEQ_00143',)",0,90
12,"('V5parOfpuEQ_00144',)",0,197
28,"('V5parOfpuEQ_00145',)",0,252
28,"('V5parOfpuEQ_00146',)",0,58
28,"('V5parOfpuEQ_00147',)",0,115
10,"('V5parOfpuEQ_00148',)",0,92
10,"('V5parOfpuEQ_00149',)",0,190
10,"('V5parOfpuEQ_00150',)",0,295
35,"('V5parOfpuEQ_00151',)",0,191
35,"('V5parOfpuEQ_00152',)",0,157
35,"('V5parOfpuEQ_00153',)",0,139
45,"('V5parOfpuEQ_00154',)",0,83
45,"('V5parOfpuEQ_00155',)",0,169
45,"('V5parOfpuEQ_00156',)",0,110
14,"('V5parOfpuEQ_00157',)",0,49
14,"('V5parOfpuEQ_00158',)",0,152
14,"('V5parOfpuEQ_00159',)",0,100
9,"('V5parOfpuEQ_00160',)",0,39
9,"('V5parOfpuEQ_00161',)",0,123
9,"('V5parOfpuEQ_00162',)",0,81
45,"('V5parOfpuEQ_00163',)",0,51
45,"('V5parOfpuEQ_00164',)",0,130
45,"('V5parOfpuEQ_00165',)",0,141
45,"('V5parOfpuEQ_00166',)",0,63
45,"('V5parOfpuEQ_00167',)",0,117
45,"('V5parOfpuEQ_00168',)",0,160
12,"('V5parOfpuEQ_00169',)",0,86
12,"('V5parOfpuEQ_00170',)",0,182
12,"('V5parOfpuEQ_00171',)",0,133
10,"('V5parOfpuEQ_00172',)",0,100
10,"('V5parOfpuEQ_00173',)",0,206
10,"('V5parOfpuEQ_00174',)",0,244
11,"('V5parOfpuEQ_00175',)",0,87
11,"('V5parOfpuEQ_00176',)",0,335
11,"('V5parOfpuEQ_00177',)",0,134
11,"('V5parOfpuEQ_00178',)",0,141
11,"('V5parOfpuEQ_00179',)",0,184
11,"('V5parOfpuEQ_00180',)",0,110
28,"('V5parOfpuEQ_00181',)",0,91
28,"('V5parOfpuEQ_00182',)",0,194
28,"('V5parOfpuEQ_00183',)",0,137
11,"('V5parOfpuEQ_00184',)",0,62
11,"('V5parOfpuEQ_00185',)",0,159
11,"('V5parOfpuEQ_00186',)",0,105
11,"('V5parOfpuEQ_00187',)",0,103
11,"('V5parOfpuEQ_00188',)",0,161
11,"('V5parOfpuEQ_00189',)",0,370
45,"('V5parOfpuEQ_00190',)",0,84
45,"('V5parOfpuEQ_00191',)",0,164
45,"('V5parOfpuEQ_00192',)",0,110
45,"('V5parOfpuEQ_00193',)",0,70
45,"('V5parOfpuEQ_00194',)",0,191
45,"('V5parOfpuEQ_00195',)",0,119
11,"('V5parOfpuEQ_00196',)",0,136
11,"('V5parOfpuEQ_00197',)",0,177
11,"('V5parOfpuEQ_00198',)",0,115
11,"('V5parOfpuEQ_00199',)",0,43
11,"('V5parOfpuEQ_00200',)",0,178
11,"('V5parOfpuEQ_00201',)",0,176
12,"('V5parOfpuEQ_00202',)",0,87
12,"('V5parOfpuEQ_00203',)",0,201
12,"('V5parOfpuEQ_00204',)",0,137
13,"('V5parOfpuEQ_00205',)",0,100
13,"('V5parOfpuEQ_00206',)",0,200
45,"('V5parOfpuEQ_00207',)",0,172
45,"('V5parOfpuEQ_00208',)",0,53
45,"('V5parOfpuEQ_00209',)",0,153
45,"('V5parOfpuEQ_00210',)",0,84
45,"('V5parOfpuEQ_00211',)",0,37
14,"('V5parOfpuEQ_00212',)",0,70
14,"('V5parOfpuEQ_00213',)",0,67
14,"('V5parOfpuEQ_00214',)",0,151
12,"('V5parOfpuEQ_00215',)",0,101
12,"('V5parOfpuEQ_00216',)",0,51
12,"('V5parOfpuEQ_00217',)",0,214
45,"('V5parOfpuEQ_00218',)",0,63
45,"('V5parOfpuEQ_00219',)",0,111
45,"('V5parOfpuEQ_00220',)",0,90
45,"('V5parOfpuEQ_00221',)",0,146
45,"('V5parOfpuEQ_00222',)",0,174
45,"('V5parOfpuEQ_00223',)",0,119
45,"('V5parOfpuEQ_00224',)",0,70
45,"('V5parOfpuEQ_00225',)",0,161
45,"('V5parOfpuEQ_00226',)",0,89
6,"('V5parOfpuEQ_00227',)",0,93
6,"('V5parOfpuEQ_00228',)",0,215
6,"('V5parOfpuEQ_00229',)",0,211
6,"('V5parOfpuEQ_00230',)",0,92
45,"('V5parOfpuEQ_00231',)",0,200
45,"('V5parOfpuEQ_00232',)",0,128
45,"('V5parOfpuEQ_00233',)",0,99
28,"('V5parOfpuEQ_00234',)",0,264
28,"('V5parOfpuEQ_00235',)",0,82
28,"('V5parOfpuEQ_00236',)",0,145
6,"('V5parOfpuEQ_00237',)",0,78
6,"('V5parOfpuEQ_00238',)",0,207
6,"('V5parOfpuEQ_00239',)",0,306
7,"('V5parOfpuEQ_00240',)",0,126
7,"('V5parOfpuEQ_00241',)",0,194
7,"('V5parOfpuEQ_00242',)",0,152
6,"('V5parOfpuEQ_00243',)",0,61
6,"('V5parOfpuEQ_00244',)",0,159
45,"('V5parOfpuEQ_00245',)",0,249
45,"('V5parOfpuEQ_00246',)",0,108
45,"('V5parOfpuEQ_00247',)",0,177
6,"('V5parOfpuEQ_00248',)",0,104
6,"('V5parOfpuEQ_00249',)",0,89
6,"('V5parOfpuEQ_00250',)",0,225
45,"('V5parOfpuEQ_00251',)",0,123
45,"('V5parOfpuEQ_00252',)",0,259
45,"('V5parOfpuEQ_00253',)",0,87
6,"('V5parOfpuEQ_00254',)",0,59
6,"('V5parOfpuEQ_00255',)",0,140
6,"('V5parOfpuEQ_00256',)",0,80
11,"('V5parOfpuEQ_00257',)",0,79
11,"('V5parOfpuEQ_00258',)",0,206
11,"('V5parOfpuEQ_00259',)",0,148
11,"('V5parOfpuEQ_00260',)",0,98
6,"('V5parOfpuEQ_00261',)",0,168
6,"('V5parOfpuEQ_00262',)",0,126
6,"('V5parOfpuEQ_00263',)",0,145
6,"('V5parOfpuEQ_00264',)",0,63
6,"('V5parOfpuEQ_00265',)",0,151
6,"('V5parOfpuEQ_00266',)",0,102
6,"('V5parOfpuEQ_00267',)",0,83
6,"('V5parOfpuEQ_00268',)",0,201
6,"('V5parOfpuEQ_00269',)",0,123
6,"('V5parOfpuEQ_00270',)",0,89
6,"('V5parOfpuEQ_00271',)",0,192
6,"('V5parOfpuEQ_00272',)",0,240
23,"('V5parOfpuEQ_00273',)",0,93
23,"('V5parOfpuEQ_00274',)",0,226
23,"('V5parOfpuEQ_00275',)",0,143
23,"('V5parOfpuEQ_00276',)",0,108
28,"('V5parOfpuEQ_00277',)",0,163
28,"('V5parOfpuEQ_00278',)",0,106
28,"('V5parOfpuEQ_00279',)",0,49
28,"('V5parOfpuEQ_00280',)",0,139
28,"('V5parOfpuEQ_00281',)",0,83
28,"('V5parOfpuEQ_00282',)",0,303
6,"('V5parOfpuEQ_00283',)",0,99
6,"('V5parOfpuEQ_00284',)",0,174
6,"('V5parOfpuEQ_00285',)",0,234
6,"('V5parOfpuEQ_00286',)",0,126
6,"('V5parOfpuEQ_00287',)",0,184
6,"('V5parOfpuEQ_00288',)",0,124
6,"('V5parOfpuEQ_00289',)",0,83
6,"('V5parOfpuEQ_00290',)",0,179
6,"('V5parOfpuEQ_00291',)",0,88
19,"('LkluZoNfKu8_00000',)",0,80
19,"('LkluZoNfKu8_00001',)",0,217
36,"('LkluZoNfKu8_00002',)",0,79
36,"('LkluZoNfKu8_00003',)",0,197
36,"('LkluZoNfKu8_00004',)",0,74
36,"('LkluZoNfKu8_00005',)",0,177
36,"('LkluZoNfKu8_00006',)",0,122
36,"('LkluZoNfKu8_00007',)",0,184
29,"('LkluZoNfKu8_00008',)",0,45
29,"('LkluZoNfKu8_00009',)",0,142
29,"('LkluZoNfKu8_00010',)",0,140
29,"('LkluZoNfKu8_00011',)",0,272
29,"('LkluZoNfKu8_00012',)",0,71
29,"('LkluZoNfKu8_00013',)",0,169
29,"('LkluZoNfKu8_00014',)",0,100
29,"('LkluZoNfKu8_00015',)",0,193
30,"('LkluZoNfKu8_00016',)",0,120
30,"('LkluZoNfKu8_00017',)",0,249
15,"('LkluZoNfKu8_00018',)",0,137
15,"('LkluZoNfKu8_00019',)",0,192
29,"('LkluZoNfKu8_00020',)",0,82
29,"('LkluZoNfKu8_00021',)",0,199
15,"('LkluZoNfKu8_00022',)",0,80
15,"('LkluZoNfKu8_00023',)",0,209
46,"('LkluZoNfKu8_00024',)",0,131
46,"('LkluZoNfKu8_00025',)",0,259
46,"('LkluZoNfKu8_00026',)",0,114
46,"('LkluZoNfKu8_00027',)",0,235
47,"('LkluZoNfKu8_00028',)",0,64
47,"('LkluZoNfKu8_00029',)",0,158
37,"('LkluZoNfKu8_00030',)",0,68
37,"('LkluZoNfKu8_00031',)",0,203
37,"('LkluZoNfKu8_00032',)",0,104
26,"('LkluZoNfKu8_00033',)",0,118
26,"('LkluZoNfKu8_00034',)",0,233
21,"('LkluZoNfKu8_00035',)",0,105
21,"('LkluZoNfKu8_00036',)",0,176
7,"('LkluZoNfKu8_00037',)",0,159
7,"('LkluZoNfKu8_00038',)",0,170
26,"('LkluZoNfKu8_00039',)",0,90
26,"('LkluZoNfKu8_00040',)",0,196
7,"('LkluZoNfKu8_00041',)",0,69
7,"('LkluZoNfKu8_00042',)",0,164
7,"('LkluZoNfKu8_00043',)",0,80
7,"('LkluZoNfKu8_00044',)",0,153
7,"('LkluZoNfKu8_00045',)",0,213
7,"('LkluZoNfKu8_00046',)",0,184
33,"('LkluZoNfKu8_00047',)",0,41
33,"('LkluZoNfKu8_00048',)",0,107
33,"('LkluZoNfKu8_00049',)",0,37
33,"('LkluZoNfKu8_00050',)",0,98
7,"('LkluZoNfKu8_00051',)",0,164
7,"('LkluZoNfKu8_00052',)",0,145
7,"('LkluZoNfKu8_00053',)",0,77
33,"('LkluZoNfKu8_00054',)",0,104
33,"('LkluZoNfKu8_00055',)",0,150
43,"('LkluZoNfKu8_00056',)",0,96
43,"('LkluZoNfKu8_00057',)",0,196
43,"('LkluZoNfKu8_00058',)",0,89
43,"('LkluZoNfKu8_00059',)",0,163
26,"('LkluZoNfKu8_00060',)",0,103
26,"('LkluZoNfKu8_00061',)",0,279
43,"('LkluZoNfKu8_00062',)",0,56
43,"('LkluZoNfKu8_00063',)",0,134
21,"('LkluZoNfKu8_00064',)",0,50
21,"('LkluZoNfKu8_00065',)",0,172
7,"('LkluZoNfKu8_00066',)",0,69
7,"('LkluZoNfKu8_00067',)",0,183
43,"('LkluZoNfKu8_00068',)",0,102
43,"('LkluZoNfKu8_00069',)",0,228
21,"('LkluZoNfKu8_00070',)",0,138
21,"('LkluZoNfKu8_00071',)",0,365
43,"('LkluZoNfKu8_00072',)",0,97
43,"('LkluZoNfKu8_00073',)",0,248
21,"('LkluZoNfKu8_00074',)",0,39
21,"('LkluZoNfKu8_00075',)",0,94
21,"('LkluZoNfKu8_00076',)",0,101
21,"('LkluZoNfKu8_00077',)",0,140
21,"('LkluZoNfKu8_00078',)",0,45
21,"('LkluZoNfKu8_00079',)",0,127
33,"('LkluZoNfKu8_00080',)",0,282
33,"('LkluZoNfKu8_00081',)",0,201
33,"('LkluZoNfKu8_00082',)",0,137
33,"('LkluZoNfKu8_00083',)",0,207
21,"('LkluZoNfKu8_00084',)",0,89
21,"('LkluZoNfKu8_00085',)",0,246
7,"('LkluZoNfKu8_00086',)",0,216
7,"('LkluZoNfKu8_00087',)",0,220
7,"('LkluZoNfKu8_00088',)",0,129
7,"('LkluZoNfKu8_00089',)",0,110
7,"('LkluZoNfKu8_00090',)",0,83
7,"('LkluZoNfKu8_00091',)",0,87
19,"('LkluZoNfKu8_00092',)",0,42
19,"('LkluZoNfKu8_00093',)",0,131
36,"('LkluZoNfKu8_00094',)",0,89
36,"('LkluZoNfKu8_00095',)",0,169
36,"('LkluZoNfKu8_00096',)",0,93
36,"('LkluZoNfKu8_00097',)",0,186
36,"('LkluZoNfKu8_00098',)",0,159
36,"('LkluZoNfKu8_00099',)",0,203
29,"('LkluZoNfKu8_00100',)",0,48
29,"('LkluZoNfKu8_00101',)",0,139
29,"('LkluZoNfKu8_00102',)",0,135
29,"('LkluZoNfKu8_00103',)",0,240
0,"('LkluZoNfKu8_00104',)",0,84
0,"('LkluZoNfKu8_00105',)",0,188
46,"('LkluZoNfKu8_00106',)",0,105
46,"('LkluZoNfKu8_00107',)",0,206
47,"('LkluZoNfKu8_00108',)",0,66
47,"('LkluZoNfKu8_00109',)",0,217
37,"('LkluZoNfKu8_00110',)",0,85
37,"('LkluZoNfKu8_00111',)",0,177
37,"('LkluZoNfKu8_00112',)",0,85
26,"('LkluZoNfKu8_00113',)",0,114
26,"('LkluZoNfKu8_00114',)",0,185
33,"('LkluZoNfKu8_00115',)",0,77
33,"('LkluZoNfKu8_00116',)",0,184
7,"('LkluZoNfKu8_00117',)",0,48
7,"('LkluZoNfKu8_00118',)",0,154
7,"('LkluZoNfKu8_00119',)",0,79
33,"('LkluZoNfKu8_00120',)",0,55
33,"('LkluZoNfKu8_00121',)",0,234
43,"('LkluZoNfKu8_00122',)",0,72
43,"('LkluZoNfKu8_00123',)",0,202
43,"('LkluZoNfKu8_00124',)",0,68
43,"('LkluZoNfKu8_00125',)",0,166
26,"('LkluZoNfKu8_00126',)",0,177
21,"('LkluZoNfKu8_00127',)",0,122
21,"('LkluZoNfKu8_00128',)",0,246
26,"('LkluZoNfKu8_00129',)",0,78
26,"('LkluZoNfKu8_00130',)",0,202
7,"('LkluZoNfKu8_00131',)",0,72
7,"('LkluZoNfKu8_00132',)",0,186
7,"('LkluZoNfKu8_00133',)",0,66
7,"('LkluZoNfKu8_00134',)",0,192
7,"('LkluZoNfKu8_00135',)",0,93
7,"('LkluZoNfKu8_00136',)",0,204
33,"('LkluZoNfKu8_00137',)",0,108
33,"('LkluZoNfKu8_00138',)",0,128
33,"('LkluZoNfKu8_00139',)",0,245
30,"('LkluZoNfKu8_00140',)",0,111
30,"('LkluZoNfKu8_00141',)",0,207
29,"('LkluZoNfKu8_00142',)",0,148
29,"('LkluZoNfKu8_00143',)",0,214
46,"('LkluZoNfKu8_00144',)",0,102
46,"('LkluZoNfKu8_00145',)",0,202
15,"('LkluZoNfKu8_00146',)",0,45
15,"('LkluZoNfKu8_00147',)",0,147
29,"('LkluZoNfKu8_00148',)",0,88
29,"('LkluZoNfKu8_00149',)",0,222
15,"('LkluZoNfKu8_00150',)",0,40
15,"('LkluZoNfKu8_00151',)",0,39
15,"('LkluZoNfKu8_00152',)",0,277
15,"('LkluZoNfKu8_00153',)",0,157
19,"('JzOshOJgofw_00000',)",0,111
19,"('JzOshOJgofw_00001',)",0,73
19,"('JzOshOJgofw_00002',)",0,157
19,"('JzOshOJgofw_00003',)",0,183
19,"('JzOshOJgofw_00004',)",0,134
19,"('JzOshOJgofw_00005',)",0,104
31,"('JzOshOJgofw_00006',)",0,83
31,"('JzOshOJgofw_00007',)",0,101
15,"('JzOshOJgofw_00008',)",0,118
15,"('JzOshOJgofw_00009',)",0,109
31,"('JzOshOJgofw_00010',)",0,113
31,"('JzOshOJgofw_00011',)",0,133
16,"('JzOshOJgofw_00012',)",0,69
16,"('JzOshOJgofw_00013',)",0,96
15,"('JzOshOJgofw_00014',)",0,49
15,"('JzOshOJgofw_00015',)",0,72
15,"('JzOshOJgofw_00016',)",0,59
15,"('JzOshOJgofw_00017',)",0,92
15,"('JzOshOJgofw_00018',)",0,83
15,"('JzOshOJgofw_00019',)",0,144
15,"('JzOshOJgofw_00020',)",0,75
15,"('JzOshOJgofw_00021',)",0,109
46,"('JzOshOJgofw_00022',)",0,76
46,"('JzOshOJgofw_00023',)",0,89
15,"('JzOshOJgofw_00024',)",0,140
15,"('JzOshOJgofw_00025',)",0,188
15,"('JzOshOJgofw_00026',)",0,100
15,"('JzOshOJgofw_00027',)",0,132
15,"('JzOshOJgofw_00028',)",0,57
15,"('JzOshOJgofw_00029',)",0,103
15,"('JzOshOJgofw_00030',)",0,86
15,"('JzOshOJgofw_00031',)",0,110
15,"('JzOshOJgofw_00032',)",0,162
15,"('JzOshOJgofw_00033',)",0,114
15,"('JzOshOJgofw_00034',)",0,107
15,"('JzOshOJgofw_00035',)",0,132
15,"('JzOshOJgofw_00036',)",0,47
15,"('JzOshOJgofw_00037',)",0,103
47,"('JzOshOJgofw_00038',)",0,80
47,"('JzOshOJgofw_00039',)",0,89
46,"('JzOshOJgofw_00040',)",0,107
46,"('JzOshOJgofw_00041',)",0,234
46,"('JzOshOJgofw_00042',)",0,101
46,"('JzOshOJgofw_00043',)",0,132
46,"('JzOshOJgofw_00044',)",0,105
46,"('JzOshOJgofw_00045',)",0,195
46,"('JzOshOJgofw_00046',)",0,150
46,"('JzOshOJgofw_00047',)",0,162
46,"('JzOshOJgofw_00048',)",0,106
46,"('JzOshOJgofw_00049',)",0,134
46,"('JzOshOJgofw_00050',)",0,80
19,"('JzOshOJgofw_00051',)",0,114
19,"('JzOshOJgofw_00052',)",0,43
15,"('JzOshOJgofw_00053',)",0,61
15,"('JzOshOJgofw_00054',)",0,115
46,"('JzOshOJgofw_00055',)",0,146
46,"('JzOshOJgofw_00056',)",0,153
15,"('JzOshOJgofw_00057',)",0,111
15,"('JzOshOJgofw_00058',)",0,132
46,"('JzOshOJgofw_00059',)",0,124
46,"('JzOshOJgofw_00060',)",0,213
46,"('JzOshOJgofw_00061',)",0,122
46,"('JzOshOJgofw_00062',)",0,148
31,"('JzOshOJgofw_00063',)",0,157
31,"('JzOshOJgofw_00064',)",0,135
46,"('JzOshOJgofw_00065',)",0,121
46,"('JzOshOJgofw_00066',)",0,207
31,"('JzOshOJgofw_00067',)",0,90
31,"('JzOshOJgofw_00068',)",0,111
31,"('JzOshOJgofw_00069',)",0,63
31,"('JzOshOJgofw_00070',)",0,118
31,"('JzOshOJgofw_00071',)",0,95
31,"('JzOshOJgofw_00072',)",0,98
31,"('JzOshOJgofw_00073',)",0,83
31,"('JzOshOJgofw_00074',)",0,127
31,"('JzOshOJgofw_00075',)",0,92
31,"('JzOshOJgofw_00076',)",0,134
0,"('JzOshOJgofw_00077',)",0,131
0,"('JzOshOJgofw_00078',)",0,155
46,"('JzOshOJgofw_00079',)",0,96
46,"('JzOshOJgofw_00080',)",0,97
31,"('JzOshOJgofw_00081',)",0,119
31,"('JzOshOJgofw_00082',)",0,87
31,"('JzOshOJgofw_00083',)",0,108
31,"('JzOshOJgofw_00084',)",0,161
31,"('JzOshOJgofw_00085',)",0,114
31,"('JzOshOJgofw_00086',)",0,156
46,"('JzOshOJgofw_00087',)",0,62
46,"('JzOshOJgofw_00088',)",0,103
31,"('JzOshOJgofw_00089',)",0,68
31,"('JzOshOJgofw_00090',)",0,103
31,"('JzOshOJgofw_00091',)",0,104
31,"('JzOshOJgofw_00092',)",0,172
31,"('JzOshOJgofw_00093',)",0,90
31,"('JzOshOJgofw_00094',)",0,80
32,"('JzOshOJgofw_00095',)",0,169
32,"('JzOshOJgofw_00096',)",0,115
19,"('JzOshOJgofw_00097',)",0,70
19,"('JzOshOJgofw_00098',)",0,100
19,"('JzOshOJgofw_00099',)",0,98
19,"('JzOshOJgofw_00100',)",0,143
19,"('JzOshOJgofw_00101',)",0,116
19,"('JzOshOJgofw_00102',)",0,180
1,"('JzOshOJgofw_00103',)",0,176
1,"('JzOshOJgofw_00104',)",0,98
37,"('JzOshOJgofw_00105',)",0,131
37,"('JzOshOJgofw_00106',)",0,112
17,"('JzOshOJgofw_00107',)",0,45
17,"('JzOshOJgofw_00108',)",0,70
17,"('JzOshOJgofw_00109',)",0,90
17,"('JzOshOJgofw_00110',)",0,114
37,"('JzOshOJgofw_00111',)",0,111
37,"('JzOshOJgofw_00112',)",0,205
31,"('JzOshOJgofw_00113',)",0,63
31,"('JzOshOJgofw_00114',)",0,123
17,"('JzOshOJgofw_00115',)",0,158
17,"('JzOshOJgofw_00116',)",0,177
17,"('JzOshOJgofw_00117',)",0,168
17,"('JzOshOJgofw_00118',)",0,112
17,"('JzOshOJgofw_00119',)",0,119
17,"('JzOshOJgofw_00120',)",0,163
17,"('JzOshOJgofw_00121',)",0,109
17,"('JzOshOJgofw_00122',)",0,146
17,"('JzOshOJgofw_00123',)",0,148
17,"('JzOshOJgofw_00124',)",0,174
17,"('JzOshOJgofw_00125',)",0,118
17,"('JzOshOJgofw_00126',)",0,153
17,"('JzOshOJgofw_00127',)",0,96
17,"('JzOshOJgofw_00128',)",0,133
0,"('JzOshOJgofw_00129',)",0,117
0,"('JzOshOJgofw_00130',)",0,127
17,"('JzOshOJgofw_00131',)",0,126
17,"('JzOshOJgofw_00132',)",0,189
17,"('JzOshOJgofw_00133',)",0,40
17,"('JzOshOJgofw_00134',)",0,66
1,"('JzOshOJgofw_00135',)",0,92
1,"('JzOshOJgofw_00136',)",0,135
24,"('JzOshOJgofw_00137',)",0,163
24,"('JzOshOJgofw_00138',)",0,169
26,"('JzOshOJgofw_00139',)",0,99
26,"('JzOshOJgofw_00140',)",0,144
27,"('JzOshOJgofw_00141',)",0,166
27,"('JzOshOJgofw_00142',)",0,150
26,"('JzOshOJgofw_00143',)",0,107
26,"('JzOshOJgofw_00144',)",0,130
34,"('JzOshOJgofw_00145',)",0,124
34,"('JzOshOJgofw_00146',)",0,153
34,"('JzOshOJgofw_00147',)",0,66
34,"('JzOshOJgofw_00148',)",0,71
21,"('JzOshOJgofw_00149',)",0,115
21,"('JzOshOJgofw_00150',)",0,63
21,"('JzOshOJgofw_00151',)",0,162
27,"('JzOshOJgofw_00152',)",0,191
27,"('JzOshOJgofw_00153',)",0,127
27,"('JzOshOJgofw_00154',)",0,164
27,"('JzOshOJgofw_00155',)",0,33
34,"('JzOshOJgofw_00156',)",0,131
34,"('JzOshOJgofw_00157',)",0,147
18,"('JzOshOJgofw_00158',)",0,123
18,"('JzOshOJgofw_00159',)",0,146
34,"('JzOshOJgofw_00160',)",0,251
34,"('JzOshOJgofw_00161',)",0,145
33,"('JzOshOJgofw_00162',)",0,91
33,"('JzOshOJgofw_00163',)",0,159
24,"('JzOshOJgofw_00164',)",0,107
24,"('JzOshOJgofw_00165',)",0,124
26,"('JzOshOJgofw_00166',)",0,108
26,"('JzOshOJgofw_00167',)",0,104
24,"('JzOshOJgofw_00168',)",0,54
24,"('JzOshOJgofw_00169',)",0,85
8,"('JzOshOJgofw_00170',)",0,131
8,"('JzOshOJgofw_00171',)",0,152
33,"('JzOshOJgofw_00172',)",0,83
33,"('JzOshOJgofw_00173',)",0,83
43,"('JzOshOJgofw_00174',)",0,86
43,"('JzOshOJgofw_00175',)",0,133
7,"('JzOshOJgofw_00176',)",0,142
7,"('JzOshOJgofw_00177',)",0,107
44,"('JzOshOJgofw_00178',)",0,128
44,"('JzOshOJgofw_00179',)",0,205
34,"('JzOshOJgofw_00180',)",0,132
34,"('JzOshOJgofw_00181',)",0,145
34,"('JzOshOJgofw_00182',)",0,105
34,"('JzOshOJgofw_00183',)",0,128
8,"('JzOshOJgofw_00184',)",0,190
8,"('JzOshOJgofw_00185',)",0,174
27,"('JzOshOJgofw_00186',)",0,204
27,"('JzOshOJgofw_00187',)",0,122
34,"('JzOshOJgofw_00188',)",0,92
34,"('JzOshOJgofw_00189',)",0,111
24,"('JzOshOJgofw_00190',)",0,98
24,"('JzOshOJgofw_00191',)",0,123
26,"('JzOshOJgofw_00192',)",0,243
26,"('JzOshOJgofw_00193',)",0,83
8,"('JzOshOJgofw_00194',)",0,99
8,"('JzOshOJgofw_00195',)",0,114
34,"('JzOshOJgofw_00196',)",0,151
34,"('JzOshOJgofw_00197',)",0,197
21,"('JzOshOJgofw_00198',)",0,47
21,"('JzOshOJgofw_00199',)",0,114
7,"('JzOshOJgofw_00200',)",0,82
7,"('JzOshOJgofw_00201',)",0,93
44,"('JzOshOJgofw_00202',)",0,125
44,"('JzOshOJgofw_00203',)",0,117
7,"('JzOshOJgofw_00204',)",0,172
7,"('JzOshOJgofw_00205',)",0,112
44,"('JzOshOJgofw_00206',)",0,94
44,"('JzOshOJgofw_00207',)",0,124
33,"('JzOshOJgofw_00208',)",0,99
33,"('JzOshOJgofw_00209',)",0,115
44,"('JzOshOJgofw_00210',)",0,51
44,"('JzOshOJgofw_00211',)",0,80
43,"('JzOshOJgofw_00212',)",0,150
43,"('JzOshOJgofw_00213',)",0,128
8,"('JzOshOJgofw_00214',)",0,151
8,"('JzOshOJgofw_00215',)",0,188
8,"('JzOshOJgofw_00216',)",0,106
8,"('JzOshOJgofw_00217',)",0,100
44,"('JzOshOJgofw_00218',)",0,75
44,"('JzOshOJgofw_00219',)",0,97
44,"('JzOshOJgofw_00220',)",0,81
44,"('JzOshOJgofw_00221',)",0,124
8,"('JzOshOJgofw_00222',)",0,113
8,"('JzOshOJgofw_00223',)",0,180
27,"('JzOshOJgofw_00224',)",0,111
27,"('JzOshOJgofw_00225',)",0,150
8,"('JzOshOJgofw_00226',)",0,84
8,"('JzOshOJgofw_00227',)",0,113
7,"('JzOshOJgofw_00228',)",0,42
7,"('JzOshOJgofw_00229',)",0,117
44,"('JzOshOJgofw_00230',)",0,168
44,"('JzOshOJgofw_00231',)",0,117
8,"('JzOshOJgofw_00232',)",0,64
8,"('JzOshOJgofw_00233',)",0,86
43,"('JzOshOJgofw_00234',)",0,114
43,"('JzOshOJgofw_00235',)",0,150
44,"('JzOshOJgofw_00236',)",0,75
44,"('JzOshOJgofw_00237',)",0,126
21,"('JzOshOJgofw_00238',)",0,107
21,"('JzOshOJgofw_00239',)",0,130
43,"('JzOshOJgofw_00240',)",0,112
43,"('JzOshOJgofw_00241',)",0,155
34,"('JzOshOJgofw_00242',)",0,184
34,"('JzOshOJgofw_00243',)",0,182
7,"('JzOshOJgofw_00244',)",0,207
7,"('JzOshOJgofw_00245',)",0,171
7,"('JzOshOJgofw_00246',)",0,46
7,"('JzOshOJgofw_00247',)",0,78
34,"('JzOshOJgofw_00248',)",0,122
34,"('JzOshOJgofw_00249',)",0,112
34,"('JzOshOJgofw_00250',)",0,64
34,"('JzOshOJgofw_00251',)",0,112
8,"('JzOshOJgofw_00252',)",0,70
8,"('JzOshOJgofw_00253',)",0,90
8,"('JzOshOJgofw_00254',)",0,100
8,"('JzOshOJgofw_00255',)",0,103
34,"('JzOshOJgofw_00256',)",0,64
34,"('JzOshOJgofw_00257',)",0,99
44,"('JzOshOJgofw_00258',)",0,245
44,"('JzOshOJgofw_00259',)",0,160
8,"('JzOshOJgofw_00260',)",0,85
8,"('JzOshOJgofw_00261',)",0,120
44,"('JzOshOJgofw_00262',)",0,96
44,"('JzOshOJgofw_00263',)",0,163
43,"('JzOshOJgofw_00264',)",0,53
43,"('JzOshOJgofw_00265',)",0,121
34,"('JzOshOJgofw_00266',)",0,190
34,"('JzOshOJgofw_00267',)",0,143
44,"('JzOshOJgofw_00268',)",0,133
44,"('JzOshOJgofw_00269',)",0,225
7,"('JzOshOJgofw_00270',)",0,89
7,"('JzOshOJgofw_00271',)",0,142
34,"('JzOshOJgofw_00272',)",0,68
34,"('JzOshOJgofw_00273',)",0,88
34,"('JzOshOJgofw_00274',)",0,122
34,"('JzOshOJgofw_00275',)",0,101
21,"('JzOshOJgofw_00276',)",0,188
21,"('JzOshOJgofw_00277',)",0,182
21,"('JzOshOJgofw_00278',)",0,131
21,"('JzOshOJgofw_00279',)",0,131
22,"('JzOshOJgofw_00280',)",0,92
22,"('JzOshOJgofw_00281',)",0,140
21,"('JzOshOJgofw_00282',)",0,113
21,"('JzOshOJgofw_00283',)",0,155
44,"('JzOshOJgofw_00284',)",0,126
44,"('JzOshOJgofw_00285',)",0,108
21,"('JzOshOJgofw_00286',)",0,55
21,"('JzOshOJgofw_00287',)",0,140
2,"('JzOshOJgofw_00288',)",0,103
2,"('JzOshOJgofw_00289',)",0,126
1,"('JzOshOJgofw_00290',)",0,149
1,"('JzOshOJgofw_00291',)",0,222
44,"('JzOshOJgofw_00292',)",0,114
44,"('JzOshOJgofw_00293',)",0,127
21,"('JzOshOJgofw_00294',)",0,88
21,"('JzOshOJgofw_00295',)",0,91
39,"('JzOshOJgofw_00296',)",0,85
39,"('JzOshOJgofw_00297',)",0,174
33,"('JzOshOJgofw_00298',)",0,77
33,"('JzOshOJgofw_00299',)",0,109
15,"('Z_uFnDg-a4I_00000',)",0,207
15,"('Z_uFnDg-a4I_00001',)",0,116
15,"('Z_uFnDg-a4I_00002',)",0,193
15,"('Z_uFnDg-a4I_00003',)",0,118
15,"('Z_uFnDg-a4I_00004',)",0,168
15,"('Z_uFnDg-a4I_00005',)",0,89
19,"('Z_uFnDg-a4I_00006',)",0,78
19,"('Z_uFnDg-a4I_00007',)",0,131
19,"('Z_uFnDg-a4I_00008',)",0,195
36,"('Z_uFnDg-a4I_00009',)",0,58
36,"('Z_uFnDg-a4I_00010',)",0,96
36,"('Z_uFnDg-a4I_00011',)",0,172
36,"('Z_uFnDg-a4I_00012',)",0,245
36,"('Z_uFnDg-a4I_00013',)",0,132
36,"('Z_uFnDg-a4I_00014',)",0,149
46,"('Z_uFnDg-a4I_00015',)",0,193
46,"('Z_uFnDg-a4I_00016',)",0,131
46,"('Z_uFnDg-a4I_00017',)",0,170
46,"('Z_uFnDg-a4I_00018',)",0,94
46,"('Z_uFnDg-a4I_00019',)",0,147
46,"('Z_uFnDg-a4I_00020',)",0,205
46,"('Z_uFnDg-a4I_00021',)",0,125
46,"('Z_uFnDg-a4I_00022',)",0,154
46,"('Z_uFnDg-a4I_00023',)",0,195
35,"('Z_uFnDg-a4I_00024',)",0,87
35,"('Z_uFnDg-a4I_00025',)",0,151
35,"('Z_uFnDg-a4I_00026',)",0,112
26,"('Z_uFnDg-a4I_00027',)",0,72
26,"('Z_uFnDg-a4I_00028',)",0,132
26,"('Z_uFnDg-a4I_00029',)",0,174
26,"('Z_uFnDg-a4I_00030',)",0,81
26,"('Z_uFnDg-a4I_00031',)",0,136
26,"('Z_uFnDg-a4I_00032',)",0,169
35,"('Z_uFnDg-a4I_00033',)",0,83
35,"('Z_uFnDg-a4I_00034',)",0,106
35,"('Z_uFnDg-a4I_00035',)",0,142
12,"('Z_uFnDg-a4I_00036',)",0,239
12,"('Z_uFnDg-a4I_00037',)",0,160
12,"('Z_uFnDg-a4I_00038',)",0,204
45,"('Z_uFnDg-a4I_00039',)",0,172
45,"('Z_uFnDg-a4I_00040',)",0,160
45,"('Z_uFnDg-a4I_00041',)",0,161
35,"('Z_uFnDg-a4I_00042',)",0,73
35,"('Z_uFnDg-a4I_00043',)",0,183
35,"('Z_uFnDg-a4I_00044',)",0,109
35,"('Z_uFnDg-a4I_00045',)",0,209
35,"('Z_uFnDg-a4I_00046',)",0,138
35,"('Z_uFnDg-a4I_00047',)",0,165
12,"('Z_uFnDg-a4I_00048',)",0,62
12,"('Z_uFnDg-a4I_00049',)",0,68
12,"('Z_uFnDg-a4I_00050',)",0,175
45,"('Z_uFnDg-a4I_00051',)",0,122
45,"('Z_uFnDg-a4I_00052',)",0,127
45,"('Z_uFnDg-a4I_00053',)",0,148
11,"('Z_uFnDg-a4I_00054',)",0,179
11,"('Z_uFnDg-a4I_00055',)",0,149
11,"('Z_uFnDg-a4I_00056',)",0,181
5,"('Z_uFnDg-a4I_00057',)",0,122
5,"('Z_uFnDg-a4I_00058',)",0,91
5,"('Z_uFnDg-a4I_00059',)",0,140
5,"('Z_uFnDg-a4I_00060',)",0,120
5,"('Z_uFnDg-a4I_00061',)",0,164
5,"('Z_uFnDg-a4I_00062',)",0,198
26,"('Z_uFnDg-a4I_00063',)",0,170
26,"('Z_uFnDg-a4I_00064',)",0,157
26,"('Z_uFnDg-a4I_00065',)",0,143
5,"('Z_uFnDg-a4I_00066',)",0,62
5,"('Z_uFnDg-a4I_00067',)",0,187
5,"('Z_uFnDg-a4I_00068',)",0,76
5,"('Z_uFnDg-a4I_00069',)",0,73
5,"('Z_uFnDg-a4I_00070',)",0,158
5,"('Z_uFnDg-a4I_00071',)",0,166
22,"('Z_uFnDg-a4I_00072',)",0,108
22,"('Z_uFnDg-a4I_00073',)",0,136
22,"('Z_uFnDg-a4I_00074',)",0,187
6,"('Z_uFnDg-a4I_00075',)",0,103
6,"('Z_uFnDg-a4I_00076',)",0,114
6,"('Z_uFnDg-a4I_00077',)",0,178
5,"('Z_uFnDg-a4I_00078',)",0,102
5,"('Z_uFnDg-a4I_00079',)",0,156
5,"('Z_uFnDg-a4I_00080',)",0,243
5,"('Z_uFnDg-a4I_00081',)",0,194
5,"('Z_uFnDg-a4I_00082',)",0,178
35,"('Z_uFnDg-a4I_00083',)",0,44
35,"('Z_uFnDg-a4I_00084',)",0,54
35,"('Z_uFnDg-a4I_00085',)",0,131
35,"('Z_uFnDg-a4I_00086',)",0,87
35,"('Z_uFnDg-a4I_00087',)",0,47
35,"('Z_uFnDg-a4I_00088',)",0,113
35,"('Z_uFnDg-a4I_00089',)",0,153
26,"('Z_uFnDg-a4I_00090',)",0,106
26,"('Z_uFnDg-a4I_00091',)",0,154
26,"('Z_uFnDg-a4I_00092',)",0,190
26,"('Z_uFnDg-a4I_00093',)",0,99
26,"('Z_uFnDg-a4I_00094',)",0,153
26,"('Z_uFnDg-a4I_00095',)",0,177
35,"('Z_uFnDg-a4I_00096',)",0,70
35,"('Z_uFnDg-a4I_00097',)",0,111
35,"('Z_uFnDg-a4I_00098',)",0,170
12,"('Z_uFnDg-a4I_00099',)",0,70
12,"('Z_uFnDg-a4I_00100',)",0,160
12,"('Z_uFnDg-a4I_00101',)",0,209
45,"('Z_uFnDg-a4I_00102',)",0,103
45,"('Z_uFnDg-a4I_00103',)",0,148
45,"('Z_uFnDg-a4I_00104',)",0,178
35,"('Z_uFnDg-a4I_00105',)",0,280
35,"('Z_uFnDg-a4I_00106',)",0,178
35,"('Z_uFnDg-a4I_00107',)",0,106
35,"('Z_uFnDg-a4I_00108',)",0,46
35,"('Z_uFnDg-a4I_00109',)",0,97
35,"('Z_uFnDg-a4I_00110',)",0,149
12,"('Z_uFnDg-a4I_00111',)",0,97
12,"('Z_uFnDg-a4I_00112',)",0,223
45,"('Z_uFnDg-a4I_00113',)",0,84
45,"('Z_uFnDg-a4I_00114',)",0,122
45,"('Z_uFnDg-a4I_00115',)",0,170
11,"('Z_uFnDg-a4I_00116',)",0,69
11,"('Z_uFnDg-a4I_00117',)",0,113
11,"('Z_uFnDg-a4I_00118',)",0,184
36,"('Z_uFnDg-a4I_00119',)",0,91
36,"('Z_uFnDg-a4I_00120',)",0,113
36,"('Z_uFnDg-a4I_00121',)",0,170
46,"('Z_uFnDg-a4I_00122',)",0,67
46,"('Z_uFnDg-a4I_00123',)",0,139
46,"('Z_uFnDg-a4I_00124',)",0,171
46,"('Z_uFnDg-a4I_00125',)",0,151
46,"('Z_uFnDg-a4I_00126',)",0,157
46,"('Z_uFnDg-a4I_00127',)",0,190
46,"('Z_uFnDg-a4I_00128',)",0,102
46,"('Z_uFnDg-a4I_00129',)",0,183
46,"('Z_uFnDg-a4I_00130',)",0,89
15,"('Z_uFnDg-a4I_00131',)",0,120
15,"('Z_uFnDg-a4I_00132',)",0,112
15,"('Z_uFnDg-a4I_00133',)",0,129
15,"('Z_uFnDg-a4I_00134',)",0,115
15,"('Z_uFnDg-a4I_00135',)",0,186
15,"('Z_uFnDg-a4I_00136',)",0,102
19,"('D8YKHC5hmUs_00000',)",0,114
19,"('D8YKHC5hmUs_00001',)",0,26
19,"('D8YKHC5hmUs_00002',)",0,131
19,"('D8YKHC5hmUs_00003',)",0,83
19,"('D8YKHC5hmUs_00004',)",0,106
19,"('D8YKHC5hmUs_00005',)",0,88
19,"('D8YKHC5hmUs_00006',)",0,128
19,"('D8YKHC5hmUs_00007',)",0,43
19,"('D8YKHC5hmUs_00008',)",0,26
19,"('D8YKHC5hmUs_00009',)",0,116
29,"('D8YKHC5hmUs_00010',)",0,62
29,"('D8YKHC5hmUs_00011',)",0,155
19,"('D8YKHC5hmUs_00012',)",0,77
19,"('D8YKHC5hmUs_00013',)",0,124
19,"('D8YKHC5hmUs_00014',)",0,79
19,"('D8YKHC5hmUs_00015',)",0,118
19,"('D8YKHC5hmUs_00016',)",0,35
19,"('D8YKHC5hmUs_00017',)",0,81
19,"('D8YKHC5hmUs_00018',)",0,111
19,"('D8YKHC5hmUs_00019',)",0,123
19,"('D8YKHC5hmUs_00020',)",0,93
19,"('D8YKHC5hmUs_00021',)",0,106
29,"('D8YKHC5hmUs_00022',)",0,99
29,"('D8YKHC5hmUs_00023',)",0,161
19,"('D8YKHC5hmUs_00024',)",0,90
19,"('D8YKHC5hmUs_00025',)",0,118
19,"('D8YKHC5hmUs_00026',)",0,122
19,"('D8YKHC5hmUs_00027',)",0,113
19,"('D8YKHC5hmUs_00028',)",0,66
19,"('D8YKHC5hmUs_00029',)",0,123
19,"('D8YKHC5hmUs_00030',)",0,62
19,"('D8YKHC5hmUs_00031',)",0,154
19,"('D8YKHC5hmUs_00032',)",0,81
19,"('D8YKHC5hmUs_00033',)",0,117
31,"('D8YKHC5hmUs_00034',)",0,132
31,"('D8YKHC5hmUs_00035',)",0,118
15,"('D8YKHC5hmUs_00036',)",0,96
15,"('D8YKHC5hmUs_00037',)",0,85
46,"('D8YKHC5hmUs_00038',)",0,95
46,"('D8YKHC5hmUs_00039',)",0,119
16,"('D8YKHC5hmUs_00040',)",0,97
16,"('D8YKHC5hmUs_00041',)",0,110
47,"('D8YKHC5hmUs_00042',)",0,42
47,"('D8YKHC5hmUs_00043',)",0,87
16,"('D8YKHC5hmUs_00044',)",0,55
16,"('D8YKHC5hmUs_00045',)",0,117
15,"('D8YKHC5hmUs_00046',)",0,78
15,"('D8YKHC5hmUs_00047',)",0,136
15,"('D8YKHC5hmUs_00048',)",0,128
15,"('D8YKHC5hmUs_00049',)",0,116
15,"('D8YKHC5hmUs_00050',)",0,168
15,"('D8YKHC5hmUs_00051',)",0,93
15,"('D8YKHC5hmUs_00052',)",0,126
15,"('D8YKHC5hmUs_00053',)",0,180
15,"('D8YKHC5hmUs_00054',)",0,143
15,"('D8YKHC5hmUs_00055',)",0,66
15,"('D8YKHC5hmUs_00056',)",0,110
29,"('D8YKHC5hmUs_00057',)",0,46
29,"('D8YKHC5hmUs_00058',)",0,88
46,"('D8YKHC5hmUs_00059',)",0,111
46,"('D8YKHC5hmUs_00060',)",0,100
16,"('D8YKHC5hmUs_00061',)",0,67
16,"('D8YKHC5hmUs_00062',)",0,151
31,"('D8YKHC5hmUs_00063',)",0,198
31,"('D8YKHC5hmUs_00064',)",0,132
36,"('D8YKHC5hmUs_00065',)",0,99
36,"('D8YKHC5hmUs_00066',)",0,179
47,"('D8YKHC5hmUs_00067',)",0,52
47,"('D8YKHC5hmUs_00068',)",0,77
29,"('D8YKHC5hmUs_00069',)",0,192
29,"('D8YKHC5hmUs_00070',)",0,122
46,"('D8YKHC5hmUs_00071',)",0,246
46,"('D8YKHC5hmUs_00072',)",0,96
31,"('D8YKHC5hmUs_00073',)",0,139
31,"('D8YKHC5hmUs_00074',)",0,136
46,"('D8YKHC5hmUs_00075',)",0,120
46,"('D8YKHC5hmUs_00076',)",0,158
31,"('D8YKHC5hmUs_00077',)",0,84
31,"('D8YKHC5hmUs_00078',)",0,120
36,"('D8YKHC5hmUs_00079',)",0,190
36,"('D8YKHC5hmUs_00080',)",0,137
29,"('D8YKHC5hmUs_00081',)",0,117
29,"('D8YKHC5hmUs_00082',)",0,102
16,"('D8YKHC5hmUs_00083',)",0,47
16,"('D8YKHC5hmUs_00084',)",0,94
31,"('D8YKHC5hmUs_00085',)",0,64
31,"('D8YKHC5hmUs_00086',)",0,118
46,"('D8YKHC5hmUs_00087',)",0,71
46,"('D8YKHC5hmUs_00088',)",0,99
46,"('D8YKHC5hmUs_00089',)",0,80
46,"('D8YKHC5hmUs_00090',)",0,107
46,"('D8YKHC5hmUs_00091',)",0,152
46,"('D8YKHC5hmUs_00092',)",0,151
0,"('D8YKHC5hmUs_00093',)",0,212
0,"('D8YKHC5hmUs_00094',)",0,120
46,"('D8YKHC5hmUs_00095',)",0,250
46,"('D8YKHC5hmUs_00096',)",0,152
16,"('D8YKHC5hmUs_00097',)",0,163
16,"('D8YKHC5hmUs_00098',)",0,122
47,"('D8YKHC5hmUs_00099',)",0,105
47,"('D8YKHC5hmUs_00100',)",0,112
47,"('D8YKHC5hmUs_00101',)",0,54
46,"('D8YKHC5hmUs_00102',)",0,117
46,"('D8YKHC5hmUs_00103',)",0,25
0,"('D8YKHC5hmUs_00104',)",0,75
0,"('D8YKHC5hmUs_00105',)",0,92
0,"('D8YKHC5hmUs_00106',)",0,124
47,"('D8YKHC5hmUs_00107',)",0,133
47,"('D8YKHC5hmUs_00108',)",0,26
46,"('D8YKHC5hmUs_00109',)",0,47
46,"('D8YKHC5hmUs_00110',)",0,99
15,"('D8YKHC5hmUs_00111',)",0,53
15,"('D8YKHC5hmUs_00112',)",0,111
36,"('D8YKHC5hmUs_00113',)",0,76
36,"('D8YKHC5hmUs_00114',)",0,150
36,"('D8YKHC5hmUs_00115',)",0,75
31,"('D8YKHC5hmUs_00116',)",0,46
31,"('D8YKHC5hmUs_00117',)",0,104
29,"('D8YKHC5hmUs_00118',)",0,66
29,"('D8YKHC5hmUs_00119',)",0,150
15,"('D8YKHC5hmUs_00120',)",0,156
15,"('D8YKHC5hmUs_00121',)",0,111
46,"('D8YKHC5hmUs_00122',)",0,116
46,"('D8YKHC5hmUs_00123',)",0,139
20,"('D8YKHC5hmUs_00124',)",0,127
20,"('D8YKHC5hmUs_00125',)",0,134
0,"('D8YKHC5hmUs_00126',)",0,117
0,"('D8YKHC5hmUs_00127',)",0,114
20,"('D8YKHC5hmUs_00128',)",0,73
20,"('D8YKHC5hmUs_00129',)",0,153
31,"('D8YKHC5hmUs_00130',)",0,119
31,"('D8YKHC5hmUs_00131',)",0,92
0,"('D8YKHC5hmUs_00132',)",0,144
0,"('D8YKHC5hmUs_00133',)",0,159
31,"('D8YKHC5hmUs_00134',)",0,89
31,"('D8YKHC5hmUs_00135',)",0,131
32,"('D8YKHC5hmUs_00136',)",0,64
32,"('D8YKHC5hmUs_00137',)",0,112
36,"('D8YKHC5hmUs_00138',)",0,57
36,"('D8YKHC5hmUs_00139',)",0,65
36,"('D8YKHC5hmUs_00140',)",0,159
32,"('D8YKHC5hmUs_00141',)",0,114
32,"('D8YKHC5hmUs_00142',)",0,150
31,"('D8YKHC5hmUs_00143',)",0,94
31,"('D8YKHC5hmUs_00144',)",0,66
31,"('D8YKHC5hmUs_00145',)",0,59
32,"('D8YKHC5hmUs_00146',)",0,41
32,"('D8YKHC5hmUs_00147',)",0,85
20,"('D8YKHC5hmUs_00148',)",0,173
20,"('D8YKHC5hmUs_00149',)",0,123
0,"('D8YKHC5hmUs_00150',)",0,136
0,"('D8YKHC5hmUs_00151',)",0,156
17,"('D8YKHC5hmUs_00152',)",0,138
17,"('D8YKHC5hmUs_00153',)",0,107
31,"('D8YKHC5hmUs_00154',)",0,57
31,"('D8YKHC5hmUs_00155',)",0,95
46,"('D8YKHC5hmUs_00156',)",0,124
46,"('D8YKHC5hmUs_00157',)",0,118
31,"('D8YKHC5hmUs_00158',)",0,65
31,"('D8YKHC5hmUs_00159',)",0,127
0,"('D8YKHC5hmUs_00160',)",0,115
0,"('D8YKHC5hmUs_00161',)",0,94
32,"('D8YKHC5hmUs_00162',)",0,72
32,"('D8YKHC5hmUs_00163',)",0,108
32,"('D8YKHC5hmUs_00164',)",0,125
32,"('D8YKHC5hmUs_00165',)",0,116
34,"('D8YKHC5hmUs_00166',)",0,59
34,"('D8YKHC5hmUs_00167',)",0,118
24,"('D8YKHC5hmUs_00168',)",0,60
24,"('D8YKHC5hmUs_00169',)",0,106
24,"('D8YKHC5hmUs_00170',)",0,63
24,"('D8YKHC5hmUs_00171',)",0,107
0,"('D8YKHC5hmUs_00172',)",0,65
0,"('D8YKHC5hmUs_00173',)",0,93
0,"('D8YKHC5hmUs_00174',)",0,56
0,"('D8YKHC5hmUs_00175',)",0,148
3,"('D8YKHC5hmUs_00176',)",0,207
3,"('D8YKHC5hmUs_00177',)",0,123
34,"('D8YKHC5hmUs_00178',)",0,124
34,"('D8YKHC5hmUs_00179',)",0,95
4,"('D8YKHC5hmUs_00180',)",0,81
4,"('D8YKHC5hmUs_00181',)",0,140
24,"('D8YKHC5hmUs_00182',)",0,93
24,"('D8YKHC5hmUs_00183',)",0,123
20,"('D8YKHC5hmUs_00184',)",0,248
20,"('D8YKHC5hmUs_00185',)",0,148
25,"('D8YKHC5hmUs_00186',)",0,73
25,"('D8YKHC5hmUs_00187',)",0,148
24,"('D8YKHC5hmUs_00188',)",0,55
24,"('D8YKHC5hmUs_00189',)",0,113
24,"('D8YKHC5hmUs_00190',)",0,63
24,"('D8YKHC5hmUs_00191',)",0,111
1,"('D8YKHC5hmUs_00192',)",0,63
1,"('D8YKHC5hmUs_00193',)",0,110
27,"('D8YKHC5hmUs_00194',)",0,82
27,"('D8YKHC5hmUs_00195',)",0,139
27,"('D8YKHC5hmUs_00196',)",0,79
24,"('D8YKHC5hmUs_00197',)",0,142
24,"('D8YKHC5hmUs_00198',)",0,52
4,"('D8YKHC5hmUs_00199',)",0,56
4,"('D8YKHC5hmUs_00200',)",0,90
17,"('D8YKHC5hmUs_00201',)",0,58
17,"('D8YKHC5hmUs_00202',)",0,106
34,"('D8YKHC5hmUs_00203',)",0,45
34,"('D8YKHC5hmUs_00204',)",0,75
34,"('D8YKHC5hmUs_00205',)",0,49
34,"('D8YKHC5hmUs_00206',)",0,84
8,"('D8YKHC5hmUs_00207',)",0,106
8,"('D8YKHC5hmUs_00208',)",0,117
25,"('D8YKHC5hmUs_00209',)",0,72
25,"('D8YKHC5hmUs_00210',)",0,124
4,"('D8YKHC5hmUs_00211',)",0,91
4,"('D8YKHC5hmUs_00212',)",0,160
0,"('D8YKHC5hmUs_00213',)",0,110
0,"('D8YKHC5hmUs_00214',)",0,134
4,"('D8YKHC5hmUs_00215',)",0,51
4,"('D8YKHC5hmUs_00216',)",0,114
31,"('D8YKHC5hmUs_00217',)",0,73
31,"('D8YKHC5hmUs_00218',)",0,149
24,"('D8YKHC5hmUs_00219',)",0,47
24,"('D8YKHC5hmUs_00220',)",0,83
25,"('D8YKHC5hmUs_00221',)",0,54
25,"('D8YKHC5hmUs_00222',)",0,103
8,"('D8YKHC5hmUs_00223',)",0,55
8,"('D8YKHC5hmUs_00224',)",0,85
19,"('D8YKHC5hmUs_00225',)",0,83
19,"('D8YKHC5hmUs_00226',)",0,138
4,"('D8YKHC5hmUs_00227',)",0,97
4,"('D8YKHC5hmUs_00228',)",0,119
34,"('D8YKHC5hmUs_00229',)",0,54
34,"('D8YKHC5hmUs_00230',)",0,89
34,"('D8YKHC5hmUs_00231',)",0,73
34,"('D8YKHC5hmUs_00232',)",0,119
24,"('D8YKHC5hmUs_00233',)",0,294
24,"('D8YKHC5hmUs_00234',)",0,162
7,"('D8YKHC5hmUs_00235',)",0,50
7,"('D8YKHC5hmUs_00236',)",0,73
7,"('D8YKHC5hmUs_00237',)",0,185
34,"('D8YKHC5hmUs_00238',)",0,65
34,"('D8YKHC5hmUs_00239',)",0,158
25,"('D8YKHC5hmUs_00240',)",0,45
25,"('D8YKHC5hmUs_00241',)",0,89
4,"('D8YKHC5hmUs_00242',)",0,77
4,"('D8YKHC5hmUs_00243',)",0,111
25,"('D8YKHC5hmUs_00244',)",0,148
25,"('D8YKHC5hmUs_00245',)",0,98
2,"('D8YKHC5hmUs_00246',)",0,64
2,"('D8YKHC5hmUs_00247',)",0,95
34,"('D8YKHC5hmUs_00248',)",0,93
34,"('D8YKHC5hmUs_00249',)",0,109
1,"('D8YKHC5hmUs_00250',)",0,166
1,"('D8YKHC5hmUs_00251',)",0,193
32,"('D8YKHC5hmUs_00252',)",0,160
32,"('D8YKHC5hmUs_00253',)",0,128
25,"('D8YKHC5hmUs_00254',)",0,190
25,"('D8YKHC5hmUs_00255',)",0,134
25,"('D8YKHC5hmUs_00256',)",0,78
25,"('D8YKHC5hmUs_00257',)",0,161
25,"('D8YKHC5hmUs_00258',)",0,92
24,"('D8YKHC5hmUs_00259',)",0,50
24,"('D8YKHC5hmUs_00260',)",0,108
3,"('D8YKHC5hmUs_00261',)",0,251
3,"('D8YKHC5hmUs_00262',)",0,128
0,"('D8YKHC5hmUs_00263',)",0,210
0,"('D8YKHC5hmUs_00264',)",0,231
34,"('D8YKHC5hmUs_00265',)",0,213
34,"('D8YKHC5hmUs_00266',)",0,143
32,"('D8YKHC5hmUs_00267',)",0,78
32,"('D8YKHC5hmUs_00268',)",0,100
32,"('D8YKHC5hmUs_00269',)",0,150
32,"('D8YKHC5hmUs_00270',)",0,96
17,"('D8YKHC5hmUs_00271',)",0,81
17,"('D8YKHC5hmUs_00272',)",0,147
17,"('D8YKHC5hmUs_00273',)",0,45
34,"('D8YKHC5hmUs_00274',)",0,25
34,"('D8YKHC5hmUs_00275',)",0,67
44,"('D8YKHC5hmUs_00276',)",0,177
44,"('D8YKHC5hmUs_00277',)",0,127
29,"('Y7QZcr24ye0_00000',)",0,107
29,"('Y7QZcr24ye0_00001',)",0,143
19,"('Y7QZcr24ye0_00002',)",0,262
19,"('Y7QZcr24ye0_00003',)",0,298
19,"('Y7QZcr24ye0_00004',)",0,197
19,"('Y7QZcr24ye0_00005',)",0,236
15,"('Y7QZcr24ye0_00006',)",0,320
15,"('Y7QZcr24ye0_00007',)",0,279
29,"('Y7QZcr24ye0_00008',)",0,195
29,"('Y7QZcr24ye0_00009',)",0,206
19,"('Y7QZcr24ye0_00010',)",0,184
19,"('Y7QZcr24ye0_00011',)",0,201
19,"('Y7QZcr24ye0_00012',)",0,296
19,"('Y7QZcr24ye0_00013',)",0,264
19,"('Y7QZcr24ye0_00014',)",0,179
19,"('Y7QZcr24ye0_00015',)",0,259
19,"('Y7QZcr24ye0_00016',)",0,286
19,"('Y7QZcr24ye0_00017',)",0,201
36,"('Y7QZcr24ye0_00018',)",0,126
36,"('Y7QZcr24ye0_00019',)",0,250
19,"('Y7QZcr24ye0_00020',)",0,206
19,"('Y7QZcr24ye0_00021',)",0,229
19,"('Y7QZcr24ye0_00022',)",0,127
19,"('Y7QZcr24ye0_00023',)",0,208
19,"('Y7QZcr24ye0_00024',)",0,109
19,"('Y7QZcr24ye0_00025',)",0,222
19,"('Y7QZcr24ye0_00026',)",0,165
36,"('Y7QZcr24ye0_00027',)",0,215
36,"('Y7QZcr24ye0_00028',)",0,234
36,"('Y7QZcr24ye0_00029',)",0,161
36,"('Y7QZcr24ye0_00030',)",0,213
19,"('Y7QZcr24ye0_00031',)",0,90
19,"('Y7QZcr24ye0_00032',)",0,191
36,"('Y7QZcr24ye0_00033',)",0,120
36,"('Y7QZcr24ye0_00034',)",0,263
19,"('Y7QZcr24ye0_00035',)",0,170
19,"('Y7QZcr24ye0_00036',)",0,221
19,"('Y7QZcr24ye0_00037',)",0,204
19,"('Y7QZcr24ye0_00038',)",0,213
19,"('Y7QZcr24ye0_00039',)",0,244
19,"('Y7QZcr24ye0_00040',)",0,266
36,"('Y7QZcr24ye0_00041',)",0,111
36,"('Y7QZcr24ye0_00042',)",0,204
19,"('Y7QZcr24ye0_00043',)",0,120
19,"('Y7QZcr24ye0_00044',)",0,193
19,"('Y7QZcr24ye0_00045',)",0,114
19,"('Y7QZcr24ye0_00046',)",0,198
19,"('Y7QZcr24ye0_00047',)",0,174
19,"('Y7QZcr24ye0_00048',)",0,186
15,"('Y7QZcr24ye0_00049',)",0,135
15,"('Y7QZcr24ye0_00050',)",0,227
19,"('Y7QZcr24ye0_00051',)",0,86
19,"('Y7QZcr24ye0_00052',)",0,200
36,"('Y7QZcr24ye0_00053',)",0,192
36,"('Y7QZcr24ye0_00054',)",0,254
36,"('Y7QZcr24ye0_00055',)",0,130
36,"('Y7QZcr24ye0_00056',)",0,189
15,"('Y7QZcr24ye0_00057',)",0,347
15,"('Y7QZcr24ye0_00058',)",0,253
15,"('Y7QZcr24ye0_00059',)",0,182
17,"('Y7QZcr24ye0_00060',)",0,247
17,"('Y7QZcr24ye0_00061',)",0,100
19,"('Y7QZcr24ye0_00062',)",0,197
19,"('Y7QZcr24ye0_00063',)",0,115
36,"('Y7QZcr24ye0_00064',)",0,212
36,"('Y7QZcr24ye0_00065',)",0,86
15,"('Y7QZcr24ye0_00066',)",0,162
15,"('Y7QZcr24ye0_00067',)",0,220
36,"('Y7QZcr24ye0_00068',)",0,135
36,"('Y7QZcr24ye0_00069',)",0,191
46,"('Y7QZcr24ye0_00070',)",0,163
46,"('Y7QZcr24ye0_00071',)",0,213
19,"('Y7QZcr24ye0_00072',)",0,147
19,"('Y7QZcr24ye0_00073',)",0,220
19,"('Y7QZcr24ye0_00074',)",0,302
19,"('Y7QZcr24ye0_00075',)",0,286
19,"('Y7QZcr24ye0_00076',)",0,144
36,"('Y7QZcr24ye0_00077',)",0,234
36,"('Y7QZcr24ye0_00078',)",0,189
15,"('Y7QZcr24ye0_00079',)",0,233
15,"('Y7QZcr24ye0_00080',)",0,155
15,"('Y7QZcr24ye0_00081',)",0,207
15,"('Y7QZcr24ye0_00082',)",0,109
19,"('Y7QZcr24ye0_00083',)",0,115
19,"('Y7QZcr24ye0_00084',)",0,195
15,"('Y7QZcr24ye0_00085',)",0,107
15,"('Y7QZcr24ye0_00086',)",0,203
19,"('Y7QZcr24ye0_00087',)",0,112
19,"('Y7QZcr24ye0_00088',)",0,210
19,"('Y7QZcr24ye0_00089',)",0,124
19,"('Y7QZcr24ye0_00090',)",0,194
15,"('Y7QZcr24ye0_00091',)",0,260
15,"('Y7QZcr24ye0_00092',)",0,166
15,"('Y7QZcr24ye0_00093',)",0,122
15,"('Y7QZcr24ye0_00094',)",0,232
17,"('Y7QZcr24ye0_00095',)",0,187
17,"('Y7QZcr24ye0_00096',)",0,235
15,"('Y7QZcr24ye0_00097',)",0,233
15,"('Y7QZcr24ye0_00098',)",0,213
15,"('Y7QZcr24ye0_00099',)",0,176
15,"('Y7QZcr24ye0_00100',)",0,182
19,"('Y7QZcr24ye0_00101',)",0,128
19,"('Y7QZcr24ye0_00102',)",0,217
19,"('Y7QZcr24ye0_00103',)",0,134
19,"('Y7QZcr24ye0_00104',)",0,213
15,"('Y7QZcr24ye0_00105',)",0,111
15,"('Y7QZcr24ye0_00106',)",0,203
15,"('Y7QZcr24ye0_00107',)",0,223
15,"('Y7QZcr24ye0_00108',)",0,236
15,"('Y7QZcr24ye0_00109',)",0,294
15,"('Y7QZcr24ye0_00110',)",0,248
15,"('Y7QZcr24ye0_00111',)",0,150
15,"('Y7QZcr24ye0_00112',)",0,257
15,"('Y7QZcr24ye0_00113',)",0,107
15,"('Y7QZcr24ye0_00114',)",0,173
46,"('Y7QZcr24ye0_00115',)",0,240
46,"('Y7QZcr24ye0_00116',)",0,247
46,"('Y7QZcr24ye0_00117',)",0,171
46,"('Y7QZcr24ye0_00118',)",0,230
15,"('Y7QZcr24ye0_00119',)",0,102
15,"('Y7QZcr24ye0_00120',)",0,200
46,"('Y7QZcr24ye0_00121',)",0,238
46,"('Y7QZcr24ye0_00122',)",0,211
3,"('Y7QZcr24ye0_00123',)",0,101
3,"('Y7QZcr24ye0_00124',)",0,173
46,"('Y7QZcr24ye0_00125',)",0,137
46,"('Y7QZcr24ye0_00126',)",0,197
15,"('Y7QZcr24ye0_00127',)",0,101
15,"('Y7QZcr24ye0_00128',)",0,196
15,"('Y7QZcr24ye0_00129',)",0,329
15,"('Y7QZcr24ye0_00130',)",0,210
17,"('Y7QZcr24ye0_00131',)",0,153
17,"('Y7QZcr24ye0_00132',)",0,235
15,"('Y7QZcr24ye0_00133',)",0,222
15,"('Y7QZcr24ye0_00134',)",0,248
15,"('Y7QZcr24ye0_00135',)",0,177
15,"('Y7QZcr24ye0_00136',)",0,259
46,"('Y7QZcr24ye0_00137',)",0,113
46,"('Y7QZcr24ye0_00138',)",0,219
46,"('Y7QZcr24ye0_00139',)",0,105
46,"('Y7QZcr24ye0_00140',)",0,198
15,"('Y7QZcr24ye0_00141',)",0,170
15,"('Y7QZcr24ye0_00142',)",0,224
46,"('Y7QZcr24ye0_00143',)",0,397
46,"('Y7QZcr24ye0_00144',)",0,240
15,"('Y7QZcr24ye0_00145',)",0,172
15,"('Y7QZcr24ye0_00146',)",0,211
15,"('Y7QZcr24ye0_00147',)",0,214
15,"('Y7QZcr24ye0_00148',)",0,187
15,"('Y7QZcr24ye0_00149',)",0,266
15,"('Y7QZcr24ye0_00150',)",0,211
46,"('Y7QZcr24ye0_00151',)",0,92
46,"('Y7QZcr24ye0_00152',)",0,174
46,"('Y7QZcr24ye0_00153',)",0,132
46,"('Y7QZcr24ye0_00154',)",0,212
15,"('Y7QZcr24ye0_00155',)",0,128
15,"('Y7QZcr24ye0_00156',)",0,212
46,"('Y7QZcr24ye0_00157',)",0,96
46,"('Y7QZcr24ye0_00158',)",0,180
46,"('Y7QZcr24ye0_00159',)",0,93
46,"('Y7QZcr24ye0_00160',)",0,184
15,"('Y7QZcr24ye0_00161',)",0,243
15,"('Y7QZcr24ye0_00162',)",0,233
15,"('Y7QZcr24ye0_00163',)",0,153
15,"('Y7QZcr24ye0_00164',)",0,234
46,"('Y7QZcr24ye0_00165',)",0,133
46,"('Y7QZcr24ye0_00166',)",0,213
46,"('Y7QZcr24ye0_00167',)",0,185
46,"('Y7QZcr24ye0_00168',)",0,216
46,"('Y7QZcr24ye0_00169',)",0,366
46,"('Y7QZcr24ye0_00170',)",0,285
46,"('Y7QZcr24ye0_00171',)",0,425
46,"('Y7QZcr24ye0_00172',)",0,246
30,"('Y7QZcr24ye0_00173',)",0,190
30,"('Y7QZcr24ye0_00174',)",0,206
46,"('Y7QZcr24ye0_00175',)",0,232
46,"('Y7QZcr24ye0_00176',)",0,228
32,"('Y7QZcr24ye0_00177',)",0,192
32,"('Y7QZcr24ye0_00178',)",0,230
46,"('Y7QZcr24ye0_00179',)",0,290
46,"('Y7QZcr24ye0_00180',)",0,208
36,"('Y7QZcr24ye0_00181',)",0,113
36,"('Y7QZcr24ye0_00182',)",0,217
36,"('Y7QZcr24ye0_00183',)",0,152
36,"('Y7QZcr24ye0_00184',)",0,215
46,"('Y7QZcr24ye0_00185',)",0,174
46,"('Y7QZcr24ye0_00186',)",0,207
36,"('Y7QZcr24ye0_00187',)",0,198
36,"('Y7QZcr24ye0_00188',)",0,194
37,"('Y7QZcr24ye0_00189',)",0,177
37,"('Y7QZcr24ye0_00190',)",0,221
15,"('Y7QZcr24ye0_00191',)",0,160
15,"('Y7QZcr24ye0_00192',)",0,203
46,"('Y7QZcr24ye0_00193',)",0,91
46,"('Y7QZcr24ye0_00194',)",0,175
46,"('Y7QZcr24ye0_00195',)",0,199
46,"('Y7QZcr24ye0_00196',)",0,246
36,"('Y7QZcr24ye0_00197',)",0,229
36,"('Y7QZcr24ye0_00198',)",0,168
36,"('Y7QZcr24ye0_00199',)",0,107
36,"('Y7QZcr24ye0_00200',)",0,170
17,"('Y7QZcr24ye0_00201',)",0,119
17,"('Y7QZcr24ye0_00202',)",0,186
46,"('Y7QZcr24ye0_00203',)",0,254
46,"('Y7QZcr24ye0_00204',)",0,192
46,"('Y7QZcr24ye0_00205',)",0,273
46,"('Y7QZcr24ye0_00206',)",0,226
46,"('Y7QZcr24ye0_00207',)",0,135
46,"('Y7QZcr24ye0_00208',)",0,201
1,"('Y7QZcr24ye0_00209',)",0,177
1,"('Y7QZcr24ye0_00210',)",0,221
19,"('Y7QZcr24ye0_00211',)",0,198
19,"('Y7QZcr24ye0_00212',)",0,149
46,"('Y7QZcr24ye0_00213',)",0,86
46,"('Y7QZcr24ye0_00214',)",0,175
36,"('Y7QZcr24ye0_00215',)",0,102
36,"('Y7QZcr24ye0_00216',)",0,201
46,"('Y7QZcr24ye0_00217',)",0,145
46,"('Y7QZcr24ye0_00218',)",0,197
46,"('Y7QZcr24ye0_00219',)",0,209
46,"('Y7QZcr24ye0_00220',)",0,252
36,"('Y7QZcr24ye0_00221',)",0,133
36,"('Y7QZcr24ye0_00222',)",0,249
19,"('Y7QZcr24ye0_00223',)",0,399
19,"('Y7QZcr24ye0_00224',)",0,253
36,"('Y7QZcr24ye0_00225',)",0,225
36,"('Y7QZcr24ye0_00226',)",0,250
36,"('Y7QZcr24ye0_00227',)",0,251
17,"('Y7QZcr24ye0_00228',)",0,219
17,"('Y7QZcr24ye0_00229',)",0,410
17,"('Y7QZcr24ye0_00230',)",0,311
17,"('Y7QZcr24ye0_00231',)",0,378
0,"('Y7QZcr24ye0_00232',)",0,210
0,"('Y7QZcr24ye0_00233',)",0,190
0,"('Y7QZcr24ye0_00234',)",0,251
0,"('Y7QZcr24ye0_00235',)",0,116
17,"('Y7QZcr24ye0_00236',)",0,202
17,"('Y7QZcr24ye0_00237',)",0,588
17,"('Y7QZcr24ye0_00238',)",0,225
17,"('Y7QZcr24ye0_00239',)",0,157
17,"('Y7QZcr24ye0_00240',)",0,206
17,"('Y7QZcr24ye0_00241',)",0,92
17,"('Y7QZcr24ye0_00242',)",0,126
17,"('Y7QZcr24ye0_00243',)",0,164
36,"('Y7QZcr24ye0_00244',)",0,151
36,"('Y7QZcr24ye0_00245',)",0,252
46,"('Y7QZcr24ye0_00246',)",0,225
46,"('Y7QZcr24ye0_00247',)",0,278
17,"('Y7QZcr24ye0_00248',)",0,200
17,"('Y7QZcr24ye0_00249',)",0,256
0,"('Y7QZcr24ye0_00250',)",0,172
0,"('Y7QZcr24ye0_00251',)",0,96
17,"('Y7QZcr24ye0_00252',)",0,211
17,"('Y7QZcr24ye0_00253',)",0,197
17,"('Y7QZcr24ye0_00254',)",0,178
17,"('Y7QZcr24ye0_00255',)",0,158
0,"('Y7QZcr24ye0_00256',)",0,219
0,"('Y7QZcr24ye0_00257',)",0,589
19,"('Y7QZcr24ye0_00258',)",0,168
19,"('Y7QZcr24ye0_00259',)",0,177
17,"('Y7QZcr24ye0_00260',)",0,191
17,"('Y7QZcr24ye0_00261',)",0,215
17,"('Y7QZcr24ye0_00262',)",0,229
17,"('Y7QZcr24ye0_00263',)",0,245
17,"('Y7QZcr24ye0_00264',)",0,195
17,"('Y7QZcr24ye0_00265',)",0,218
19,"('Y7QZcr24ye0_00266',)",0,370
19,"('Y7QZcr24ye0_00267',)",0,211
17,"('Y7QZcr24ye0_00268',)",0,179
17,"('Y7QZcr24ye0_00269',)",0,261
17,"('Y7QZcr24ye0_00270',)",0,237
17,"('Y7QZcr24ye0_00271',)",0,236
17,"('Y7QZcr24ye0_00272',)",0,100
17,"('Y7QZcr24ye0_00273',)",0,169
17,"('Y7QZcr24ye0_00274',)",0,105
17,"('Y7QZcr24ye0_00275',)",0,174
17,"('Y7QZcr24ye0_00276',)",0,184
17,"('Y7QZcr24ye0_00277',)",0,228
17,"('Y7QZcr24ye0_00278',)",0,220
17,"('Y7QZcr24ye0_00279',)",0,212
37,"('Y7QZcr24ye0_00280',)",0,211
37,"('Y7QZcr24ye0_00281',)",0,234
17,"('Y7QZcr24ye0_00282',)",0,140
17,"('Y7QZcr24ye0_00283',)",0,231
17,"('Y7QZcr24ye0_00284',)",0,138
17,"('Y7QZcr24ye0_00285',)",0,218
17,"('Y7QZcr24ye0_00286',)",0,177
17,"('Y7QZcr24ye0_00287',)",0,190
24,"('Y7QZcr24ye0_00288',)",0,79
24,"('Y7QZcr24ye0_00289',)",0,158
25,"('Y7QZcr24ye0_00290',)",0,122
25,"('Y7QZcr24ye0_00291',)",0,187
24,"('Y7QZcr24ye0_00292',)",0,172
24,"('Y7QZcr24ye0_00293',)",0,211
31,"('Y7QZcr24ye0_00294',)",0,293
31,"('Y7QZcr24ye0_00295',)",0,213
31,"('Y7QZcr24ye0_00296',)",0,246
31,"('Y7QZcr24ye0_00297',)",0,190
3,"('Y7QZcr24ye0_00298',)",0,307
3,"('Y7QZcr24ye0_00299',)",0,223
31,"('Y7QZcr24ye0_00300',)",0,227
31,"('Y7QZcr24ye0_00301',)",0,230
24,"('Y7QZcr24ye0_00302',)",0,215
24,"('Y7QZcr24ye0_00303',)",0,249
41,"('Y7QZcr24ye0_00304',)",0,125
41,"('Y7QZcr24ye0_00305',)",0,228
24,"('Y7QZcr24ye0_00306',)",0,119
24,"('Y7QZcr24ye0_00307',)",0,216
24,"('Y7QZcr24ye0_00308',)",0,418
24,"('Y7QZcr24ye0_00309',)",0,233
31,"('Y7QZcr24ye0_00310',)",0,180
31,"('Y7QZcr24ye0_00311',)",0,201
31,"('Y7QZcr24ye0_00312',)",0,129
31,"('Y7QZcr24ye0_00313',)",0,225
3,"('Y7QZcr24ye0_00314',)",0,178
3,"('Y7QZcr24ye0_00315',)",0,238
31,"('Y7QZcr24ye0_00316',)",0,150
31,"('Y7QZcr24ye0_00317',)",0,190
24,"('Y7QZcr24ye0_00318',)",0,92
24,"('Y7QZcr24ye0_00319',)",0,192
31,"('Y7QZcr24ye0_00320',)",0,97
31,"('Y7QZcr24ye0_00321',)",0,205
31,"('Y7QZcr24ye0_00322',)",0,271
31,"('Y7QZcr24ye0_00323',)",0,233
24,"('Y7QZcr24ye0_00324',)",0,155
24,"('Y7QZcr24ye0_00325',)",0,191
31,"('Y7QZcr24ye0_00326',)",0,151
31,"('Y7QZcr24ye0_00327',)",0,190
24,"('Y7QZcr24ye0_00328',)",0,320
24,"('Y7QZcr24ye0_00329',)",0,286
24,"('Y7QZcr24ye0_00330',)",0,253
24,"('Y7QZcr24ye0_00331',)",0,202
3,"('Y7QZcr24ye0_00332',)",0,237
3,"('Y7QZcr24ye0_00333',)",0,201
31,"('Y7QZcr24ye0_00334',)",0,248
31,"('Y7QZcr24ye0_00335',)",0,231
31,"('Y7QZcr24ye0_00336',)",0,255
24,"('Y7QZcr24ye0_00337',)",0,248
24,"('Y7QZcr24ye0_00338',)",0,205
31,"('Y7QZcr24ye0_00339',)",0,227
31,"('Y7QZcr24ye0_00340',)",0,302
31,"('Y7QZcr24ye0_00341',)",0,220
31,"('Y7QZcr24ye0_00342',)",0,312
3,"('Y7QZcr24ye0_00343',)",0,259
3,"('Y7QZcr24ye0_00344',)",0,147
24,"('Y7QZcr24ye0_00345',)",0,238
24,"('Y7QZcr24ye0_00346',)",0,155
31,"('Y7QZcr24ye0_00347',)",0,168
31,"('Y7QZcr24ye0_00348',)",0,158
31,"('Y7QZcr24ye0_00349',)",0,198
31,"('Y7QZcr24ye0_00350',)",0,142
31,"('Y7QZcr24ye0_00351',)",0,202
31,"('Y7QZcr24ye0_00352',)",0,218
24,"('Y7QZcr24ye0_00353',)",0,186
24,"('Y7QZcr24ye0_00354',)",0,167
31,"('Y7QZcr24ye0_00355',)",0,193
31,"('Y7QZcr24ye0_00356',)",0,102
31,"('Y7QZcr24ye0_00357',)",0,210
31,"('Y7QZcr24ye0_00358',)",0,202
3,"('Y7QZcr24ye0_00359',)",0,237
3,"('Y7QZcr24ye0_00360',)",0,93
3,"('Y7QZcr24ye0_00361',)",0,177
3,"('Y7QZcr24ye0_00362',)",0,310
3,"('Y7QZcr24ye0_00363',)",0,191
3,"('Y7QZcr24ye0_00364',)",0,282
24,"('Y7QZcr24ye0_00365',)",0,233
24,"('Y7QZcr24ye0_00366',)",0,121
24,"('Y7QZcr24ye0_00367',)",0,193
24,"('Y7QZcr24ye0_00368',)",0,87
41,"('Y7QZcr24ye0_00369',)",0,119
41,"('Y7QZcr24ye0_00370',)",0,200
38,"('Y7QZcr24ye0_00371',)",0,229
38,"('Y7QZcr24ye0_00372',)",0,204
41,"('Y7QZcr24ye0_00373',)",0,130
41,"('Y7QZcr24ye0_00374',)",0,223
41,"('Y7QZcr24ye0_00375',)",0,146
41,"('Y7QZcr24ye0_00376',)",0,207
24,"('Y7QZcr24ye0_00377',)",0,175
24,"('Y7QZcr24ye0_00378',)",0,197
25,"('Y7QZcr24ye0_00379',)",0,185
25,"('Y7QZcr24ye0_00380',)",0,204
41,"('Y7QZcr24ye0_00381',)",0,216
41,"('Y7QZcr24ye0_00382',)",0,223
24,"('Y7QZcr24ye0_00383',)",0,286
24,"('Y7QZcr24ye0_00384',)",0,210
41,"('Y7QZcr24ye0_00385',)",0,91
41,"('Y7QZcr24ye0_00386',)",0,174
24,"('Y7QZcr24ye0_00387',)",0,207
24,"('Y7QZcr24ye0_00388',)",0,197
3,"('Y7QZcr24ye0_00389',)",0,253
3,"('Y7QZcr24ye0_00390',)",0,173
31,"('Y7QZcr24ye0_00391',)",0,81
31,"('Y7QZcr24ye0_00392',)",0,155
24,"('Y7QZcr24ye0_00393',)",0,117
24,"('Y7QZcr24ye0_00394',)",0,172
31,"('Y7QZcr24ye0_00395',)",0,132
31,"('Y7QZcr24ye0_00396',)",0,199
3,"('Y7QZcr24ye0_00397',)",0,198
3,"('Y7QZcr24ye0_00398',)",0,182
41,"('Y7QZcr24ye0_00399',)",0,238
41,"('Y7QZcr24ye0_00400',)",0,245
24,"('Y7QZcr24ye0_00401',)",0,191
24,"('Y7QZcr24ye0_00402',)",0,184
24,"('Y7QZcr24ye0_00403',)",0,204
24,"('Y7QZcr24ye0_00404',)",0,239
41,"('Y7QZcr24ye0_00405',)",0,232
41,"('Y7QZcr24ye0_00406',)",0,171
24,"('Y7QZcr24ye0_00407',)",0,96
24,"('Y7QZcr24ye0_00408',)",0,164
41,"('Y7QZcr24ye0_00409',)",0,128
41,"('Y7QZcr24ye0_00410',)",0,184
41,"('Y7QZcr24ye0_00411',)",0,423
41,"('Y7QZcr24ye0_00412',)",0,228
24,"('Y7QZcr24ye0_00413',)",0,134
24,"('Y7QZcr24ye0_00414',)",0,198
24,"('Y7QZcr24ye0_00415',)",0,268
24,"('Y7QZcr24ye0_00416',)",0,220
24,"('Y7QZcr24ye0_00417',)",0,249
24,"('Y7QZcr24ye0_00418',)",0,198
24,"('Y7QZcr24ye0_00419',)",0,125
3,"('Y7QZcr24ye0_00420',)",0,187
3,"('Y7QZcr24ye0_00421',)",0,178
3,"('Y7QZcr24ye0_00422',)",0,166
3,"('Y7QZcr24ye0_00423',)",0,98
3,"('Y7QZcr24ye0_00424',)",0,173
3,"('Y7QZcr24ye0_00425',)",0,395
41,"('Y7QZcr24ye0_00426',)",0,219
41,"('Y7QZcr24ye0_00427',)",0,157
41,"('Y7QZcr24ye0_00428',)",0,206
41,"('Y7QZcr24ye0_00429',)",0,282
41,"('Y7QZcr24ye0_00430',)",0,202
41,"('Y7QZcr24ye0_00431',)",0,248
41,"('Y7QZcr24ye0_00432',)",0,236
41,"('Y7QZcr24ye0_00433',)",0,323
41,"('Y7QZcr24ye0_00434',)",0,197
41,"('Y7QZcr24ye0_00435',)",0,204
31,"('Y7QZcr24ye0_00436',)",0,197
31,"('Y7QZcr24ye0_00437',)",0,140
24,"('Y7QZcr24ye0_00438',)",0,220
24,"('Y7QZcr24ye0_00439',)",0,131
3,"('Y7QZcr24ye0_00440',)",0,213
3,"('Y7QZcr24ye0_00441',)",0,170
3,"('Y7QZcr24ye0_00442',)",0,217
3,"('Y7QZcr24ye0_00443',)",0,207
41,"('Y7QZcr24ye0_00444',)",0,204
41,"('Y7QZcr24ye0_00445',)",0,179
3,"('Y7QZcr24ye0_00446',)",0,212
3,"('Y7QZcr24ye0_00447',)",0,262
31,"('Y7QZcr24ye0_00448',)",0,207
31,"('Y7QZcr24ye0_00449',)",0,197
3,"('Y7QZcr24ye0_00450',)",0,204
3,"('Y7QZcr24ye0_00451',)",0,80
3,"('Y7QZcr24ye0_00452',)",0,120
3,"('Y7QZcr24ye0_00453',)",0,185
3,"('Y7QZcr24ye0_00454',)",0,120
3,"('Y7QZcr24ye0_00455',)",0,192
18,"('Y7QZcr24ye0_00456',)",0,343
18,"('Y7QZcr24ye0_00457',)",0,217
41,"('Y7QZcr24ye0_00458',)",0,97
41,"('Y7QZcr24ye0_00459',)",0,198
3,"('Y7QZcr24ye0_00460',)",0,217
3,"('Y7QZcr24ye0_00461',)",0,227
3,"('Y7QZcr24ye0_00462',)",0,243
3,"('Y7QZcr24ye0_00463',)",0,175
3,"('Y7QZcr24ye0_00464',)",0,232
3,"('Y7QZcr24ye0_00465',)",0,217
24,"('Y7QZcr24ye0_00466',)",0,162
24,"('Y7QZcr24ye0_00467',)",0,223
41,"('Y7QZcr24ye0_00468',)",0,200
41,"('Y7QZcr24ye0_00469',)",0,226
44,"('Y7QZcr24ye0_00470',)",0,248
44,"('Y7QZcr24ye0_00471',)",0,148
38,"('Y7QZcr24ye0_00472',)",0,317
38,"('Y7QZcr24ye0_00473',)",0,217
38,"('Y7QZcr24ye0_00474',)",0,134
38,"('Y7QZcr24ye0_00475',)",0,190
24,"('Y7QZcr24ye0_00476',)",0,106
24,"('Y7QZcr24ye0_00477',)",0,183
3,"('Y7QZcr24ye0_00478',)",0,292
3,"('Y7QZcr24ye0_00479',)",0,244
41,"('Y7QZcr24ye0_00480',)",0,168
41,"('Y7QZcr24ye0_00481',)",0,258
3,"('Y7QZcr24ye0_00482',)",0,84
3,"('Y7QZcr24ye0_00483',)",0,135
41,"('Y7QZcr24ye0_00484',)",0,135
41,"('Y7QZcr24ye0_00485',)",0,239
41,"('Y7QZcr24ye0_00486',)",0,122
41,"('Y7QZcr24ye0_00487',)",0,187
41,"('Y7QZcr24ye0_00488',)",0,96
38,"('Y7QZcr24ye0_00489',)",0,185
38,"('Y7QZcr24ye0_00490',)",0,268
24,"('Y7QZcr24ye0_00491',)",0,176
24,"('Y7QZcr24ye0_00492',)",0,199
24,"('Y7QZcr24ye0_00493',)",0,221
24,"('Y7QZcr24ye0_00494',)",0,145
31,"('Y7QZcr24ye0_00495',)",0,206
31,"('Y7QZcr24ye0_00496',)",0,98
38,"('Y7QZcr24ye0_00497',)",0,180
38,"('Y7QZcr24ye0_00498',)",0,94
38,"('Y7QZcr24ye0_00499',)",0,187
38,"('Y7QZcr24ye0_00500',)",0,296
31,"('Y7QZcr24ye0_00501',)",0,218
31,"('Y7QZcr24ye0_00502',)",0,175
31,"('Y7QZcr24ye0_00503',)",0,227
31,"('Y7QZcr24ye0_00504',)",0,100
31,"('Y7QZcr24ye0_00505',)",0,199
31,"('Y7QZcr24ye0_00506',)",0,327
38,"('Y7QZcr24ye0_00507',)",0,245
38,"('Y7QZcr24ye0_00508',)",0,161
24,"('Y7QZcr24ye0_00509',)",0,244
24,"('Y7QZcr24ye0_00510',)",0,288
18,"('Y7QZcr24ye0_00511',)",0,225
18,"('Y7QZcr24ye0_00512',)",0,133
31,"('Y7QZcr24ye0_00513',)",0,202
31,"('Y7QZcr24ye0_00514',)",0,266
24,"('Y7QZcr24ye0_00515',)",0,226
24,"('Y7QZcr24ye0_00516',)",0,205
3,"('Y7QZcr24ye0_00517',)",0,226
3,"('Y7QZcr24ye0_00518',)",0,193
41,"('Y7QZcr24ye0_00519',)",0,197
41,"('Y7QZcr24ye0_00520',)",0,151
18,"('Y7QZcr24ye0_00521',)",0,192
18,"('Y7QZcr24ye0_00522',)",0,148
31,"('Y7QZcr24ye0_00523',)",0,223
31,"('Y7QZcr24ye0_00524',)",0,228
31,"('Y7QZcr24ye0_00525',)",0,157
31,"('Y7QZcr24ye0_00526',)",0,187
38,"('Y7QZcr24ye0_00527',)",0,294
38,"('Y7QZcr24ye0_00528',)",0,244
38,"('Y7QZcr24ye0_00529',)",0,111
31,"('Y7QZcr24ye0_00530',)",0,204
31,"('Y7QZcr24ye0_00531',)",0,315
24,"('Y7QZcr24ye0_00532',)",0,202
24,"('Y7QZcr24ye0_00533',)",0,256
41,"('Y7QZcr24ye0_00534',)",0,255
41,"('Y7QZcr24ye0_00535',)",0,230
31,"('Y7QZcr24ye0_00536',)",0,201
31,"('Y7QZcr24ye0_00537',)",0,95
31,"('Y7QZcr24ye0_00538',)",0,178
31,"('Y7QZcr24ye0_00539',)",0,412
38,"('Y7QZcr24ye0_00540',)",0,172
38,"('Y7QZcr24ye0_00541',)",0,256
18,"('Y7QZcr24ye0_00542',)",0,214
18,"('Y7QZcr24ye0_00543',)",0,177
38,"('Y7QZcr24ye0_00544',)",0,221
38,"('Y7QZcr24ye0_00545',)",0,158
29,"('Y7QZcr24ye0_00546',)",0,202
29,"('Y7QZcr24ye0_00547',)",0,154
29,"('Y7QZcr24ye0_00548',)",0,205
29,"('Y7QZcr24ye0_00549',)",0,333
29,"('Y7QZcr24ye0_00550',)",0,211
0,"('Y7QZcr24ye0_00551',)",0,115
0,"('Y7QZcr24ye0_00552',)",0,179
0,"('Y7QZcr24ye0_00553',)",0,111
29,"('Y7QZcr24ye0_00554',)",0,181
29,"('Y7QZcr24ye0_00555',)",0,157
29,"('Y7QZcr24ye0_00556',)",0,169
19,"('Y7QZcr24ye0_00557',)",0,330
19,"('Y7QZcr24ye0_00558',)",0,249
19,"('Y7QZcr24ye0_00559',)",0,479
19,"('Y7QZcr24ye0_00560',)",0,200
19,"('Y7QZcr24ye0_00561',)",0,209
19,"('Y7QZcr24ye0_00562',)",0,236
19,"('Y7QZcr24ye0_00563',)",0,103
19,"('Y7QZcr24ye0_00564',)",0,170
19,"('Y7QZcr24ye0_00565',)",0,129
19,"('Y7QZcr24ye0_00566',)",0,174
19,"('Y7QZcr24ye0_00567',)",0,98
19,"('Y7QZcr24ye0_00568',)",0,281
19,"('Y7QZcr24ye0_00569',)",0,95
19,"('Y7QZcr24ye0_00570',)",0,100
19,"('Y7QZcr24ye0_00571',)",0,170
19,"('Y7QZcr24ye0_00572',)",0,357
19,"('Y7QZcr24ye0_00573',)",0,244
19,"('Y7QZcr24ye0_00574',)",0,226
19,"('Y7QZcr24ye0_00575',)",0,200
19,"('Y7QZcr24ye0_00576',)",0,278
19,"('Y7QZcr24ye0_00577',)",0,225
19,"('Y7QZcr24ye0_00578',)",0,294
19,"('Y7QZcr24ye0_00579',)",0,205
19,"('Y7QZcr24ye0_00580',)",0,264
29,"('Y7QZcr24ye0_00581',)",0,219
29,"('Y7QZcr24ye0_00582',)",0,277
29,"('Y7QZcr24ye0_00583',)",0,234
19,"('Y7QZcr24ye0_00584',)",0,272
19,"('Y7QZcr24ye0_00585',)",0,241
19,"('Y7QZcr24ye0_00586',)",0,305
19,"('Y7QZcr24ye0_00587',)",0,229
19,"('Y7QZcr24ye0_00588',)",0,283
19,"('Y7QZcr24ye0_00589',)",0,276
19,"('Y7QZcr24ye0_00590',)",0,354
19,"('Y7QZcr24ye0_00591',)",0,119
19,"('Y7QZcr24ye0_00592',)",0,250
29,"('Y7QZcr24ye0_00593',)",0,202
29,"('Y7QZcr24ye0_00594',)",0,122
29,"('Y7QZcr24ye0_00595',)",0,212
29,"('Y7QZcr24ye0_00596',)",0,185
19,"('Y7QZcr24ye0_00597',)",0,260
19,"('Y7QZcr24ye0_00598',)",0,119
19,"('Y7QZcr24ye0_00599',)",0,245
19,"('Y7QZcr24ye0_00600',)",0,250
19,"('Y7QZcr24ye0_00601',)",0,123
19,"('Y7QZcr24ye0_00602',)",0,250
19,"('Y7QZcr24ye0_00603',)",0,236
19,"('Y7QZcr24ye0_00604',)",0,112
19,"('Y7QZcr24ye0_00605',)",0,248
19,"('Y7QZcr24ye0_00606',)",0,231
19,"('Y7QZcr24ye0_00607',)",0,125
19,"('Y7QZcr24ye0_00608',)",0,80
19,"('Y7QZcr24ye0_00609',)",0,222
19,"('Y7QZcr24ye0_00610',)",0,238
30,"('Y7QZcr24ye0_00611',)",0,110
30,"('Y7QZcr24ye0_00612',)",0,228
30,"('Y7QZcr24ye0_00613',)",0,109
16,"('Y7QZcr24ye0_00614',)",0,226
16,"('Y7QZcr24ye0_00615',)",0,126
16,"('Y7QZcr24ye0_00616',)",0,237
31,"('Y7QZcr24ye0_00617',)",0,221
31,"('Y7QZcr24ye0_00618',)",0,99
31,"('Y7QZcr24ye0_00619',)",0,144
47,"('Y7QZcr24ye0_00620',)",0,212
47,"('Y7QZcr24ye0_00621',)",0,112
47,"('Y7QZcr24ye0_00622',)",0,212
15,"('Y7QZcr24ye0_00623',)",0,219
15,"('Y7QZcr24ye0_00624',)",0,123
15,"('Y7QZcr24ye0_00625',)",0,155
31,"('Y7QZcr24ye0_00626',)",0,189
31,"('Y7QZcr24ye0_00627',)",0,154
31,"('Y7QZcr24ye0_00628',)",0,216
29,"('Y7QZcr24ye0_00629',)",0,265
29,"('Y7QZcr24ye0_00630',)",0,106
29,"('Y7QZcr24ye0_00631',)",0,162
31,"('Y7QZcr24ye0_00632',)",0,200
31,"('Y7QZcr24ye0_00633',)",0,202
31,"('Y7QZcr24ye0_00634',)",0,175
31,"('Y7QZcr24ye0_00635',)",0,254
31,"('Y7QZcr24ye0_00636',)",0,190
31,"('Y7QZcr24ye0_00637',)",0,115
15,"('Y7QZcr24ye0_00638',)",0,167
15,"('Y7QZcr24ye0_00639',)",0,282
15,"('Y7QZcr24ye0_00640',)",0,235
31,"('Y7QZcr24ye0_00641',)",0,241
31,"('Y7QZcr24ye0_00642',)",0,117
31,"('Y7QZcr24ye0_00643',)",0,151
31,"('Y7QZcr24ye0_00644',)",0,194
31,"('Y7QZcr24ye0_00645',)",0,159
31,"('Y7QZcr24ye0_00646',)",0,206
31,"('Y7QZcr24ye0_00647',)",0,233
31,"('Y7QZcr24ye0_00648',)",0,143
31,"('Y7QZcr24ye0_00649',)",0,163
31,"('Y7QZcr24ye0_00650',)",0,202
31,"('Y7QZcr24ye0_00651',)",0,204
31,"('Y7QZcr24ye0_00652',)",0,219
31,"('Y7QZcr24ye0_00653',)",0,251
31,"('Y7QZcr24ye0_00654',)",0,200
31,"('Y7QZcr24ye0_00655',)",0,224
31,"('Y7QZcr24ye0_00656',)",0,223
31,"('Y7QZcr24ye0_00657',)",0,118
31,"('Y7QZcr24ye0_00658',)",0,202
47,"('Y7QZcr24ye0_00659',)",0,216
47,"('Y7QZcr24ye0_00660',)",0,130
15,"('Y7QZcr24ye0_00661',)",0,181
15,"('Y7QZcr24ye0_00662',)",0,226
15,"('Y7QZcr24ye0_00663',)",0,146
15,"('Y7QZcr24ye0_00664',)",0,254
15,"('Y7QZcr24ye0_00665',)",0,284
15,"('Y7QZcr24ye0_00666',)",0,157
31,"('Y7QZcr24ye0_00667',)",0,248
31,"('Y7QZcr24ye0_00668',)",0,271
31,"('Y7QZcr24ye0_00669',)",0,175
31,"('Y7QZcr24ye0_00670',)",0,250
31,"('Y7QZcr24ye0_00671',)",0,283
31,"('Y7QZcr24ye0_00672',)",0,320
31,"('Y7QZcr24ye0_00673',)",0,249
31,"('Y7QZcr24ye0_00674',)",0,318
46,"('Y7QZcr24ye0_00675',)",0,99
46,"('Y7QZcr24ye0_00676',)",0,144
46,"('Y7QZcr24ye0_00677',)",0,195
31,"('Y7QZcr24ye0_00678',)",0,162
31,"('Y7QZcr24ye0_00679',)",0,175
31,"('Y7QZcr24ye0_00680',)",0,229
46,"('Y7QZcr24ye0_00681',)",0,277
46,"('Y7QZcr24ye0_00682',)",0,190
46,"('Y7QZcr24ye0_00683',)",0,243
16,"('Y7QZcr24ye0_00684',)",0,103
16,"('Y7QZcr24ye0_00685',)",0,218
31,"('Y7QZcr24ye0_00686',)",0,238
31,"('Y7QZcr24ye0_00687',)",0,155
31,"('Y7QZcr24ye0_00688',)",0,233
15,"('Y7QZcr24ye0_00689',)",0,239
15,"('Y7QZcr24ye0_00690',)",0,143
15,"('Y7QZcr24ye0_00691',)",0,236
29,"('Y7QZcr24ye0_00692',)",0,236
29,"('Y7QZcr24ye0_00693',)",0,87
29,"('Y7QZcr24ye0_00694',)",0,179
29,"('Y7QZcr24ye0_00695',)",0,222
29,"('Y7QZcr24ye0_00696',)",0,192
29,"('Y7QZcr24ye0_00697',)",0,186
15,"('Y7QZcr24ye0_00698',)",0,290
15,"('Y7QZcr24ye0_00699',)",0,121
15,"('Y7QZcr24ye0_00700',)",0,231
46,"('Y7QZcr24ye0_00701',)",0,133
46,"('Y7QZcr24ye0_00702',)",0,275
46,"('Y7QZcr24ye0_00703',)",0,269
29,"('Y7QZcr24ye0_00704',)",0,173
29,"('Y7QZcr24ye0_00705',)",0,285
29,"('Y7QZcr24ye0_00706',)",0,297
29,"('Y7QZcr24ye0_00707',)",0,105
29,"('Y7QZcr24ye0_00708',)",0,227
29,"('Y7QZcr24ye0_00709',)",0,210
29,"('Y7QZcr24ye0_00710',)",0,231
29,"('Y7QZcr24ye0_00711',)",0,269
29,"('Y7QZcr24ye0_00712',)",0,271
30,"('Y7QZcr24ye0_00713',)",0,94
30,"('Y7QZcr24ye0_00714',)",0,188
30,"('Y7QZcr24ye0_00715',)",0,160
46,"('Y7QZcr24ye0_00716',)",0,323
46,"('Y7QZcr24ye0_00717',)",0,295
46,"('Y7QZcr24ye0_00718',)",0,118
15,"('Y7QZcr24ye0_00719',)",0,210
15,"('Y7QZcr24ye0_00720',)",0,220
15,"('Y7QZcr24ye0_00721',)",0,150
46,"('Y7QZcr24ye0_00722',)",0,261
46,"('Y7QZcr24ye0_00723',)",0,266
46,"('Y7QZcr24ye0_00724',)",0,126
16,"('Y7QZcr24ye0_00725',)",0,214
16,"('Y7QZcr24ye0_00726',)",0,179
16,"('Y7QZcr24ye0_00727',)",0,237
46,"('Y7QZcr24ye0_00728',)",0,225
46,"('Y7QZcr24ye0_00729',)",0,169
46,"('Y7QZcr24ye0_00730',)",0,277
31,"('Y7QZcr24ye0_00731',)",0,276
31,"('Y7QZcr24ye0_00732',)",0,121
31,"('Y7QZcr24ye0_00733',)",0,205
46,"('Y7QZcr24ye0_00734',)",0,212
46,"('Y7QZcr24ye0_00735',)",0,143
46,"('Y7QZcr24ye0_00736',)",0,237
0,"('Y7QZcr24ye0_00737',)",0,287
0,"('Y7QZcr24ye0_00738',)",0,239
0,"('Y7QZcr24ye0_00739',)",0,279
15,"('Y7QZcr24ye0_00740',)",0,287
15,"('Y7QZcr24ye0_00741',)",0,141
15,"('Y7QZcr24ye0_00742',)",0,251
31,"('Y7QZcr24ye0_00743',)",0,293
31,"('Y7QZcr24ye0_00744',)",0,201
29,"('Y7QZcr24ye0_00745',)",0,239
29,"('Y7QZcr24ye0_00746',)",0,227
29,"('Y7QZcr24ye0_00747',)",0,125
29,"('Y7QZcr24ye0_00748',)",0,212
29,"('Y7QZcr24ye0_00749',)",0,245
29,"('Y7QZcr24ye0_00750',)",0,160
29,"('Y7QZcr24ye0_00751',)",0,305
31,"('Y7QZcr24ye0_00752',)",0,284
31,"('Y7QZcr24ye0_00753',)",0,441
31,"('Y7QZcr24ye0_00754',)",0,289
17,"('Y7QZcr24ye0_00755',)",0,278
17,"('Y7QZcr24ye0_00756',)",0,144
17,"('Y7QZcr24ye0_00757',)",0,274
17,"('Y7QZcr24ye0_00758',)",0,302
17,"('Y7QZcr24ye0_00759',)",0,232
46,"('Y7QZcr24ye0_00760',)",0,301
46,"('Y7QZcr24ye0_00761',)",0,294
46,"('Y7QZcr24ye0_00762',)",0,122
46,"('Y7QZcr24ye0_00763',)",0,218
46,"('Y7QZcr24ye0_00764',)",0,228
46,"('Y7QZcr24ye0_00765',)",0,136
46,"('Y7QZcr24ye0_00766',)",0,253
46,"('Y7QZcr24ye0_00767',)",0,240
46,"('Y7QZcr24ye0_00768',)",0,153
31,"('Y7QZcr24ye0_00769',)",0,260
31,"('Y7QZcr24ye0_00770',)",0,212
31,"('Y7QZcr24ye0_00771',)",0,119
46,"('Y7QZcr24ye0_00772',)",0,225
46,"('Y7QZcr24ye0_00773',)",0,231
46,"('Y7QZcr24ye0_00774',)",0,155
17,"('Y7QZcr24ye0_00775',)",0,269
17,"('Y7QZcr24ye0_00776',)",0,261
17,"('Y7QZcr24ye0_00777',)",0,144
46,"('Y7QZcr24ye0_00778',)",0,284
46,"('Y7QZcr24ye0_00779',)",0,302
46,"('Y7QZcr24ye0_00780',)",0,123
46,"('Y7QZcr24ye0_00781',)",0,246
46,"('Y7QZcr24ye0_00782',)",0,247
46,"('Y7QZcr24ye0_00783',)",0,120
0,"('Y7QZcr24ye0_00784',)",0,292
0,"('Y7QZcr24ye0_00785',)",0,298
0,"('Y7QZcr24ye0_00786',)",0,223
17,"('Y7QZcr24ye0_00787',)",0,248
17,"('Y7QZcr24ye0_00788',)",0,395
17,"('Y7QZcr24ye0_00789',)",0,267
29,"('Y7QZcr24ye0_00790',)",0,60
29,"('Y7QZcr24ye0_00791',)",0,317
29,"('Y7QZcr24ye0_00792',)",0,310
17,"('Y7QZcr24ye0_00793',)",0,344
17,"('Y7QZcr24ye0_00794',)",0,339
17,"('Y7QZcr24ye0_00795',)",0,122
17,"('Y7QZcr24ye0_00796',)",0,377
17,"('Y7QZcr24ye0_00797',)",0,276
0,"('Y7QZcr24ye0_00798',)",0,139
0,"('Y7QZcr24ye0_00799',)",0,173
0,"('Y7QZcr24ye0_00800',)",0,159
46,"('Y7QZcr24ye0_00801',)",0,290
46,"('Y7QZcr24ye0_00802',)",0,301
46,"('Y7QZcr24ye0_00803',)",0,88
29,"('Y7QZcr24ye0_00804',)",0,232
29,"('Y7QZcr24ye0_00805',)",0,236
29,"('Y7QZcr24ye0_00806',)",0,130
34,"('Y7QZcr24ye0_00807',)",0,235
34,"('Y7QZcr24ye0_00808',)",0,231
34,"('Y7QZcr24ye0_00809',)",0,132
27,"('Y7QZcr24ye0_00810',)",0,266
27,"('Y7QZcr24ye0_00811',)",0,254
27,"('Y7QZcr24ye0_00812',)",0,155
34,"('Y7QZcr24ye0_00813',)",0,303
34,"('Y7QZcr24ye0_00814',)",0,290
34,"('Y7QZcr24ye0_00815',)",0,115
33,"('Y7QZcr24ye0_00816',)",0,275
33,"('Y7QZcr24ye0_00817',)",0,239
33,"('Y7QZcr24ye0_00818',)",0,101
5,"('Y7QZcr24ye0_00819',)",0,220
5,"('Y7QZcr24ye0_00820',)",0,224
5,"('Y7QZcr24ye0_00821',)",0,134
7,"('Y7QZcr24ye0_00822',)",0,273
7,"('Y7QZcr24ye0_00823',)",0,261
7,"('Y7QZcr24ye0_00824',)",0,215
34,"('Y7QZcr24ye0_00825',)",0,288
34,"('Y7QZcr24ye0_00826',)",0,317
34,"('Y7QZcr24ye0_00827',)",0,220
21,"('Y7QZcr24ye0_00828',)",0,249
21,"('Y7QZcr24ye0_00829',)",0,273
21,"('Y7QZcr24ye0_00830',)",0,125
33,"('Y7QZcr24ye0_00831',)",0,195
33,"('Y7QZcr24ye0_00832',)",0,237
30,"('Y7QZcr24ye0_00833',)",0,247
30,"('Y7QZcr24ye0_00834',)",0,203
30,"('Y7QZcr24ye0_00835',)",0,112
26,"('Y7QZcr24ye0_00836',)",0,227
26,"('Y7QZcr24ye0_00837',)",0,244
26,"('Y7QZcr24ye0_00838',)",0,148
26,"('Y7QZcr24ye0_00839',)",0,259
26,"('Y7QZcr24ye0_00840',)",0,316
26,"('Y7QZcr24ye0_00841',)",0,147
26,"('Y7QZcr24ye0_00842',)",0,291
26,"('Y7QZcr24ye0_00843',)",0,315
26,"('Y7QZcr24ye0_00844',)",0,152
34,"('Y7QZcr24ye0_00845',)",0,243
34,"('Y7QZcr24ye0_00846',)",0,213
34,"('Y7QZcr24ye0_00847',)",0,281
7,"('Y7QZcr24ye0_00848',)",0,247
7,"('Y7QZcr24ye0_00849',)",0,276
7,"('Y7QZcr24ye0_00850',)",0,149
7,"('Y7QZcr24ye0_00851',)",0,237
7,"('Y7QZcr24ye0_00852',)",0,230
7,"('Y7QZcr24ye0_00853',)",0,96
34,"('Y7QZcr24ye0_00854',)",0,183
34,"('Y7QZcr24ye0_00855',)",0,186
34,"('Y7QZcr24ye0_00856',)",0,204
26,"('Y7QZcr24ye0_00857',)",0,271
26,"('Y7QZcr24ye0_00858',)",0,298
26,"('Y7QZcr24ye0_00859',)",0,261
27,"('Y7QZcr24ye0_00860',)",0,278
27,"('Y7QZcr24ye0_00861',)",0,284
27,"('Y7QZcr24ye0_00862',)",0,467
34,"('Y7QZcr24ye0_00863',)",0,327
34,"('Y7QZcr24ye0_00864',)",0,326
34,"('Y7QZcr24ye0_00865',)",0,83
44,"('Y7QZcr24ye0_00866',)",0,150
44,"('Y7QZcr24ye0_00867',)",0,154
44,"('Y7QZcr24ye0_00868',)",0,141
24,"('Y7QZcr24ye0_00869',)",0,257
24,"('Y7QZcr24ye0_00870',)",0,269
26,"('Y7QZcr24ye0_00871',)",0,110
26,"('Y7QZcr24ye0_00872',)",0,235
26,"('Y7QZcr24ye0_00873',)",0,90
27,"('Y7QZcr24ye0_00874',)",0,154
27,"('Y7QZcr24ye0_00875',)",0,162
27,"('Y7QZcr24ye0_00876',)",0,215
34,"('Y7QZcr24ye0_00877',)",0,253
34,"('Y7QZcr24ye0_00878',)",0,318
34,"('Y7QZcr24ye0_00879',)",0,118
1,"('Y7QZcr24ye0_00880',)",0,234
1,"('Y7QZcr24ye0_00881',)",0,245
1,"('Y7QZcr24ye0_00882',)",0,243
44,"('Y7QZcr24ye0_00883',)",0,222
44,"('Y7QZcr24ye0_00884',)",0,278
44,"('Y7QZcr24ye0_00885',)",0,145
7,"('Y7QZcr24ye0_00886',)",0,265
7,"('Y7QZcr24ye0_00887',)",0,262
7,"('Y7QZcr24ye0_00888',)",0,509
44,"('Y7QZcr24ye0_00889',)",0,243
44,"('Y7QZcr24ye0_00890',)",0,262
44,"('Y7QZcr24ye0_00891',)",0,139
27,"('Y7QZcr24ye0_00892',)",0,258
27,"('Y7QZcr24ye0_00893',)",0,249
27,"('Y7QZcr24ye0_00894',)",0,100
26,"('Y7QZcr24ye0_00895',)",0,224
26,"('Y7QZcr24ye0_00896',)",0,230
26,"('Y7QZcr24ye0_00897',)",0,272
26,"('Y7QZcr24ye0_00898',)",0,248
26,"('Y7QZcr24ye0_00899',)",0,261
26,"('Y7QZcr24ye0_00900',)",0,125
27,"('Y7QZcr24ye0_00901',)",0,266
27,"('Y7QZcr24ye0_00902',)",0,262
27,"('Y7QZcr24ye0_00903',)",0,156
8,"('Y7QZcr24ye0_00904',)",0,228
8,"('Y7QZcr24ye0_00905',)",0,221
8,"('Y7QZcr24ye0_00906',)",0,144
35,"('Y7QZcr24ye0_00907',)",0,262
35,"('Y7QZcr24ye0_00908',)",0,370
35,"('Y7QZcr24ye0_00909',)",0,151
5,"('Y7QZcr24ye0_00910',)",0,264
5,"('Y7QZcr24ye0_00911',)",0,142
5,"('Y7QZcr24ye0_00912',)",0,229
7,"('Y7QZcr24ye0_00913',)",0,273
7,"('Y7QZcr24ye0_00914',)",0,124
7,"('Y7QZcr24ye0_00915',)",0,211
8,"('Y7QZcr24ye0_00916',)",0,253
8,"('Y7QZcr24ye0_00917',)",0,92
8,"('Y7QZcr24ye0_00918',)",0,204
34,"('Y7QZcr24ye0_00919',)",0,180
34,"('Y7QZcr24ye0_00920',)",0,178
34,"('Y7QZcr24ye0_00921',)",0,283
25,"('Y7QZcr24ye0_00922',)",0,260
25,"('Y7QZcr24ye0_00923',)",0,126
25,"('Y7QZcr24ye0_00924',)",0,244
5,"('Y7QZcr24ye0_00925',)",0,249
5,"('Y7QZcr24ye0_00926',)",0,204
5,"('Y7QZcr24ye0_00927',)",0,276
8,"('Y7QZcr24ye0_00928',)",0,266
8,"('Y7QZcr24ye0_00929',)",0,183
8,"('Y7QZcr24ye0_00930',)",0,295
7,"('Y7QZcr24ye0_00931',)",0,284
7,"('Y7QZcr24ye0_00932',)",0,161
7,"('Y7QZcr24ye0_00933',)",0,238
34,"('Y7QZcr24ye0_00934',)",0,294
34,"('Y7QZcr24ye0_00935',)",0,359
34,"('Y7QZcr24ye0_00936',)",0,286
5,"('Y7QZcr24ye0_00937',)",0,318
5,"('Y7QZcr24ye0_00938',)",0,132
5,"('Y7QZcr24ye0_00939',)",0,265
5,"('Y7QZcr24ye0_00940',)",0,263
21,"('Y7QZcr24ye0_00941',)",0,177
21,"('Y7QZcr24ye0_00942',)",0,221
21,"('Y7QZcr24ye0_00943',)",0,223
21,"('Y7QZcr24ye0_00944',)",0,98
21,"('Y7QZcr24ye0_00945',)",0,189
21,"('Y7QZcr24ye0_00946',)",0,206
24,"('Y7QZcr24ye0_00947',)",0,109
24,"('Y7QZcr24ye0_00948',)",0,218
7,"('Y7QZcr24ye0_00949',)",0,243
7,"('Y7QZcr24ye0_00950',)",0,182
7,"('Y7QZcr24ye0_00951',)",0,291
44,"('Y7QZcr24ye0_00952',)",0,272
44,"('Y7QZcr24ye0_00953',)",0,224
44,"('Y7QZcr24ye0_00954',)",0,283
21,"('Y7QZcr24ye0_00955',)",0,302
21,"('Y7QZcr24ye0_00956',)",0,208
21,"('Y7QZcr24ye0_00957',)",0,315
35,"('Y7QZcr24ye0_00958',)",0,299
35,"('Y7QZcr24ye0_00959',)",0,371
35,"('Y7QZcr24ye0_00960',)",0,263
2,"('Y7QZcr24ye0_00961',)",0,248
2,"('Y7QZcr24ye0_00962',)",0,189
2,"('Y7QZcr24ye0_00963',)",0,297
8,"('Y7QZcr24ye0_00964',)",0,298
8,"('Y7QZcr24ye0_00965',)",0,131
8,"('Y7QZcr24ye0_00966',)",0,260
5,"('Y7QZcr24ye0_00967',)",0,243
5,"('Y7QZcr24ye0_00968',)",0,205
5,"('Y7QZcr24ye0_00969',)",0,324
5,"('Y7QZcr24ye0_00970',)",0,282
5,"('Y7QZcr24ye0_00971',)",0,162
5,"('Y7QZcr24ye0_00972',)",0,276
44,"('Y7QZcr24ye0_00973',)",0,301
44,"('Y7QZcr24ye0_00974',)",0,122
44,"('Y7QZcr24ye0_00975',)",0,245
44,"('Y7QZcr24ye0_00976',)",0,259
44,"('Y7QZcr24ye0_00977',)",0,137
44,"('Y7QZcr24ye0_00978',)",0,274
44,"('Y7QZcr24ye0_00979',)",0,290
44,"('Y7QZcr24ye0_00980',)",0,102
44,"('Y7QZcr24ye0_00981',)",0,262
17,"('Y7QZcr24ye0_00982',)",0,284
17,"('Y7QZcr24ye0_00983',)",0,151
17,"('Y7QZcr24ye0_00984',)",0,273
33,"('Y7QZcr24ye0_00985',)",0,304
33,"('Y7QZcr24ye0_00986',)",0,192
33,"('Y7QZcr24ye0_00987',)",0,229
44,"('Y7QZcr24ye0_00988',)",0,224
44,"('Y7QZcr24ye0_00989',)",0,228
44,"('Y7QZcr24ye0_00990',)",0,288
44,"('Y7QZcr24ye0_00991',)",0,300
44,"('Y7QZcr24ye0_00992',)",0,103
44,"('Y7QZcr24ye0_00993',)",0,287
34,"('Y7QZcr24ye0_00994',)",0,294
34,"('Y7QZcr24ye0_00995',)",0,191
34,"('Y7QZcr24ye0_00996',)",0,212
7,"('k1F4LHeYhBs_00000',)",0,128
7,"('k1F4LHeYhBs_00001',)",0,281
27,"('k1F4LHeYhBs_00002',)",0,108
27,"('k1F4LHeYhBs_00003',)",0,242
27,"('k1F4LHeYhBs_00004',)",0,238
27,"('k1F4LHeYhBs_00005',)",0,119
27,"('k1F4LHeYhBs_00006',)",0,255
27,"('k1F4LHeYhBs_00007',)",0,201
33,"('k1F4LHeYhBs_00008',)",0,229
33,"('k1F4LHeYhBs_00009',)",0,212
33,"('k1F4LHeYhBs_00010',)",0,209
9,"('k1F4LHeYhBs_00011',)",0,295
9,"('k1F4LHeYhBs_00012',)",0,285
9,"('k1F4LHeYhBs_00013',)",0,257
26,"('k1F4LHeYhBs_00014',)",0,201
26,"('k1F4LHeYhBs_00015',)",0,276
26,"('k1F4LHeYhBs_00016',)",0,286
44,"('k1F4LHeYhBs_00017',)",0,139
44,"('k1F4LHeYhBs_00018',)",0,294
44,"('k1F4LHeYhBs_00019',)",0,293
8,"('k1F4LHeYhBs_00020',)",0,223
8,"('k1F4LHeYhBs_00021',)",0,296
8,"('k1F4LHeYhBs_00022',)",0,293
8,"('k1F4LHeYhBs_00023',)",0,299
8,"('k1F4LHeYhBs_00024',)",0,379
8,"('k1F4LHeYhBs_00025',)",0,311
27,"('k1F4LHeYhBs_00026',)",0,199
27,"('k1F4LHeYhBs_00027',)",0,132
27,"('k1F4LHeYhBs_00028',)",0,269
34,"('k1F4LHeYhBs_00029',)",0,289
34,"('k1F4LHeYhBs_00030',)",0,262
34,"('k1F4LHeYhBs_00031',)",0,272
8,"('k1F4LHeYhBs_00032',)",0,128
8,"('k1F4LHeYhBs_00033',)",0,245
8,"('k1F4LHeYhBs_00034',)",0,210
26,"('k1F4LHeYhBs_00035',)",0,242
26,"('k1F4LHeYhBs_00036',)",0,314
26,"('k1F4LHeYhBs_00037',)",0,274
7,"('k1F4LHeYhBs_00038',)",0,186
7,"('k1F4LHeYhBs_00039',)",0,282
7,"('k1F4LHeYhBs_00040',)",0,267
26,"('k1F4LHeYhBs_00041',)",0,224
26,"('k1F4LHeYhBs_00042',)",0,310
26,"('k1F4LHeYhBs_00043',)",0,286
26,"('k1F4LHeYhBs_00044',)",0,146
26,"('k1F4LHeYhBs_00045',)",0,255
26,"('k1F4LHeYhBs_00046',)",0,255
35,"('k1F4LHeYhBs_00047',)",0,145
35,"('k1F4LHeYhBs_00048',)",0,251
35,"('k1F4LHeYhBs_00049',)",0,255
44,"('k1F4LHeYhBs_00050',)",0,151
44,"('k1F4LHeYhBs_00051',)",0,269
44,"('k1F4LHeYhBs_00052',)",0,275
7,"('k1F4LHeYhBs_00053',)",0,217
7,"('k1F4LHeYhBs_00054',)",0,299
7,"('k1F4LHeYhBs_00055',)",0,283
44,"('k1F4LHeYhBs_00056',)",0,214
44,"('k1F4LHeYhBs_00057',)",0,295
44,"('k1F4LHeYhBs_00058',)",0,276
21,"('k1F4LHeYhBs_00059',)",0,133
21,"('k1F4LHeYhBs_00060',)",0,182
21,"('k1F4LHeYhBs_00061',)",0,178
21,"('k1F4LHeYhBs_00062',)",0,187
21,"('k1F4LHeYhBs_00063',)",0,304
21,"('k1F4LHeYhBs_00064',)",0,269
5,"('k1F4LHeYhBs_00065',)",0,119
5,"('k1F4LHeYhBs_00066',)",0,246
5,"('k1F4LHeYhBs_00067',)",0,240
35,"('k1F4LHeYhBs_00068',)",0,137
35,"('k1F4LHeYhBs_00069',)",0,244
35,"('k1F4LHeYhBs_00070',)",0,269
44,"('k1F4LHeYhBs_00071',)",0,132
44,"('k1F4LHeYhBs_00072',)",0,264
44,"('k1F4LHeYhBs_00073',)",0,255
2,"('k1F4LHeYhBs_00074',)",0,162
2,"('k1F4LHeYhBs_00075',)",0,251
2,"('k1F4LHeYhBs_00076',)",0,261
5,"('k1F4LHeYhBs_00077',)",0,197
5,"('k1F4LHeYhBs_00078',)",0,309
5,"('k1F4LHeYhBs_00079',)",0,312
36,"('k1F4LHeYhBs_00080',)",0,193
36,"('k1F4LHeYhBs_00081',)",0,287
36,"('k1F4LHeYhBs_00082',)",0,412
36,"('k1F4LHeYhBs_00083',)",0,419
36,"('k1F4LHeYhBs_00084',)",0,266
36,"('k1F4LHeYhBs_00085',)",0,237
36,"('k1F4LHeYhBs_00086',)",0,294
36,"('k1F4LHeYhBs_00087',)",0,280
36,"('k1F4LHeYhBs_00088',)",0,212
36,"('k1F4LHeYhBs_00089',)",0,111
36,"('k1F4LHeYhBs_00090',)",0,234
36,"('k1F4LHeYhBs_00091',)",0,214
15,"('k1F4LHeYhBs_00092',)",0,119
15,"('k1F4LHeYhBs_00093',)",0,210
15,"('k1F4LHeYhBs_00094',)",0,217
15,"('k1F4LHeYhBs_00095',)",0,192
15,"('k1F4LHeYhBs_00096',)",0,274
15,"('k1F4LHeYhBs_00097',)",0,252
36,"('k1F4LHeYhBs_00098',)",0,506
36,"('k1F4LHeYhBs_00099',)",0,265
36,"('k1F4LHeYhBs_00100',)",0,260
15,"('k1F4LHeYhBs_00101',)",0,267
15,"('k1F4LHeYhBs_00102',)",0,242
15,"('k1F4LHeYhBs_00103',)",0,239
15,"('k1F4LHeYhBs_00104',)",0,310
15,"('k1F4LHeYhBs_00105',)",0,277
15,"('k1F4LHeYhBs_00106',)",0,286
15,"('k1F4LHeYhBs_00107',)",0,412
15,"('k1F4LHeYhBs_00108',)",0,172
15,"('k1F4LHeYhBs_00109',)",0,189
15,"('k1F4LHeYhBs_00110',)",0,274
15,"('k1F4LHeYhBs_00111',)",0,226
15,"('k1F4LHeYhBs_00112',)",0,240
46,"('k1F4LHeYhBs_00113',)",0,281
46,"('k1F4LHeYhBs_00114',)",0,293
46,"('k1F4LHeYhBs_00115',)",0,288
15,"('k1F4LHeYhBs_00116',)",0,181
15,"('k1F4LHeYhBs_00117',)",0,264
15,"('k1F4LHeYhBs_00118',)",0,269
27,"('k1F4LHeYhBs_00119',)",0,242
27,"('k1F4LHeYhBs_00120',)",0,247
27,"('k1F4LHeYhBs_00121',)",0,251
33,"('k1F4LHeYhBs_00122',)",0,204
33,"('k1F4LHeYhBs_00123',)",0,278
33,"('k1F4LHeYhBs_00124',)",0,280
21,"('k1F4LHeYhBs_00125',)",0,196
21,"('k1F4LHeYhBs_00126',)",0,279
21,"('k1F4LHeYhBs_00127',)",0,360
26,"('k1F4LHeYhBs_00128',)",0,94
26,"('k1F4LHeYhBs_00129',)",0,190
26,"('k1F4LHeYhBs_00130',)",0,227
26,"('k1F4LHeYhBs_00131',)",0,177
26,"('k1F4LHeYhBs_00132',)",0,225
26,"('k1F4LHeYhBs_00133',)",0,239
21,"('k1F4LHeYhBs_00134',)",0,164
21,"('k1F4LHeYhBs_00135',)",0,220
21,"('k1F4LHeYhBs_00136',)",0,239
34,"('k1F4LHeYhBs_00137',)",0,230
34,"('k1F4LHeYhBs_00138',)",0,268
34,"('k1F4LHeYhBs_00139',)",0,272
26,"('k1F4LHeYhBs_00140',)",0,183
26,"('k1F4LHeYhBs_00141',)",0,247
26,"('k1F4LHeYhBs_00142',)",0,235
26,"('k1F4LHeYhBs_00143',)",0,206
26,"('k1F4LHeYhBs_00144',)",0,266
26,"('k1F4LHeYhBs_00145',)",0,249
21,"('k1F4LHeYhBs_00146',)",0,152
21,"('k1F4LHeYhBs_00147',)",0,252
21,"('k1F4LHeYhBs_00148',)",0,247
33,"('k1F4LHeYhBs_00149',)",0,239
33,"('k1F4LHeYhBs_00150',)",0,267
33,"('k1F4LHeYhBs_00151',)",0,227
26,"('k1F4LHeYhBs_00152',)",0,161
26,"('k1F4LHeYhBs_00153',)",0,276
26,"('k1F4LHeYhBs_00154',)",0,253
21,"('k1F4LHeYhBs_00155',)",0,132
21,"('k1F4LHeYhBs_00156',)",0,212
21,"('k1F4LHeYhBs_00157',)",0,230
21,"('k1F4LHeYhBs_00158',)",0,175
21,"('k1F4LHeYhBs_00159',)",0,263
21,"('k1F4LHeYhBs_00160',)",0,292
21,"('k1F4LHeYhBs_00161',)",0,193
21,"('k1F4LHeYhBs_00162',)",0,252
21,"('k1F4LHeYhBs_00163',)",0,258
26,"('k1F4LHeYhBs_00164',)",0,132
26,"('k1F4LHeYhBs_00165',)",0,250
26,"('k1F4LHeYhBs_00166',)",0,252
26,"('k1F4LHeYhBs_00167',)",0,434
26,"('k1F4LHeYhBs_00168',)",0,263
26,"('k1F4LHeYhBs_00169',)",0,290
21,"('k1F4LHeYhBs_00170',)",0,304
21,"('k1F4LHeYhBs_00171',)",0,264
21,"('k1F4LHeYhBs_00172',)",0,334
7,"('k1F4LHeYhBs_00173',)",0,259
7,"('k1F4LHeYhBs_00174',)",0,239
7,"('k1F4LHeYhBs_00175',)",0,267
21,"('k1F4LHeYhBs_00176',)",0,227
21,"('k1F4LHeYhBs_00177',)",0,218
21,"('k1F4LHeYhBs_00178',)",0,233
21,"('k1F4LHeYhBs_00179',)",0,129
21,"('k1F4LHeYhBs_00180',)",0,231
7,"('k1F4LHeYhBs_00181',)",0,225
7,"('k1F4LHeYhBs_00182',)",0,293
7,"('k1F4LHeYhBs_00183',)",0,91
26,"('k1F4LHeYhBs_00184',)",0,144
26,"('k1F4LHeYhBs_00185',)",0,187
26,"('k1F4LHeYhBs_00186',)",0,240
21,"('k1F4LHeYhBs_00187',)",0,120
21,"('k1F4LHeYhBs_00188',)",0,211
21,"('k1F4LHeYhBs_00189',)",0,213
21,"('k1F4LHeYhBs_00190',)",0,143
21,"('k1F4LHeYhBs_00191',)",0,259
21,"('k1F4LHeYhBs_00192',)",0,260
26,"('k1F4LHeYhBs_00193',)",0,145
26,"('k1F4LHeYhBs_00194',)",0,239
26,"('k1F4LHeYhBs_00195',)",0,217
21,"('k1F4LHeYhBs_00196',)",0,235
21,"('k1F4LHeYhBs_00197',)",0,236
21,"('k1F4LHeYhBs_00198',)",0,233
33,"('k1F4LHeYhBs_00199',)",0,353
33,"('k1F4LHeYhBs_00200',)",0,257
33,"('k1F4LHeYhBs_00201',)",0,163
33,"('k1F4LHeYhBs_00202',)",0,221
26,"('k1F4LHeYhBs_00203',)",0,254
26,"('k1F4LHeYhBs_00204',)",0,263
26,"('k1F4LHeYhBs_00205',)",0,97
7,"('k1F4LHeYhBs_00206',)",0,159
7,"('k1F4LHeYhBs_00207',)",0,188
7,"('k1F4LHeYhBs_00208',)",0,151
7,"('k1F4LHeYhBs_00209',)",0,368
26,"('k1F4LHeYhBs_00210',)",0,254
26,"('k1F4LHeYhBs_00211',)",0,243
26,"('k1F4LHeYhBs_00212',)",0,400
35,"('k1F4LHeYhBs_00213',)",0,82
35,"('k1F4LHeYhBs_00214',)",0,226
35,"('k1F4LHeYhBs_00215',)",0,246
2,"('k1F4LHeYhBs_00216',)",0,273
2,"('k1F4LHeYhBs_00217',)",0,296
2,"('k1F4LHeYhBs_00218',)",0,320
7,"('k1F4LHeYhBs_00219',)",0,649
7,"('k1F4LHeYhBs_00220',)",0,262
7,"('k1F4LHeYhBs_00221',)",0,260
43,"('k1F4LHeYhBs_00222',)",0,227
43,"('k1F4LHeYhBs_00223',)",0,308
43,"('k1F4LHeYhBs_00224',)",0,253
22,"('k1F4LHeYhBs_00225',)",0,113
22,"('k1F4LHeYhBs_00226',)",0,203
22,"('k1F4LHeYhBs_00227',)",0,220
21,"('k1F4LHeYhBs_00228',)",0,317
21,"('k1F4LHeYhBs_00229',)",0,264
21,"('k1F4LHeYhBs_00230',)",0,258
33,"('k1F4LHeYhBs_00231',)",0,179
33,"('k1F4LHeYhBs_00232',)",0,292
33,"('k1F4LHeYhBs_00233',)",0,236
27,"('k1F4LHeYhBs_00234',)",0,219
27,"('k1F4LHeYhBs_00235',)",0,259
27,"('k1F4LHeYhBs_00236',)",0,260
7,"('k1F4LHeYhBs_00237',)",0,482
7,"('k1F4LHeYhBs_00238',)",0,289
7,"('k1F4LHeYhBs_00239',)",0,251
22,"('k1F4LHeYhBs_00240',)",0,243
22,"('k1F4LHeYhBs_00241',)",0,249
22,"('k1F4LHeYhBs_00242',)",0,217
22,"('k1F4LHeYhBs_00243',)",0,236
22,"('k1F4LHeYhBs_00244',)",0,282
22,"('k1F4LHeYhBs_00245',)",0,317
2,"('k1F4LHeYhBs_00246',)",0,126
2,"('k1F4LHeYhBs_00247',)",0,251
2,"('k1F4LHeYhBs_00248',)",0,249
22,"('k1F4LHeYhBs_00249',)",0,134
22,"('k1F4LHeYhBs_00250',)",0,258
22,"('k1F4LHeYhBs_00251',)",0,259
7,"('k1F4LHeYhBs_00252',)",0,216
7,"('k1F4LHeYhBs_00253',)",0,276
7,"('k1F4LHeYhBs_00254',)",0,215
26,"('k1F4LHeYhBs_00255',)",0,203
26,"('k1F4LHeYhBs_00256',)",0,255
26,"('k1F4LHeYhBs_00257',)",0,69
33,"('k1F4LHeYhBs_00258',)",0,192
33,"('k1F4LHeYhBs_00259',)",0,257
33,"('k1F4LHeYhBs_00260',)",0,225
7,"('_tigfCJFLZg_00000',)",0,42
7,"('_tigfCJFLZg_00001',)",0,107
7,"('_tigfCJFLZg_00002',)",0,98
33,"('_tigfCJFLZg_00003',)",0,78
33,"('_tigfCJFLZg_00004',)",0,140
33,"('_tigfCJFLZg_00005',)",0,144
33,"('_tigfCJFLZg_00006',)",0,138
7,"('_tigfCJFLZg_00007',)",0,84
7,"('_tigfCJFLZg_00008',)",0,173
7,"('_tigfCJFLZg_00009',)",0,108
35,"('_tigfCJFLZg_00010',)",0,62
35,"('_tigfCJFLZg_00011',)",0,139
35,"('_tigfCJFLZg_00012',)",0,153
42,"('_tigfCJFLZg_00013',)",0,53
42,"('_tigfCJFLZg_00014',)",0,141
42,"('_tigfCJFLZg_00015',)",0,84
42,"('_tigfCJFLZg_00016',)",0,116
7,"('_tigfCJFLZg_00017',)",0,104
7,"('_tigfCJFLZg_00018',)",0,103
7,"('_tigfCJFLZg_00019',)",0,153
7,"('_tigfCJFLZg_00020',)",0,94
33,"('_tigfCJFLZg_00021',)",0,66
33,"('_tigfCJFLZg_00022',)",0,146
33,"('_tigfCJFLZg_00023',)",0,117
21,"('_tigfCJFLZg_00024',)",0,118
21,"('_tigfCJFLZg_00025',)",0,177
21,"('_tigfCJFLZg_00026',)",0,161
21,"('_tigfCJFLZg_00027',)",0,102
26,"('_tigfCJFLZg_00028',)",0,83
26,"('_tigfCJFLZg_00029',)",0,162
26,"('_tigfCJFLZg_00030',)",0,102
26,"('_tigfCJFLZg_00031',)",0,68
26,"('_tigfCJFLZg_00032',)",0,169
26,"('_tigfCJFLZg_00033',)",0,107
35,"('_tigfCJFLZg_00034',)",0,82
35,"('_tigfCJFLZg_00035',)",0,151
35,"('_tigfCJFLZg_00036',)",0,138
7,"('_tigfCJFLZg_00037',)",0,61
7,"('_tigfCJFLZg_00038',)",0,152
7,"('_tigfCJFLZg_00039',)",0,123
7,"('_tigfCJFLZg_00040',)",0,67
7,"('_tigfCJFLZg_00041',)",0,153
7,"('_tigfCJFLZg_00042',)",0,101
7,"('_tigfCJFLZg_00043',)",0,96
5,"('_tigfCJFLZg_00044',)",0,105
5,"('_tigfCJFLZg_00045',)",0,192
5,"('_tigfCJFLZg_00046',)",0,124
5,"('_tigfCJFLZg_00047',)",0,171
33,"('_tigfCJFLZg_00048',)",0,140
33,"('_tigfCJFLZg_00049',)",0,140
33,"('_tigfCJFLZg_00050',)",0,83
35,"('_tigfCJFLZg_00051',)",0,73
35,"('_tigfCJFLZg_00052',)",0,168
35,"('_tigfCJFLZg_00053',)",0,106
7,"('_tigfCJFLZg_00054',)",0,93
7,"('_tigfCJFLZg_00055',)",0,160
7,"('_tigfCJFLZg_00056',)",0,163
35,"('_tigfCJFLZg_00057',)",0,91
35,"('_tigfCJFLZg_00058',)",0,153
35,"('_tigfCJFLZg_00059',)",0,97
33,"('_tigfCJFLZg_00060',)",0,34
33,"('_tigfCJFLZg_00061',)",0,125
33,"('_tigfCJFLZg_00062',)",0,68
7,"('_tigfCJFLZg_00063',)",0,82
7,"('_tigfCJFLZg_00064',)",0,171
7,"('_tigfCJFLZg_00065',)",0,128
26,"('_tigfCJFLZg_00066',)",0,56
26,"('_tigfCJFLZg_00067',)",0,136
26,"('_tigfCJFLZg_00068',)",0,77
33,"('_tigfCJFLZg_00069',)",0,75
33,"('_tigfCJFLZg_00070',)",0,175
33,"('_tigfCJFLZg_00071',)",0,181
33,"('_tigfCJFLZg_00072',)",0,217
7,"('_tigfCJFLZg_00073',)",0,88
7,"('_tigfCJFLZg_00074',)",0,151
7,"('_tigfCJFLZg_00075',)",0,136
33,"('_tigfCJFLZg_00076',)",0,31
33,"('_tigfCJFLZg_00077',)",0,111
33,"('_tigfCJFLZg_00078',)",0,75
7,"('_tigfCJFLZg_00079',)",0,95
7,"('_tigfCJFLZg_00080',)",0,170
7,"('_tigfCJFLZg_00081',)",0,166
26,"('_tigfCJFLZg_00082',)",0,137
26,"('_tigfCJFLZg_00083',)",0,173
26,"('_tigfCJFLZg_00084',)",0,131
22,"('_tigfCJFLZg_00085',)",0,88
22,"('_tigfCJFLZg_00086',)",0,158
22,"('_tigfCJFLZg_00087',)",0,85
33,"('_tigfCJFLZg_00088',)",0,70
33,"('_tigfCJFLZg_00089',)",0,186
33,"('_tigfCJFLZg_00090',)",0,115
33,"('_tigfCJFLZg_00091',)",0,36
33,"('_tigfCJFLZg_00092',)",0,46
33,"('_tigfCJFLZg_00093',)",0,130
33,"('_tigfCJFLZg_00094',)",0,82
26,"('_tigfCJFLZg_00095',)",0,120
26,"('_tigfCJFLZg_00096',)",0,176
26,"('_tigfCJFLZg_00097',)",0,218
35,"('_tigfCJFLZg_00098',)",0,65
35,"('_tigfCJFLZg_00099',)",0,146
35,"('_tigfCJFLZg_00100',)",0,110
35,"('_tigfCJFLZg_00101',)",0,191
22,"('_tigfCJFLZg_00102',)",0,89
22,"('_tigfCJFLZg_00103',)",0,155
22,"('_tigfCJFLZg_00104',)",0,154
22,"('_tigfCJFLZg_00105',)",0,87
12,"('_tigfCJFLZg_00106',)",0,38
12,"('_tigfCJFLZg_00107',)",0,96
12,"('_tigfCJFLZg_00108',)",0,65
22,"('_tigfCJFLZg_00109',)",0,119
22,"('_tigfCJFLZg_00110',)",0,93
22,"('_tigfCJFLZg_00111',)",0,112
26,"('_tigfCJFLZg_00112',)",0,98
26,"('_tigfCJFLZg_00113',)",0,149
26,"('_tigfCJFLZg_00114',)",0,73
26,"('_tigfCJFLZg_00115',)",0,156
26,"('_tigfCJFLZg_00116',)",0,110
26,"('_tigfCJFLZg_00117',)",0,145
26,"('_tigfCJFLZg_00118',)",0,190
26,"('_tigfCJFLZg_00119',)",0,155
22,"('_tigfCJFLZg_00120',)",0,52
22,"('_tigfCJFLZg_00121',)",0,145
22,"('_tigfCJFLZg_00122',)",0,85
26,"('_tigfCJFLZg_00123',)",0,124
26,"('_tigfCJFLZg_00124',)",0,218
26,"('_tigfCJFLZg_00125',)",0,115
28,"('_tigfCJFLZg_00126',)",0,85
28,"('_tigfCJFLZg_00127',)",0,156
28,"('_tigfCJFLZg_00128',)",0,91
22,"('_tigfCJFLZg_00129',)",0,69
22,"('_tigfCJFLZg_00130',)",0,157
22,"('_tigfCJFLZg_00131',)",0,131
26,"('_tigfCJFLZg_00132',)",0,42
26,"('_tigfCJFLZg_00133',)",0,108
26,"('_tigfCJFLZg_00134',)",0,80
35,"('_tigfCJFLZg_00135',)",0,93
35,"('_tigfCJFLZg_00136',)",0,112
35,"('_tigfCJFLZg_00137',)",0,117
26,"('_tigfCJFLZg_00138',)",0,154
26,"('_tigfCJFLZg_00139',)",0,130
26,"('_tigfCJFLZg_00140',)",0,75
12,"('_tigfCJFLZg_00141',)",0,71
12,"('_tigfCJFLZg_00142',)",0,175
12,"('_tigfCJFLZg_00143',)",0,131
12,"('_tigfCJFLZg_00144',)",0,162
42,"('_tigfCJFLZg_00145',)",0,99
42,"('_tigfCJFLZg_00146',)",0,195
42,"('_tigfCJFLZg_00147',)",0,100
28,"('_tigfCJFLZg_00148',)",0,101
28,"('_tigfCJFLZg_00149',)",0,163
28,"('_tigfCJFLZg_00150',)",0,103
43,"('_tigfCJFLZg_00151',)",0,116
43,"('_tigfCJFLZg_00152',)",0,152
43,"('_tigfCJFLZg_00153',)",0,153
7,"('_tigfCJFLZg_00154',)",0,62
7,"('_tigfCJFLZg_00155',)",0,133
7,"('_tigfCJFLZg_00156',)",0,271
43,"('_tigfCJFLZg_00157',)",0,139
43,"('_tigfCJFLZg_00158',)",0,200
43,"('_tigfCJFLZg_00159',)",0,182
26,"('_tigfCJFLZg_00160',)",0,83
26,"('_tigfCJFLZg_00161',)",0,161
26,"('_tigfCJFLZg_00162',)",0,86
26,"('_tigfCJFLZg_00163',)",0,90
26,"('_tigfCJFLZg_00164',)",0,150
26,"('_tigfCJFLZg_00165',)",0,185
22,"('_tigfCJFLZg_00166',)",0,103
22,"('_tigfCJFLZg_00167',)",0,158
22,"('_tigfCJFLZg_00168',)",0,230
42,"('_tigfCJFLZg_00169',)",0,124
42,"('_tigfCJFLZg_00170',)",0,153
42,"('_tigfCJFLZg_00171',)",0,71
35,"('_tigfCJFLZg_00172',)",0,58
35,"('_tigfCJFLZg_00173',)",0,131
35,"('_tigfCJFLZg_00174',)",0,99
26,"('_tigfCJFLZg_00175',)",0,125
26,"('_tigfCJFLZg_00176',)",0,143
26,"('_tigfCJFLZg_00177',)",0,88
26,"('_tigfCJFLZg_00178',)",0,50
26,"('_tigfCJFLZg_00179',)",0,143
26,"('_tigfCJFLZg_00180',)",0,106
28,"('_tigfCJFLZg_00181',)",0,132
28,"('_tigfCJFLZg_00182',)",0,160
28,"('_tigfCJFLZg_00183',)",0,83
26,"('_tigfCJFLZg_00184',)",0,91
26,"('_tigfCJFLZg_00185',)",0,174
26,"('_tigfCJFLZg_00186',)",0,128
45,"('_tigfCJFLZg_00187',)",0,98
45,"('_tigfCJFLZg_00188',)",0,179
45,"('_tigfCJFLZg_00189',)",0,99
45,"('_tigfCJFLZg_00190',)",0,63
45,"('_tigfCJFLZg_00191',)",0,140
45,"('_tigfCJFLZg_00192',)",0,130
7,"('_tigfCJFLZg_00193',)",0,140
7,"('_tigfCJFLZg_00194',)",0,186
7,"('_tigfCJFLZg_00195',)",0,129
22,"('_tigfCJFLZg_00196',)",0,198
22,"('_tigfCJFLZg_00197',)",0,182
22,"('_tigfCJFLZg_00198',)",0,204
22,"('_tigfCJFLZg_00199',)",0,105
22,"('_tigfCJFLZg_00200',)",0,154
22,"('_tigfCJFLZg_00201',)",0,86
22,"('_tigfCJFLZg_00202',)",0,119
22,"('_tigfCJFLZg_00203',)",0,185
22,"('_tigfCJFLZg_00204',)",0,157
43,"('_tigfCJFLZg_00205',)",0,99
43,"('_tigfCJFLZg_00206',)",0,207
43,"('_tigfCJFLZg_00207',)",0,142
24,"('_tigfCJFLZg_00208',)",0,120
24,"('_tigfCJFLZg_00209',)",0,172
24,"('_tigfCJFLZg_00210',)",0,145
7,"('_tigfCJFLZg_00211',)",0,39
7,"('_tigfCJFLZg_00212',)",0,30
7,"('_tigfCJFLZg_00213',)",0,131
7,"('_tigfCJFLZg_00214',)",0,89
26,"('_tigfCJFLZg_00215',)",0,122
26,"('_tigfCJFLZg_00216',)",0,168
26,"('_tigfCJFLZg_00217',)",0,176
22,"('_tigfCJFLZg_00218',)",0,117
22,"('_tigfCJFLZg_00219',)",0,145
22,"('_tigfCJFLZg_00220',)",0,143
28,"('_tigfCJFLZg_00221',)",0,104
28,"('_tigfCJFLZg_00222',)",0,177
28,"('_tigfCJFLZg_00223',)",0,128
7,"('_tigfCJFLZg_00224',)",0,85
7,"('_tigfCJFLZg_00225',)",0,179
7,"('_tigfCJFLZg_00226',)",0,140
45,"('_tigfCJFLZg_00227',)",0,67
45,"('_tigfCJFLZg_00228',)",0,145
45,"('_tigfCJFLZg_00229',)",0,75
43,"('_tigfCJFLZg_00230',)",0,46
43,"('_tigfCJFLZg_00231',)",0,133
43,"('_tigfCJFLZg_00232',)",0,217
42,"('_tigfCJFLZg_00233',)",0,38
42,"('_tigfCJFLZg_00234',)",0,179
42,"('_tigfCJFLZg_00235',)",0,81
42,"('_tigfCJFLZg_00236',)",0,115
22,"('_tigfCJFLZg_00237',)",0,106
22,"('_tigfCJFLZg_00238',)",0,138
22,"('_tigfCJFLZg_00239',)",0,111
43,"('_tigfCJFLZg_00240',)",0,92
43,"('_tigfCJFLZg_00241',)",0,184
43,"('_tigfCJFLZg_00242',)",0,177
42,"('_tigfCJFLZg_00243',)",0,104
42,"('_tigfCJFLZg_00244',)",0,164
42,"('_tigfCJFLZg_00245',)",0,87
45,"('_tigfCJFLZg_00246',)",0,103
45,"('_tigfCJFLZg_00247',)",0,182
45,"('_tigfCJFLZg_00248',)",0,122
22,"('_tigfCJFLZg_00249',)",0,145
22,"('_tigfCJFLZg_00250',)",0,180
22,"('_tigfCJFLZg_00251',)",0,105
7,"('_tigfCJFLZg_00252',)",0,50
7,"('_tigfCJFLZg_00253',)",0,136
7,"('_tigfCJFLZg_00254',)",0,86
45,"('_tigfCJFLZg_00255',)",0,138
45,"('_tigfCJFLZg_00256',)",0,171
45,"('_tigfCJFLZg_00257',)",0,111
7,"('_tigfCJFLZg_00258',)",0,68
7,"('_tigfCJFLZg_00259',)",0,149
7,"('_tigfCJFLZg_00260',)",0,153
28,"('_tigfCJFLZg_00261',)",0,113
28,"('_tigfCJFLZg_00262',)",0,230
28,"('_tigfCJFLZg_00263',)",0,159
7,"('_tigfCJFLZg_00264',)",0,47
7,"('_tigfCJFLZg_00265',)",0,99
7,"('_tigfCJFLZg_00266',)",0,77
7,"('_tigfCJFLZg_00267',)",0,57
7,"('_tigfCJFLZg_00268',)",0,130
7,"('_tigfCJFLZg_00269',)",0,54
35,"('_tigfCJFLZg_00270',)",0,43
35,"('_tigfCJFLZg_00271',)",0,96
35,"('_tigfCJFLZg_00272',)",0,94
45,"('_tigfCJFLZg_00273',)",0,87
45,"('_tigfCJFLZg_00274',)",0,157
45,"('_tigfCJFLZg_00275',)",0,159
35,"('_tigfCJFLZg_00276',)",0,93
35,"('_tigfCJFLZg_00277',)",0,212
35,"('_tigfCJFLZg_00278',)",0,153
22,"('_tigfCJFLZg_00279',)",0,58
22,"('_tigfCJFLZg_00280',)",0,210
22,"('_tigfCJFLZg_00281',)",0,97
45,"('_tigfCJFLZg_00282',)",0,102
45,"('_tigfCJFLZg_00283',)",0,147
45,"('_tigfCJFLZg_00284',)",0,103
7,"('_tigfCJFLZg_00285',)",0,69
7,"('_tigfCJFLZg_00286',)",0,166
7,"('_tigfCJFLZg_00287',)",0,95
7,"('_tigfCJFLZg_00288',)",0,128
7,"('_tigfCJFLZg_00289',)",0,81
7,"('_tigfCJFLZg_00290',)",0,151
7,"('_tigfCJFLZg_00291',)",0,81
42,"('_tigfCJFLZg_00292',)",0,128
42,"('_tigfCJFLZg_00293',)",0,147
42,"('_tigfCJFLZg_00294',)",0,122
35,"('_tigfCJFLZg_00295',)",0,108
35,"('_tigfCJFLZg_00296',)",0,164
35,"('_tigfCJFLZg_00297',)",0,105
45,"('_tigfCJFLZg_00298',)",0,115
45,"('_tigfCJFLZg_00299',)",0,186
45,"('_tigfCJFLZg_00300',)",0,120
45,"('_tigfCJFLZg_00301',)",0,144
45,"('_tigfCJFLZg_00302',)",0,190
45,"('_tigfCJFLZg_00303',)",0,93
40,"('_tigfCJFLZg_00304',)",0,123
40,"('_tigfCJFLZg_00305',)",0,102
40,"('_tigfCJFLZg_00306',)",0,110
40,"('_tigfCJFLZg_00307',)",0,120
40,"('_tigfCJFLZg_00308',)",0,132
40,"('_tigfCJFLZg_00309',)",0,212
40,"('_tigfCJFLZg_00310',)",0,177
45,"('_tigfCJFLZg_00311',)",0,102
45,"('_tigfCJFLZg_00312',)",0,185
45,"('_tigfCJFLZg_00313',)",0,285
22,"('_tigfCJFLZg_00314',)",0,83
22,"('_tigfCJFLZg_00315',)",0,162
22,"('_tigfCJFLZg_00316',)",0,117
35,"('_tigfCJFLZg_00317',)",0,82
35,"('_tigfCJFLZg_00318',)",0,143
35,"('_tigfCJFLZg_00319',)",0,78
45,"('_tigfCJFLZg_00320',)",0,108
45,"('_tigfCJFLZg_00321',)",0,153
45,"('_tigfCJFLZg_00322',)",0,104
12,"('_tigfCJFLZg_00323',)",0,36
12,"('_tigfCJFLZg_00324',)",0,126
12,"('_tigfCJFLZg_00325',)",0,94
22,"('_tigfCJFLZg_00326',)",0,219
22,"('_tigfCJFLZg_00327',)",0,168
22,"('_tigfCJFLZg_00328',)",0,282
45,"('_tigfCJFLZg_00329',)",0,96
45,"('_tigfCJFLZg_00330',)",0,149
45,"('_tigfCJFLZg_00331',)",0,117
26,"('_tigfCJFLZg_00332',)",0,92
26,"('_tigfCJFLZg_00333',)",0,86
26,"('_tigfCJFLZg_00334',)",0,104
26,"('_tigfCJFLZg_00335',)",0,87
26,"('_tigfCJFLZg_00336',)",0,55
35,"('_tigfCJFLZg_00337',)",0,175
35,"('_tigfCJFLZg_00338',)",0,153
35,"('_tigfCJFLZg_00339',)",0,96
43,"('_tigfCJFLZg_00340',)",0,66
43,"('_tigfCJFLZg_00341',)",0,129
43,"('_tigfCJFLZg_00342',)",0,78
43,"('_tigfCJFLZg_00343',)",0,68
35,"('_tigfCJFLZg_00344',)",0,55
35,"('_tigfCJFLZg_00345',)",0,133
35,"('_tigfCJFLZg_00346',)",0,103
35,"('_tigfCJFLZg_00347',)",0,86
35,"('_tigfCJFLZg_00348',)",0,154
35,"('_tigfCJFLZg_00349',)",0,121
45,"('_tigfCJFLZg_00350',)",0,112
45,"('_tigfCJFLZg_00351',)",0,169
45,"('_tigfCJFLZg_00352',)",0,112
45,"('_tigfCJFLZg_00353',)",0,123
45,"('_tigfCJFLZg_00354',)",0,165
45,"('_tigfCJFLZg_00355',)",0,149
45,"('_tigfCJFLZg_00356',)",0,115
45,"('_tigfCJFLZg_00357',)",0,168
45,"('_tigfCJFLZg_00358',)",0,108
12,"('_tigfCJFLZg_00359',)",0,71
12,"('_tigfCJFLZg_00360',)",0,151
12,"('_tigfCJFLZg_00361',)",0,108
12,"('_tigfCJFLZg_00362',)",0,91
28,"('_tigfCJFLZg_00363',)",0,67
28,"('_tigfCJFLZg_00364',)",0,110
28,"('_tigfCJFLZg_00365',)",0,105
5,"('_tigfCJFLZg_00366',)",0,71
5,"('_tigfCJFLZg_00367',)",0,139
5,"('_tigfCJFLZg_00368',)",0,96
35,"('_tigfCJFLZg_00369',)",0,67
35,"('_tigfCJFLZg_00370',)",0,112
35,"('_tigfCJFLZg_00371',)",0,170
45,"('_tigfCJFLZg_00372',)",0,44
45,"('_tigfCJFLZg_00373',)",0,89
45,"('_tigfCJFLZg_00374',)",0,137
45,"('_tigfCJFLZg_00375',)",0,169
33,"('_tigfCJFLZg_00376',)",0,68
33,"('_tigfCJFLZg_00377',)",0,169
33,"('_tigfCJFLZg_00378',)",0,86
35,"('_tigfCJFLZg_00379',)",0,108
35,"('_tigfCJFLZg_00380',)",0,190
35,"('_tigfCJFLZg_00381',)",0,113
35,"('_tigfCJFLZg_00382',)",0,128
45,"('_tigfCJFLZg_00383',)",0,87
45,"('_tigfCJFLZg_00384',)",0,184
45,"('_tigfCJFLZg_00385',)",0,121
22,"('_tigfCJFLZg_00386',)",0,66
22,"('_tigfCJFLZg_00387',)",0,162
22,"('_tigfCJFLZg_00388',)",0,117
35,"('_tigfCJFLZg_00389',)",0,86
35,"('_tigfCJFLZg_00390',)",0,151
35,"('_tigfCJFLZg_00391',)",0,112
35,"('_tigfCJFLZg_00392',)",0,69
35,"('_tigfCJFLZg_00393',)",0,167
35,"('_tigfCJFLZg_00394',)",0,98
7,"('_tigfCJFLZg_00395',)",0,53
7,"('_tigfCJFLZg_00396',)",0,135
7,"('_tigfCJFLZg_00397',)",0,140
22,"('_tigfCJFLZg_00398',)",0,94
22,"('_tigfCJFLZg_00399',)",0,45
22,"('_tigfCJFLZg_00400',)",0,90
22,"('_tigfCJFLZg_00401',)",0,102
23,"('_tigfCJFLZg_00402',)",0,71
23,"('_tigfCJFLZg_00403',)",0,157
23,"('_tigfCJFLZg_00404',)",0,87
23,"('_tigfCJFLZg_00405',)",0,109
26,"('_tigfCJFLZg_00406',)",0,132
26,"('_tigfCJFLZg_00407',)",0,176
26,"('_tigfCJFLZg_00408',)",0,180
26,"('_tigfCJFLZg_00409',)",0,106
7,"('_tigfCJFLZg_00410',)",0,174
7,"('_tigfCJFLZg_00411',)",0,183
7,"('_tigfCJFLZg_00412',)",0,121
45,"('_tigfCJFLZg_00413',)",0,76
45,"('_tigfCJFLZg_00414',)",0,137
45,"('_tigfCJFLZg_00415',)",0,68
35,"('_tigfCJFLZg_00416',)",0,138
35,"('_tigfCJFLZg_00417',)",0,179
35,"('_tigfCJFLZg_00418',)",0,121
35,"('_tigfCJFLZg_00419',)",0,98
35,"('_tigfCJFLZg_00420',)",0,121
35,"('_tigfCJFLZg_00421',)",0,73
12,"('_tigfCJFLZg_00422',)",0,85
12,"('_tigfCJFLZg_00423',)",0,217
12,"('_tigfCJFLZg_00424',)",0,86
45,"('_tigfCJFLZg_00425',)",0,77
45,"('_tigfCJFLZg_00426',)",0,129
45,"('_tigfCJFLZg_00427',)",0,104
42,"('_tigfCJFLZg_00428',)",0,61
42,"('_tigfCJFLZg_00429',)",0,143
42,"('_tigfCJFLZg_00430',)",0,68
28,"('_tigfCJFLZg_00431',)",0,191
28,"('_tigfCJFLZg_00432',)",0,42
28,"('_tigfCJFLZg_00433',)",0,213
28,"('_tigfCJFLZg_00434',)",0,191
45,"('_tigfCJFLZg_00435',)",0,56
45,"('_tigfCJFLZg_00436',)",0,133
45,"('_tigfCJFLZg_00437',)",0,103
7,"('_tigfCJFLZg_00438',)",0,152
7,"('_tigfCJFLZg_00439',)",0,150
7,"('_tigfCJFLZg_00440',)",0,84
42,"('_tigfCJFLZg_00441',)",0,120
42,"('_tigfCJFLZg_00442',)",0,182
42,"('_tigfCJFLZg_00443',)",0,105
42,"('_tigfCJFLZg_00444',)",0,109
42,"('_tigfCJFLZg_00445',)",0,177
42,"('_tigfCJFLZg_00446',)",0,247
22,"('_tigfCJFLZg_00447',)",0,136
22,"('_tigfCJFLZg_00448',)",0,160
22,"('_tigfCJFLZg_00449',)",0,98
42,"('_tigfCJFLZg_00450',)",0,122
42,"('_tigfCJFLZg_00451',)",0,189
42,"('_tigfCJFLZg_00452',)",0,110
23,"('_tigfCJFLZg_00453',)",0,196
23,"('_tigfCJFLZg_00454',)",0,162
23,"('_tigfCJFLZg_00455',)",0,271
28,"('_tigfCJFLZg_00456',)",0,97
28,"('_tigfCJFLZg_00457',)",0,161
28,"('_tigfCJFLZg_00458',)",0,108
28,"('_tigfCJFLZg_00459',)",0,83
28,"('_tigfCJFLZg_00460',)",0,146
28,"('_tigfCJFLZg_00461',)",0,68
42,"('_tigfCJFLZg_00462',)",0,152
42,"('_tigfCJFLZg_00463',)",0,170
42,"('_tigfCJFLZg_00464',)",0,134
43,"('_tigfCJFLZg_00465',)",0,84
43,"('_tigfCJFLZg_00466',)",0,186
43,"('_tigfCJFLZg_00467',)",0,92
7,"('_tigfCJFLZg_00468',)",0,70
7,"('_tigfCJFLZg_00469',)",0,150
7,"('_tigfCJFLZg_00470',)",0,88
42,"('_tigfCJFLZg_00471',)",0,111
42,"('_tigfCJFLZg_00472',)",0,162
42,"('_tigfCJFLZg_00473',)",0,123
40,"('_tigfCJFLZg_00474',)",0,111
40,"('_tigfCJFLZg_00475',)",0,203
40,"('_tigfCJFLZg_00476',)",0,128
45,"('_tigfCJFLZg_00477',)",0,109
45,"('_tigfCJFLZg_00478',)",0,161
45,"('_tigfCJFLZg_00479',)",0,93
22,"('_tigfCJFLZg_00480',)",0,114
22,"('_tigfCJFLZg_00481',)",0,168
22,"('_tigfCJFLZg_00482',)",0,135
23,"('_tigfCJFLZg_00483',)",0,112
23,"('_tigfCJFLZg_00484',)",0,138
23,"('_tigfCJFLZg_00485',)",0,163
22,"('_tigfCJFLZg_00486',)",0,114
22,"('_tigfCJFLZg_00487',)",0,200
22,"('_tigfCJFLZg_00488',)",0,111
22,"('_tigfCJFLZg_00489',)",0,69
22,"('_tigfCJFLZg_00490',)",0,169
22,"('_tigfCJFLZg_00491',)",0,92
22,"('_tigfCJFLZg_00492',)",0,65
35,"('_tigfCJFLZg_00493',)",0,42
35,"('_tigfCJFLZg_00494',)",0,143
35,"('_tigfCJFLZg_00495',)",0,87
28,"('_tigfCJFLZg_00496',)",0,222
28,"('_tigfCJFLZg_00497',)",0,188
28,"('_tigfCJFLZg_00498',)",0,257
22,"('_tigfCJFLZg_00499',)",0,103
22,"('_tigfCJFLZg_00500',)",0,167
22,"('_tigfCJFLZg_00501',)",0,121
22,"('_tigfCJFLZg_00502',)",0,98
22,"('_tigfCJFLZg_00503',)",0,166
22,"('_tigfCJFLZg_00504',)",0,115
33,"('_tigfCJFLZg_00505',)",0,26
33,"('_tigfCJFLZg_00506',)",0,34
33,"('_tigfCJFLZg_00507',)",0,107
33,"('_tigfCJFLZg_00508',)",0,87
35,"('_tigfCJFLZg_00509',)",0,84
35,"('_tigfCJFLZg_00510',)",0,175
35,"('_tigfCJFLZg_00511',)",0,131
42,"('_tigfCJFLZg_00512',)",0,81
42,"('_tigfCJFLZg_00513',)",0,163
42,"('_tigfCJFLZg_00514',)",0,103
22,"('_tigfCJFLZg_00515',)",0,82
22,"('_tigfCJFLZg_00516',)",0,162
22,"('_tigfCJFLZg_00517',)",0,91
42,"('_tigfCJFLZg_00518',)",0,118
42,"('_tigfCJFLZg_00519',)",0,169
42,"('_tigfCJFLZg_00520',)",0,123
22,"('_tigfCJFLZg_00521',)",0,126
22,"('_tigfCJFLZg_00522',)",0,160
22,"('_tigfCJFLZg_00523',)",0,96
35,"('kVT_sNgYBAE_00000',)",0,111
35,"('kVT_sNgYBAE_00001',)",0,171
35,"('kVT_sNgYBAE_00002',)",0,52
35,"('kVT_sNgYBAE_00003',)",0,159
22,"('kVT_sNgYBAE_00004',)",0,109
22,"('kVT_sNgYBAE_00005',)",0,259
22,"('kVT_sNgYBAE_00006',)",0,87
22,"('kVT_sNgYBAE_00007',)",0,235
35,"('kVT_sNgYBAE_00008',)",0,107
35,"('kVT_sNgYBAE_00009',)",0,203
35,"('kVT_sNgYBAE_00010',)",0,58
35,"('kVT_sNgYBAE_00011',)",0,159
7,"('kVT_sNgYBAE_00012',)",0,237
7,"('kVT_sNgYBAE_00013',)",0,216
42,"('kVT_sNgYBAE_00014',)",0,63
42,"('kVT_sNgYBAE_00015',)",0,164
45,"('kVT_sNgYBAE_00016',)",0,35
45,"('kVT_sNgYBAE_00017',)",0,136
35,"('kVT_sNgYBAE_00018',)",0,160
35,"('kVT_sNgYBAE_00019',)",0,334
12,"('kVT_sNgYBAE_00020',)",0,88
12,"('kVT_sNgYBAE_00021',)",0,253
12,"('kVT_sNgYBAE_00022',)",0,182
12,"('kVT_sNgYBAE_00023',)",0,207
42,"('kVT_sNgYBAE_00024',)",0,70
42,"('kVT_sNgYBAE_00025',)",0,202
45,"('kVT_sNgYBAE_00026',)",0,72
45,"('kVT_sNgYBAE_00027',)",0,206
35,"('kVT_sNgYBAE_00028',)",0,302
35,"('kVT_sNgYBAE_00029',)",0,300
45,"('kVT_sNgYBAE_00030',)",0,104
45,"('kVT_sNgYBAE_00031',)",0,241
45,"('kVT_sNgYBAE_00032',)",0,115
45,"('kVT_sNgYBAE_00033',)",0,80
45,"('kVT_sNgYBAE_00034',)",0,206
45,"('kVT_sNgYBAE_00035',)",0,106
45,"('kVT_sNgYBAE_00036',)",0,252
28,"('kVT_sNgYBAE_00037',)",0,96
28,"('kVT_sNgYBAE_00038',)",0,221
28,"('kVT_sNgYBAE_00039',)",0,54
28,"('kVT_sNgYBAE_00040',)",0,162
42,"('kVT_sNgYBAE_00041',)",0,57
42,"('kVT_sNgYBAE_00042',)",0,118
42,"('kVT_sNgYBAE_00043',)",0,36
12,"('kVT_sNgYBAE_00044',)",0,43
12,"('kVT_sNgYBAE_00045',)",0,146
22,"('kVT_sNgYBAE_00046',)",0,91
22,"('kVT_sNgYBAE_00047',)",0,272
22,"('kVT_sNgYBAE_00048',)",0,43
22,"('kVT_sNgYBAE_00049',)",0,145
45,"('kVT_sNgYBAE_00050',)",0,69
45,"('kVT_sNgYBAE_00051',)",0,238
28,"('kVT_sNgYBAE_00052',)",0,130
28,"('kVT_sNgYBAE_00053',)",0,248
28,"('kVT_sNgYBAE_00054',)",0,60
28,"('kVT_sNgYBAE_00055',)",0,221
5,"('kVT_sNgYBAE_00056',)",0,155
5,"('kVT_sNgYBAE_00057',)",0,214
22,"('kVT_sNgYBAE_00058',)",0,39
22,"('kVT_sNgYBAE_00059',)",0,44
22,"('kVT_sNgYBAE_00060',)",0,59
22,"('kVT_sNgYBAE_00061',)",0,126
22,"('kVT_sNgYBAE_00062',)",0,140
22,"('kVT_sNgYBAE_00063',)",0,84
22,"('kVT_sNgYBAE_00064',)",0,199
12,"('kVT_sNgYBAE_00065',)",0,162
12,"('kVT_sNgYBAE_00066',)",0,198
23,"('kVT_sNgYBAE_00067',)",0,57
23,"('kVT_sNgYBAE_00068',)",0,188
28,"('kVT_sNgYBAE_00069',)",0,94
28,"('kVT_sNgYBAE_00070',)",0,256
28,"('kVT_sNgYBAE_00071',)",0,103
28,"('kVT_sNgYBAE_00072',)",0,223
35,"('kVT_sNgYBAE_00073',)",0,46
35,"('kVT_sNgYBAE_00074',)",0,203
35,"('kVT_sNgYBAE_00075',)",0,146
35,"('kVT_sNgYBAE_00076',)",0,148
22,"('kVT_sNgYBAE_00077',)",0,51
22,"('kVT_sNgYBAE_00078',)",0,188
22,"('kVT_sNgYBAE_00079',)",0,82
22,"('kVT_sNgYBAE_00080',)",0,138
22,"('kVT_sNgYBAE_00081',)",0,27
22,"('kVT_sNgYBAE_00082',)",0,303
35,"('kVT_sNgYBAE_00083',)",0,55
35,"('kVT_sNgYBAE_00084',)",0,131
12,"('kVT_sNgYBAE_00085',)",0,91
12,"('kVT_sNgYBAE_00086',)",0,235
12,"('kVT_sNgYBAE_00087',)",0,43
12,"('kVT_sNgYBAE_00088',)",0,119
42,"('kVT_sNgYBAE_00089',)",0,65
42,"('kVT_sNgYBAE_00090',)",0,132
45,"('kVT_sNgYBAE_00091',)",0,151
28,"('kVT_sNgYBAE_00092',)",0,132
28,"('kVT_sNgYBAE_00093',)",0,254
28,"('kVT_sNgYBAE_00094',)",0,71
28,"('kVT_sNgYBAE_00095',)",0,219
42,"('kVT_sNgYBAE_00096',)",0,39
42,"('kVT_sNgYBAE_00097',)",0,45
42,"('kVT_sNgYBAE_00098',)",0,214
12,"('kVT_sNgYBAE_00099',)",0,140
12,"('kVT_sNgYBAE_00100',)",0,179
22,"('kVT_sNgYBAE_00101',)",0,100
22,"('kVT_sNgYBAE_00102',)",0,288
22,"('kVT_sNgYBAE_00103',)",0,49
22,"('kVT_sNgYBAE_00104',)",0,108
35,"('kVT_sNgYBAE_00105',)",0,103
35,"('kVT_sNgYBAE_00106',)",0,165
35,"('kVT_sNgYBAE_00107',)",0,101
35,"('kVT_sNgYBAE_00108',)",0,157
7,"('kVT_sNgYBAE_00109',)",0,57
7,"('kVT_sNgYBAE_00110',)",0,188
42,"('kVT_sNgYBAE_00111',)",0,48
42,"('kVT_sNgYBAE_00112',)",0,131
45,"('kVT_sNgYBAE_00113',)",0,44
45,"('kVT_sNgYBAE_00114',)",0,89
45,"('kVT_sNgYBAE_00115',)",0,240
35,"('kVT_sNgYBAE_00116',)",0,48
35,"('kVT_sNgYBAE_00117',)",0,188
45,"('kVT_sNgYBAE_00118',)",0,127
45,"('kVT_sNgYBAE_00119',)",0,268
45,"('kVT_sNgYBAE_00120',)",0,124
45,"('kVT_sNgYBAE_00121',)",0,96
45,"('kVT_sNgYBAE_00122',)",0,229
36,"('sk8TafuB3lU_00000',)",0,145
36,"('sk8TafuB3lU_00001',)",0,216
19,"('sk8TafuB3lU_00002',)",0,130
19,"('sk8TafuB3lU_00003',)",0,238
36,"('sk8TafuB3lU_00004',)",0,200
36,"('sk8TafuB3lU_00005',)",0,237
19,"('sk8TafuB3lU_00006',)",0,331
19,"('sk8TafuB3lU_00007',)",0,225
29,"('sk8TafuB3lU_00008',)",0,245
29,"('sk8TafuB3lU_00009',)",0,221
19,"('sk8TafuB3lU_00010',)",0,154
19,"('sk8TafuB3lU_00011',)",0,242
36,"('sk8TafuB3lU_00012',)",0,233
36,"('sk8TafuB3lU_00013',)",0,264
19,"('sk8TafuB3lU_00014',)",0,119
19,"('sk8TafuB3lU_00015',)",0,206
29,"('sk8TafuB3lU_00016',)",0,230
19,"('sk8TafuB3lU_00017',)",0,241
19,"('sk8TafuB3lU_00018',)",0,469
19,"('sk8TafuB3lU_00019',)",0,332
19,"('sk8TafuB3lU_00020',)",0,96
29,"('sk8TafuB3lU_00021',)",0,319
29,"('sk8TafuB3lU_00022',)",0,248
19,"('sk8TafuB3lU_00023',)",0,150
19,"('sk8TafuB3lU_00024',)",0,249
36,"('sk8TafuB3lU_00025',)",0,115
36,"('sk8TafuB3lU_00026',)",0,239
36,"('sk8TafuB3lU_00027',)",0,248
36,"('sk8TafuB3lU_00028',)",0,296
36,"('sk8TafuB3lU_00029',)",0,104
36,"('sk8TafuB3lU_00030',)",0,207
30,"('sk8TafuB3lU_00031',)",0,129
30,"('sk8TafuB3lU_00032',)",0,160
29,"('sk8TafuB3lU_00033',)",0,110
29,"('sk8TafuB3lU_00034',)",0,209
29,"('sk8TafuB3lU_00035',)",0,202
29,"('sk8TafuB3lU_00036',)",0,239
29,"('sk8TafuB3lU_00037',)",0,302
29,"('sk8TafuB3lU_00038',)",0,213
29,"('sk8TafuB3lU_00039',)",0,182
29,"('sk8TafuB3lU_00040',)",0,221
29,"('sk8TafuB3lU_00041',)",0,249
29,"('sk8TafuB3lU_00042',)",0,206
19,"('sk8TafuB3lU_00043',)",0,207
19,"('sk8TafuB3lU_00044',)",0,274
19,"('sk8TafuB3lU_00045',)",0,251
19,"('sk8TafuB3lU_00046',)",0,254
36,"('sk8TafuB3lU_00047',)",0,145
36,"('sk8TafuB3lU_00048',)",0,244
19,"('sk8TafuB3lU_00049',)",0,185
19,"('sk8TafuB3lU_00050',)",0,294
36,"('sk8TafuB3lU_00051',)",0,145
36,"('sk8TafuB3lU_00052',)",0,206
19,"('sk8TafuB3lU_00053',)",0,97
19,"('sk8TafuB3lU_00054',)",0,171
15,"('sk8TafuB3lU_00055',)",0,165
15,"('sk8TafuB3lU_00056',)",0,216
19,"('sk8TafuB3lU_00057',)",0,113
19,"('sk8TafuB3lU_00058',)",0,207
19,"('sk8TafuB3lU_00059',)",0,228
19,"('sk8TafuB3lU_00060',)",0,175
36,"('sk8TafuB3lU_00061',)",0,209
36,"('sk8TafuB3lU_00062',)",0,251
17,"('sk8TafuB3lU_00063',)",0,185
17,"('sk8TafuB3lU_00064',)",0,206
46,"('sk8TafuB3lU_00065',)",0,124
46,"('sk8TafuB3lU_00066',)",0,234
16,"('sk8TafuB3lU_00067',)",0,112
16,"('sk8TafuB3lU_00068',)",0,217
19,"('sk8TafuB3lU_00069',)",0,139
19,"('sk8TafuB3lU_00070',)",0,248
15,"('sk8TafuB3lU_00071',)",0,241
15,"('sk8TafuB3lU_00072',)",0,281
16,"('sk8TafuB3lU_00073',)",0,175
16,"('sk8TafuB3lU_00074',)",0,266
31,"('sk8TafuB3lU_00075',)",0,206
31,"('sk8TafuB3lU_00076',)",0,250
15,"('sk8TafuB3lU_00077',)",0,129
15,"('sk8TafuB3lU_00078',)",0,218
15,"('sk8TafuB3lU_00079',)",0,195
15,"('sk8TafuB3lU_00080',)",0,301
15,"('sk8TafuB3lU_00081',)",0,209
15,"('sk8TafuB3lU_00082',)",0,234
16,"('sk8TafuB3lU_00083',)",0,205
16,"('sk8TafuB3lU_00084',)",0,246
15,"('sk8TafuB3lU_00085',)",0,105
15,"('sk8TafuB3lU_00086',)",0,213
31,"('sk8TafuB3lU_00087',)",0,282
31,"('sk8TafuB3lU_00088',)",0,230
19,"('sk8TafuB3lU_00089',)",0,219
19,"('sk8TafuB3lU_00090',)",0,266
29,"('sk8TafuB3lU_00091',)",0,393
29,"('sk8TafuB3lU_00092',)",0,318
31,"('sk8TafuB3lU_00093',)",0,124
31,"('sk8TafuB3lU_00094',)",0,235
15,"('sk8TafuB3lU_00095',)",0,94
15,"('sk8TafuB3lU_00096',)",0,204
15,"('sk8TafuB3lU_00097',)",0,211
15,"('sk8TafuB3lU_00098',)",0,238
46,"('sk8TafuB3lU_00099',)",0,144
46,"('sk8TafuB3lU_00100',)",0,237
15,"('sk8TafuB3lU_00101',)",0,135
15,"('sk8TafuB3lU_00102',)",0,196
15,"('sk8TafuB3lU_00103',)",0,194
15,"('sk8TafuB3lU_00104',)",0,287
36,"('sk8TafuB3lU_00105',)",0,177
36,"('sk8TafuB3lU_00106',)",0,297
16,"('sk8TafuB3lU_00107',)",0,196
16,"('sk8TafuB3lU_00108',)",0,280
15,"('sk8TafuB3lU_00109',)",0,123
15,"('sk8TafuB3lU_00110',)",0,210
36,"('sk8TafuB3lU_00111',)",0,172
36,"('sk8TafuB3lU_00112',)",0,319
15,"('sk8TafuB3lU_00113',)",0,205
15,"('sk8TafuB3lU_00114',)",0,236
15,"('sk8TafuB3lU_00115',)",0,135
15,"('sk8TafuB3lU_00116',)",0,301
29,"('sk8TafuB3lU_00117',)",0,221
29,"('sk8TafuB3lU_00118',)",0,283
15,"('sk8TafuB3lU_00119',)",0,116
15,"('sk8TafuB3lU_00120',)",0,224
46,"('sk8TafuB3lU_00121',)",0,126
46,"('sk8TafuB3lU_00122',)",0,201
15,"('sk8TafuB3lU_00123',)",0,187
15,"('sk8TafuB3lU_00124',)",0,297
15,"('sk8TafuB3lU_00125',)",0,212
15,"('sk8TafuB3lU_00126',)",0,255
15,"('sk8TafuB3lU_00127',)",0,355
15,"('sk8TafuB3lU_00128',)",0,265
32,"('sk8TafuB3lU_00129',)",0,307
32,"('sk8TafuB3lU_00130',)",0,312
46,"('sk8TafuB3lU_00131',)",0,186
46,"('sk8TafuB3lU_00132',)",0,315
46,"('sk8TafuB3lU_00133',)",0,165
46,"('sk8TafuB3lU_00134',)",0,297
15,"('sk8TafuB3lU_00135',)",0,174
15,"('sk8TafuB3lU_00136',)",0,264
15,"('sk8TafuB3lU_00137',)",0,156
46,"('sk8TafuB3lU_00138',)",0,310
46,"('sk8TafuB3lU_00139',)",0,212
16,"('sk8TafuB3lU_00140',)",0,232
16,"('sk8TafuB3lU_00141',)",0,180
46,"('sk8TafuB3lU_00142',)",0,235
46,"('sk8TafuB3lU_00143',)",0,156
46,"('sk8TafuB3lU_00144',)",0,264
46,"('sk8TafuB3lU_00145',)",0,205
46,"('sk8TafuB3lU_00146',)",0,265
46,"('sk8TafuB3lU_00147',)",0,184
46,"('sk8TafuB3lU_00148',)",0,113
46,"('sk8TafuB3lU_00149',)",0,196
46,"('sk8TafuB3lU_00150',)",0,125
46,"('sk8TafuB3lU_00151',)",0,215
15,"('sk8TafuB3lU_00152',)",0,174
15,"('sk8TafuB3lU_00153',)",0,308
15,"('sk8TafuB3lU_00154',)",0,161
15,"('sk8TafuB3lU_00155',)",0,271
15,"('sk8TafuB3lU_00156',)",0,59
15,"('sk8TafuB3lU_00157',)",0,87
16,"('sk8TafuB3lU_00158',)",0,252
16,"('sk8TafuB3lU_00159',)",0,148
19,"('sk8TafuB3lU_00160',)",0,282
19,"('sk8TafuB3lU_00161',)",0,216
46,"('sk8TafuB3lU_00162',)",0,250
46,"('sk8TafuB3lU_00163',)",0,230
15,"('sk8TafuB3lU_00164',)",0,244
15,"('sk8TafuB3lU_00165',)",0,160
15,"('sk8TafuB3lU_00166',)",0,144
15,"('sk8TafuB3lU_00167',)",0,104
15,"('sk8TafuB3lU_00168',)",0,121
46,"('sk8TafuB3lU_00169',)",0,159
46,"('sk8TafuB3lU_00170',)",0,131
4,"('sk8TafuB3lU_00171',)",0,217
4,"('sk8TafuB3lU_00172',)",0,450
4,"('sk8TafuB3lU_00173',)",0,263
4,"('sk8TafuB3lU_00174',)",0,225
46,"('sk8TafuB3lU_00175',)",0,327
46,"('sk8TafuB3lU_00176',)",0,195
16,"('sk8TafuB3lU_00177',)",0,253
16,"('sk8TafuB3lU_00178',)",0,172
46,"('sk8TafuB3lU_00179',)",0,284
46,"('sk8TafuB3lU_00180',)",0,169
46,"('sk8TafuB3lU_00181',)",0,132
46,"('sk8TafuB3lU_00182',)",0,209
46,"('sk8TafuB3lU_00183',)",0,167
46,"('sk8TafuB3lU_00184',)",0,226
46,"('sk8TafuB3lU_00185',)",0,134
46,"('sk8TafuB3lU_00186',)",0,236
46,"('sk8TafuB3lU_00187',)",0,148
46,"('sk8TafuB3lU_00188',)",0,226
46,"('sk8TafuB3lU_00189',)",0,132
46,"('sk8TafuB3lU_00190',)",0,262
46,"('sk8TafuB3lU_00191',)",0,113
46,"('sk8TafuB3lU_00192',)",0,198
46,"('sk8TafuB3lU_00193',)",0,226
47,"('sk8TafuB3lU_00194',)",0,78
47,"('sk8TafuB3lU_00195',)",0,200
31,"('sk8TafuB3lU_00196',)",0,220
31,"('sk8TafuB3lU_00197',)",0,238
46,"('sk8TafuB3lU_00198',)",0,166
46,"('sk8TafuB3lU_00199',)",0,252
36,"('sk8TafuB3lU_00200',)",0,251
36,"('sk8TafuB3lU_00201',)",0,261
31,"('sk8TafuB3lU_00202',)",0,221
31,"('sk8TafuB3lU_00203',)",0,218
47,"('sk8TafuB3lU_00204',)",0,135
47,"('sk8TafuB3lU_00205',)",0,240
36,"('sk8TafuB3lU_00206',)",0,168
17,"('sk8TafuB3lU_00207',)",0,246
17,"('sk8TafuB3lU_00208',)",0,104
32,"('sk8TafuB3lU_00209',)",0,226
32,"('sk8TafuB3lU_00210',)",0,156
31,"('sk8TafuB3lU_00211',)",0,217
31,"('sk8TafuB3lU_00212',)",0,111
32,"('sk8TafuB3lU_00213',)",0,192
32,"('sk8TafuB3lU_00214',)",0,189
46,"('sk8TafuB3lU_00215',)",0,181
46,"('sk8TafuB3lU_00216',)",0,204
46,"('sk8TafuB3lU_00217',)",0,256
46,"('sk8TafuB3lU_00218',)",0,238
41,"('sk8TafuB3lU_00219',)",0,220
41,"('sk8TafuB3lU_00220',)",0,115
46,"('sk8TafuB3lU_00221',)",0,204
46,"('sk8TafuB3lU_00222',)",0,284
46,"('sk8TafuB3lU_00223',)",0,304
46,"('sk8TafuB3lU_00224',)",0,183
46,"('sk8TafuB3lU_00225',)",0,200
32,"('sk8TafuB3lU_00226',)",0,229
32,"('sk8TafuB3lU_00227',)",0,105
32,"('sk8TafuB3lU_00228',)",0,148
32,"('sk8TafuB3lU_00229',)",0,159
32,"('sk8TafuB3lU_00230',)",0,232
32,"('sk8TafuB3lU_00231',)",0,212
46,"('sk8TafuB3lU_00232',)",0,253
46,"('sk8TafuB3lU_00233',)",0,164
31,"('sk8TafuB3lU_00234',)",0,262
31,"('sk8TafuB3lU_00235',)",0,175
36,"('sk8TafuB3lU_00236',)",0,283
36,"('sk8TafuB3lU_00237',)",0,264
19,"('sk8TafuB3lU_00238',)",0,273
19,"('sk8TafuB3lU_00239',)",0,119
36,"('sk8TafuB3lU_00240',)",0,123
36,"('sk8TafuB3lU_00241',)",0,242
3,"('sk8TafuB3lU_00242',)",0,143
3,"('sk8TafuB3lU_00243',)",0,262
1,"('sk8TafuB3lU_00244',)",0,136
1,"('sk8TafuB3lU_00245',)",0,231
17,"('sk8TafuB3lU_00246',)",0,145
17,"('sk8TafuB3lU_00247',)",0,259
17,"('sk8TafuB3lU_00248',)",0,134
17,"('sk8TafuB3lU_00249',)",0,201
17,"('sk8TafuB3lU_00250',)",0,99
17,"('sk8TafuB3lU_00251',)",0,212
1,"('sk8TafuB3lU_00252',)",0,151
1,"('sk8TafuB3lU_00253',)",0,222
16,"('sk8TafuB3lU_00254',)",0,148
16,"('sk8TafuB3lU_00255',)",0,228
17,"('sk8TafuB3lU_00256',)",0,181
17,"('sk8TafuB3lU_00257',)",0,242
17,"('sk8TafuB3lU_00258',)",0,355
17,"('sk8TafuB3lU_00259',)",0,238
1,"('sk8TafuB3lU_00260',)",0,262
1,"('sk8TafuB3lU_00261',)",0,274
17,"('sk8TafuB3lU_00262',)",0,115
17,"('sk8TafuB3lU_00263',)",0,223
37,"('sk8TafuB3lU_00264',)",0,112
37,"('sk8TafuB3lU_00265',)",0,194
37,"('sk8TafuB3lU_00266',)",0,136
37,"('sk8TafuB3lU_00267',)",0,186
17,"('sk8TafuB3lU_00268',)",0,148
17,"('sk8TafuB3lU_00269',)",0,204
17,"('sk8TafuB3lU_00270',)",0,153
17,"('sk8TafuB3lU_00271',)",0,236
17,"('sk8TafuB3lU_00272',)",0,173
17,"('sk8TafuB3lU_00273',)",0,242
17,"('sk8TafuB3lU_00274',)",0,162
17,"('sk8TafuB3lU_00275',)",0,220
1,"('sk8TafuB3lU_00276',)",0,90
1,"('sk8TafuB3lU_00277',)",0,224
1,"('sk8TafuB3lU_00278',)",0,216
1,"('sk8TafuB3lU_00279',)",0,255
17,"('sk8TafuB3lU_00280',)",0,356
17,"('sk8TafuB3lU_00281',)",0,290
17,"('sk8TafuB3lU_00282',)",0,115
17,"('sk8TafuB3lU_00283',)",0,246
17,"('sk8TafuB3lU_00284',)",0,271
17,"('sk8TafuB3lU_00285',)",0,252
17,"('sk8TafuB3lU_00286',)",0,159
17,"('sk8TafuB3lU_00287',)",0,185
17,"('sk8TafuB3lU_00288',)",0,304
17,"('sk8TafuB3lU_00289',)",0,247
37,"('sk8TafuB3lU_00290',)",0,383
37,"('sk8TafuB3lU_00291',)",0,227
37,"('sk8TafuB3lU_00292',)",0,155
37,"('sk8TafuB3lU_00293',)",0,224
1,"('sk8TafuB3lU_00294',)",0,210
1,"('sk8TafuB3lU_00295',)",0,248
0,"('sk8TafuB3lU_00296',)",0,146
0,"('sk8TafuB3lU_00297',)",0,211
17,"('sk8TafuB3lU_00298',)",0,129
17,"('sk8TafuB3lU_00299',)",0,219
17,"('sk8TafuB3lU_00300',)",0,158
17,"('sk8TafuB3lU_00301',)",0,227
1,"('sk8TafuB3lU_00302',)",0,139
1,"('sk8TafuB3lU_00303',)",0,203
1,"('sk8TafuB3lU_00304',)",0,387
1,"('sk8TafuB3lU_00305',)",0,250
17,"('sk8TafuB3lU_00306',)",0,118
17,"('sk8TafuB3lU_00307',)",0,223
24,"('sk8TafuB3lU_00308',)",0,160
24,"('sk8TafuB3lU_00309',)",0,251
34,"('sk8TafuB3lU_00310',)",0,63
34,"('sk8TafuB3lU_00311',)",0,304
34,"('sk8TafuB3lU_00312',)",0,256
34,"('sk8TafuB3lU_00313',)",0,304
27,"('sk8TafuB3lU_00314',)",0,141
24,"('sk8TafuB3lU_00315',)",0,238
24,"('sk8TafuB3lU_00316',)",0,129
24,"('sk8TafuB3lU_00317',)",0,204
24,"('sk8TafuB3lU_00318',)",0,170
24,"('sk8TafuB3lU_00319',)",0,208
24,"('sk8TafuB3lU_00320',)",0,151
27,"('sk8TafuB3lU_00321',)",0,254
27,"('sk8TafuB3lU_00322',)",0,108
34,"('sk8TafuB3lU_00323',)",0,219
34,"('sk8TafuB3lU_00324',)",0,224
24,"('sk8TafuB3lU_00325',)",0,207
24,"('sk8TafuB3lU_00326',)",0,622
38,"('sk8TafuB3lU_00327',)",0,282
38,"('sk8TafuB3lU_00328',)",0,488
39,"('sk8TafuB3lU_00329',)",0,224
39,"('sk8TafuB3lU_00330',)",0,177
34,"('sk8TafuB3lU_00331',)",0,266
34,"('sk8TafuB3lU_00332',)",0,207
34,"('sk8TafuB3lU_00333',)",0,235
34,"('sk8TafuB3lU_00334',)",0,303
27,"('sk8TafuB3lU_00335',)",0,184
27,"('sk8TafuB3lU_00336',)",0,191
27,"('sk8TafuB3lU_00337',)",0,320
27,"('sk8TafuB3lU_00338',)",0,132
24,"('sk8TafuB3lU_00339',)",0,212
24,"('sk8TafuB3lU_00340',)",0,215
27,"('sk8TafuB3lU_00341',)",0,182
27,"('sk8TafuB3lU_00342',)",0,237
34,"('sk8TafuB3lU_00343',)",0,120
34,"('sk8TafuB3lU_00344',)",0,200
34,"('sk8TafuB3lU_00345',)",0,285
34,"('sk8TafuB3lU_00346',)",0,205
33,"('sk8TafuB3lU_00347',)",0,201
33,"('sk8TafuB3lU_00348',)",0,290
31,"('sk8TafuB3lU_00349',)",0,105
31,"('sk8TafuB3lU_00350',)",0,220
34,"('sk8TafuB3lU_00351',)",0,181
34,"('sk8TafuB3lU_00352',)",0,231
27,"('sk8TafuB3lU_00353',)",0,156
27,"('sk8TafuB3lU_00354',)",0,224
34,"('sk8TafuB3lU_00355',)",0,234
34,"('sk8TafuB3lU_00356',)",0,276
24,"('sk8TafuB3lU_00357',)",0,241
24,"('sk8TafuB3lU_00358',)",0,198
30,"('sk8TafuB3lU_00359',)",0,222
30,"('sk8TafuB3lU_00360',)",0,254
24,"('sk8TafuB3lU_00361',)",0,187
24,"('sk8TafuB3lU_00362',)",0,229
34,"('sk8TafuB3lU_00363',)",0,240
34,"('sk8TafuB3lU_00364',)",0,245
24,"('sk8TafuB3lU_00365',)",0,183
24,"('sk8TafuB3lU_00366',)",0,270
24,"('sk8TafuB3lU_00367',)",0,107
24,"('sk8TafuB3lU_00368',)",0,213
24,"('sk8TafuB3lU_00369',)",0,210
24,"('sk8TafuB3lU_00370',)",0,256
24,"('sk8TafuB3lU_00371',)",0,360
24,"('sk8TafuB3lU_00372',)",0,179
3,"('sk8TafuB3lU_00373',)",0,123
3,"('sk8TafuB3lU_00374',)",0,235
27,"('sk8TafuB3lU_00375',)",0,137
27,"('sk8TafuB3lU_00376',)",0,228
27,"('sk8TafuB3lU_00377',)",0,239
27,"('sk8TafuB3lU_00378',)",0,218
21,"('sk8TafuB3lU_00379',)",0,112
21,"('sk8TafuB3lU_00380',)",0,206
18,"('sk8TafuB3lU_00381',)",0,202
18,"('sk8TafuB3lU_00382',)",0,312
44,"('sk8TafuB3lU_00383',)",0,254
44,"('sk8TafuB3lU_00384',)",0,236
34,"('sk8TafuB3lU_00385',)",0,144
34,"('sk8TafuB3lU_00386',)",0,214
21,"('sk8TafuB3lU_00387',)",0,127
21,"('sk8TafuB3lU_00388',)",0,208
24,"('sk8TafuB3lU_00389',)",0,152
24,"('sk8TafuB3lU_00390',)",0,240
8,"('sk8TafuB3lU_00391',)",0,174
8,"('sk8TafuB3lU_00392',)",0,213
24,"('sk8TafuB3lU_00393',)",0,146
24,"('sk8TafuB3lU_00394',)",0,227
27,"('sk8TafuB3lU_00395',)",0,164
27,"('sk8TafuB3lU_00396',)",0,238
27,"('sk8TafuB3lU_00397',)",0,106
27,"('sk8TafuB3lU_00398',)",0,144
24,"('sk8TafuB3lU_00399',)",0,154
24,"('sk8TafuB3lU_00400',)",0,237
44,"('sk8TafuB3lU_00401',)",0,277
44,"('sk8TafuB3lU_00402',)",0,286
3,"('sk8TafuB3lU_00403',)",0,271
3,"('sk8TafuB3lU_00404',)",0,260
34,"('sk8TafuB3lU_00405',)",0,239
34,"('sk8TafuB3lU_00406',)",0,208
8,"('sk8TafuB3lU_00407',)",0,93
8,"('sk8TafuB3lU_00408',)",0,156
24,"('sk8TafuB3lU_00409',)",0,105
24,"('sk8TafuB3lU_00410',)",0,147
24,"('sk8TafuB3lU_00411',)",0,227
24,"('sk8TafuB3lU_00412',)",0,196
3,"('sk8TafuB3lU_00413',)",0,285
3,"('sk8TafuB3lU_00414',)",0,260
27,"('sk8TafuB3lU_00415',)",0,180
27,"('sk8TafuB3lU_00416',)",0,224
39,"('sk8TafuB3lU_00417',)",0,156
39,"('sk8TafuB3lU_00418',)",0,255
39,"('sk8TafuB3lU_00419',)",0,297
39,"('sk8TafuB3lU_00420',)",0,249
34,"('sk8TafuB3lU_00421',)",0,113
34,"('sk8TafuB3lU_00422',)",0,171
34,"('sk8TafuB3lU_00423',)",0,255
34,"('sk8TafuB3lU_00424',)",0,206
8,"('sk8TafuB3lU_00425',)",0,213
8,"('sk8TafuB3lU_00426',)",0,223
27,"('sk8TafuB3lU_00427',)",0,175
27,"('sk8TafuB3lU_00428',)",0,238
34,"('sk8TafuB3lU_00429',)",0,314
34,"('sk8TafuB3lU_00430',)",0,246
18,"('sk8TafuB3lU_00431',)",0,559
18,"('sk8TafuB3lU_00432',)",0,233
8,"('sk8TafuB3lU_00433',)",0,134
8,"('sk8TafuB3lU_00434',)",0,236
34,"('sk8TafuB3lU_00435',)",0,135
34,"('sk8TafuB3lU_00436',)",0,219
3,"('sk8TafuB3lU_00437',)",0,233
3,"('sk8TafuB3lU_00438',)",0,249
8,"('sk8TafuB3lU_00439',)",0,221
8,"('sk8TafuB3lU_00440',)",0,264
8,"('sk8TafuB3lU_00441',)",0,139
8,"('sk8TafuB3lU_00442',)",0,210
25,"('sk8TafuB3lU_00443',)",0,261
25,"('sk8TafuB3lU_00444',)",0,258
44,"('sk8TafuB3lU_00445',)",0,121
44,"('sk8TafuB3lU_00446',)",0,216
3,"('sk8TafuB3lU_00447',)",0,157
3,"('sk8TafuB3lU_00448',)",0,190
3,"('sk8TafuB3lU_00449',)",0,162
3,"('sk8TafuB3lU_00450',)",0,212
3,"('sk8TafuB3lU_00451',)",0,235
3,"('sk8TafuB3lU_00452',)",0,242
8,"('sk8TafuB3lU_00453',)",0,323
8,"('sk8TafuB3lU_00454',)",0,178
44,"('sk8TafuB3lU_00455',)",0,158
44,"('sk8TafuB3lU_00456',)",0,246
34,"('sk8TafuB3lU_00457',)",0,118
34,"('sk8TafuB3lU_00458',)",0,197
44,"('sk8TafuB3lU_00459',)",0,163
44,"('sk8TafuB3lU_00460',)",0,186
18,"('sk8TafuB3lU_00461',)",0,203
18,"('sk8TafuB3lU_00462',)",0,211
8,"('sk8TafuB3lU_00463',)",0,306
8,"('sk8TafuB3lU_00464',)",0,214
8,"('sk8TafuB3lU_00465',)",0,131
8,"('sk8TafuB3lU_00466',)",0,232
3,"('sk8TafuB3lU_00467',)",0,147
3,"('sk8TafuB3lU_00468',)",0,226
44,"('sk8TafuB3lU_00469',)",0,202
44,"('sk8TafuB3lU_00470',)",0,224
8,"('sk8TafuB3lU_00471',)",0,183
8,"('sk8TafuB3lU_00472',)",0,287
3,"('sk8TafuB3lU_00473',)",0,109
3,"('sk8TafuB3lU_00474',)",0,198
22,"('sk8TafuB3lU_00475',)",0,234
22,"('sk8TafuB3lU_00476',)",0,259
24,"('sk8TafuB3lU_00477',)",0,281
24,"('sk8TafuB3lU_00478',)",0,259
3,"('sk8TafuB3lU_00479',)",0,418
3,"('sk8TafuB3lU_00480',)",0,299
34,"('sk8TafuB3lU_00481',)",0,293
34,"('sk8TafuB3lU_00482',)",0,200
44,"('sk8TafuB3lU_00483',)",0,114
44,"('sk8TafuB3lU_00484',)",0,203
8,"('sk8TafuB3lU_00485',)",0,110
8,"('sk8TafuB3lU_00486',)",0,225
8,"('sk8TafuB3lU_00487',)",0,203
8,"('sk8TafuB3lU_00488',)",0,250
34,"('sk8TafuB3lU_00489',)",0,136
34,"('sk8TafuB3lU_00490',)",0,222
3,"('sk8TafuB3lU_00491',)",0,130
3,"('sk8TafuB3lU_00492',)",0,174
3,"('sk8TafuB3lU_00493',)",0,252
3,"('sk8TafuB3lU_00494',)",0,278
44,"('sk8TafuB3lU_00495',)",0,210
44,"('sk8TafuB3lU_00496',)",0,215
44,"('sk8TafuB3lU_00497',)",0,117
44,"('sk8TafuB3lU_00498',)",0,215
34,"('sk8TafuB3lU_00499',)",0,137
34,"('sk8TafuB3lU_00500',)",0,216
34,"('sk8TafuB3lU_00501',)",0,264
34,"('sk8TafuB3lU_00502',)",0,266
44,"('sk8TafuB3lU_00503',)",0,151
44,"('sk8TafuB3lU_00504',)",0,205
44,"('sk8TafuB3lU_00505',)",0,252
44,"('sk8TafuB3lU_00506',)",0,209
44,"('sk8TafuB3lU_00507',)",0,231
44,"('sk8TafuB3lU_00508',)",0,235
3,"('sk8TafuB3lU_00509',)",0,95
3,"('sk8TafuB3lU_00510',)",0,252
34,"('sk8TafuB3lU_00511',)",0,121
34,"('sk8TafuB3lU_00512',)",0,201
44,"('sk8TafuB3lU_00513',)",0,204
44,"('sk8TafuB3lU_00514',)",0,221
34,"('sk8TafuB3lU_00515',)",0,272
34,"('sk8TafuB3lU_00516',)",0,213
44,"('sk8TafuB3lU_00517',)",0,302
44,"('sk8TafuB3lU_00518',)",0,321
34,"('sk8TafuB3lU_00519',)",0,584
34,"('sk8TafuB3lU_00520',)",0,307
44,"('sk8TafuB3lU_00521',)",0,121
44,"('sk8TafuB3lU_00522',)",0,213
8,"('sk8TafuB3lU_00523',)",0,173
8,"('sk8TafuB3lU_00524',)",0,230
44,"('sk8TafuB3lU_00525',)",0,192
44,"('sk8TafuB3lU_00526',)",0,218
44,"('sk8TafuB3lU_00527',)",0,233
44,"('sk8TafuB3lU_00528',)",0,289
33,"('sk8TafuB3lU_00529',)",0,188
33,"('sk8TafuB3lU_00530',)",0,205
30,"('sk8TafuB3lU_00531',)",0,151
30,"('sk8TafuB3lU_00532',)",0,206
34,"('sk8TafuB3lU_00533',)",0,104
34,"('sk8TafuB3lU_00534',)",0,173
44,"('sk8TafuB3lU_00535',)",0,148
44,"('sk8TafuB3lU_00536',)",0,257
27,"('sk8TafuB3lU_00537',)",0,126
27,"('sk8TafuB3lU_00538',)",0,214
39,"('sk8TafuB3lU_00539',)",0,235
39,"('sk8TafuB3lU_00540',)",0,233
43,"('sk8TafuB3lU_00541',)",0,194
43,"('sk8TafuB3lU_00542',)",0,282
41,"('sk8TafuB3lU_00543',)",0,136
41,"('sk8TafuB3lU_00544',)",0,194
44,"('sk8TafuB3lU_00545',)",0,230
44,"('sk8TafuB3lU_00546',)",0,279
44,"('sk8TafuB3lU_00547',)",0,163
44,"('sk8TafuB3lU_00548',)",0,261
27,"('sk8TafuB3lU_00549',)",0,96
27,"('sk8TafuB3lU_00550',)",0,191
41,"('sk8TafuB3lU_00551',)",0,356
41,"('sk8TafuB3lU_00552',)",0,255
44,"('sk8TafuB3lU_00553',)",0,110
44,"('sk8TafuB3lU_00554',)",0,170
44,"('sk8TafuB3lU_00555',)",0,204
44,"('sk8TafuB3lU_00556',)",0,244
44,"('sk8TafuB3lU_00557',)",0,464
44,"('sk8TafuB3lU_00558',)",0,239
44,"('sk8TafuB3lU_00559',)",0,153
44,"('sk8TafuB3lU_00560',)",0,241
3,"('sk8TafuB3lU_00561',)",0,126
3,"('sk8TafuB3lU_00562',)",0,198
34,"('sk8TafuB3lU_00563',)",0,371
34,"('sk8TafuB3lU_00564',)",0,276
8,"('sk8TafuB3lU_00565',)",0,114
8,"('sk8TafuB3lU_00566',)",0,215
38,"('sk8TafuB3lU_00567',)",0,134
38,"('sk8TafuB3lU_00568',)",0,212
21,"('sk8TafuB3lU_00569',)",0,254
21,"('sk8TafuB3lU_00570',)",0,271
21,"('sk8TafuB3lU_00571',)",0,165
39,"('sk8TafuB3lU_00572',)",0,223
39,"('sk8TafuB3lU_00573',)",0,206
34,"('sk8TafuB3lU_00574',)",0,222
34,"('sk8TafuB3lU_00575',)",0,177
31,"('sk8TafuB3lU_00576',)",0,206
31,"('sk8TafuB3lU_00577',)",0,341
18,"('sk8TafuB3lU_00578',)",0,245
18,"('sk8TafuB3lU_00579',)",0,155
39,"('sk8TafuB3lU_00580',)",0,260
39,"('sk8TafuB3lU_00581',)",0,287
44,"('sk8TafuB3lU_00582',)",0,252
44,"('sk8TafuB3lU_00583',)",0,209
39,"('sk8TafuB3lU_00584',)",0,272
39,"('sk8TafuB3lU_00585',)",0,146
8,"('sk8TafuB3lU_00586',)",0,238
8,"('sk8TafuB3lU_00587',)",0,122
33,"('sk8TafuB3lU_00588',)",0,208
33,"('sk8TafuB3lU_00589',)",0,116
8,"('sk8TafuB3lU_00590',)",0,214
8,"('sk8TafuB3lU_00591',)",0,136
38,"('sk8TafuB3lU_00592',)",0,224
38,"('sk8TafuB3lU_00593',)",0,290
39,"('sk8TafuB3lU_00594',)",0,76
39,"('sk8TafuB3lU_00595',)",0,271
18,"('sk8TafuB3lU_00596',)",0,225
18,"('sk8TafuB3lU_00597',)",0,203
21,"('sk8TafuB3lU_00598',)",0,191
21,"('sk8TafuB3lU_00599',)",0,226
21,"('sk8TafuB3lU_00600',)",0,149
21,"('sk8TafuB3lU_00601',)",0,229
30,"('sk8TafuB3lU_00602',)",0,118
30,"('sk8TafuB3lU_00603',)",0,197
44,"('sk8TafuB3lU_00604',)",0,313
44,"('sk8TafuB3lU_00605',)",0,285
8,"('sk8TafuB3lU_00606',)",0,105
8,"('sk8TafuB3lU_00607',)",0,188
1,"('sk8TafuB3lU_00608',)",0,495
1,"('sk8TafuB3lU_00609',)",0,312
1,"('sk8TafuB3lU_00610',)",0,385
39,"('sk8TafuB3lU_00611',)",0,249
2,"('sk8TafuB3lU_00612',)",0,155
2,"('sk8TafuB3lU_00613',)",0,222
3,"('sk8TafuB3lU_00614',)",0,166
3,"('sk8TafuB3lU_00615',)",0,259
38,"('sk8TafuB3lU_00616',)",0,167
38,"('sk8TafuB3lU_00617',)",0,211
38,"('sk8TafuB3lU_00618',)",0,126
38,"('sk8TafuB3lU_00619',)",0,220
1,"('sk8TafuB3lU_00620',)",0,196
1,"('sk8TafuB3lU_00621',)",0,205
21,"('sk8TafuB3lU_00622',)",0,172
21,"('sk8TafuB3lU_00623',)",0,253
38,"('sk8TafuB3lU_00624',)",0,205
38,"('sk8TafuB3lU_00625',)",0,240
34,"('sk8TafuB3lU_00626',)",0,133
34,"('sk8TafuB3lU_00627',)",0,252
18,"('sk8TafuB3lU_00628',)",0,133
18,"('sk8TafuB3lU_00629',)",0,234
19,"('sk8TafuB3lU_00630',)",0,157
19,"('sk8TafuB3lU_00631',)",0,242
19,"('sk8TafuB3lU_00632',)",0,107
19,"('sk8TafuB3lU_00633',)",0,116
19,"('sk8TafuB3lU_00634',)",0,209
20,"('sk8TafuB3lU_00635',)",0,294
20,"('sk8TafuB3lU_00636',)",0,111
20,"('sk8TafuB3lU_00637',)",0,178
19,"('sk8TafuB3lU_00638',)",0,113
19,"('sk8TafuB3lU_00639',)",0,208
19,"('sk8TafuB3lU_00640',)",0,206
19,"('sk8TafuB3lU_00641',)",0,294
19,"('sk8TafuB3lU_00642',)",0,126
19,"('sk8TafuB3lU_00643',)",0,198
19,"('sk8TafuB3lU_00644',)",0,130
19,"('sk8TafuB3lU_00645',)",0,223
19,"('sk8TafuB3lU_00646',)",0,269
19,"('sk8TafuB3lU_00647',)",0,217
19,"('sk8TafuB3lU_00648',)",0,201
19,"('sk8TafuB3lU_00649',)",0,266
19,"('sk8TafuB3lU_00650',)",0,137
19,"('sk8TafuB3lU_00651',)",0,265
19,"('sk8TafuB3lU_00652',)",0,218
29,"('sk8TafuB3lU_00653',)",0,227
29,"('sk8TafuB3lU_00654',)",0,145
29,"('sk8TafuB3lU_00655',)",0,247
29,"('sk8TafuB3lU_00656',)",0,144
29,"('sk8TafuB3lU_00657',)",0,220
29,"('sk8TafuB3lU_00658',)",0,280
19,"('sk8TafuB3lU_00659',)",0,105
19,"('sk8TafuB3lU_00660',)",0,236
19,"('sk8TafuB3lU_00661',)",0,203
19,"('sk8TafuB3lU_00662',)",0,126
19,"('sk8TafuB3lU_00663',)",0,220
19,"('sk8TafuB3lU_00664',)",0,230
19,"('sk8TafuB3lU_00665',)",0,141
19,"('sk8TafuB3lU_00666',)",0,273
19,"('sk8TafuB3lU_00667',)",0,285
19,"('sk8TafuB3lU_00668',)",0,143
19,"('sk8TafuB3lU_00669',)",0,329
19,"('sk8TafuB3lU_00670',)",0,268
29,"('sk8TafuB3lU_00671',)",0,214
29,"('sk8TafuB3lU_00672',)",0,212
29,"('sk8TafuB3lU_00673',)",0,110
29,"('sk8TafuB3lU_00674',)",0,231
29,"('sk8TafuB3lU_00675',)",0,191
29,"('sk8TafuB3lU_00676',)",0,281
29,"('sk8TafuB3lU_00677',)",0,102
29,"('sk8TafuB3lU_00678',)",0,182
29,"('sk8TafuB3lU_00679',)",0,203
29,"('sk8TafuB3lU_00680',)",0,164
29,"('sk8TafuB3lU_00681',)",0,249
29,"('sk8TafuB3lU_00682',)",0,219
19,"('sk8TafuB3lU_00683',)",0,120
19,"('sk8TafuB3lU_00684',)",0,234
19,"('sk8TafuB3lU_00685',)",0,251
19,"('sk8TafuB3lU_00686',)",0,109
19,"('sk8TafuB3lU_00687',)",0,234
19,"('sk8TafuB3lU_00688',)",0,238
19,"('sk8TafuB3lU_00689',)",0,334
19,"('sk8TafuB3lU_00690',)",0,280
19,"('sk8TafuB3lU_00691',)",0,310
19,"('sk8TafuB3lU_00692',)",0,130
19,"('sk8TafuB3lU_00693',)",0,233
19,"('sk8TafuB3lU_00694',)",0,237
19,"('sk8TafuB3lU_00695',)",0,80
19,"('sk8TafuB3lU_00696',)",0,75
19,"('sk8TafuB3lU_00697',)",0,184
19,"('sk8TafuB3lU_00698',)",0,175
19,"('sk8TafuB3lU_00699',)",0,171
19,"('sk8TafuB3lU_00700',)",0,212
31,"('sk8TafuB3lU_00701',)",0,128
31,"('sk8TafuB3lU_00702',)",0,229
31,"('sk8TafuB3lU_00703',)",0,254
15,"('sk8TafuB3lU_00704',)",0,113
15,"('sk8TafuB3lU_00705',)",0,197
15,"('sk8TafuB3lU_00706',)",0,190
31,"('sk8TafuB3lU_00707',)",0,106
31,"('sk8TafuB3lU_00708',)",0,249
31,"('sk8TafuB3lU_00709',)",0,213
19,"('sk8TafuB3lU_00710',)",0,117
19,"('sk8TafuB3lU_00711',)",0,209
19,"('sk8TafuB3lU_00712',)",0,201
31,"('sk8TafuB3lU_00713',)",0,172
31,"('sk8TafuB3lU_00714',)",0,256
31,"('sk8TafuB3lU_00715',)",0,274
31,"('sk8TafuB3lU_00716',)",0,144
31,"('sk8TafuB3lU_00717',)",0,227
31,"('sk8TafuB3lU_00718',)",0,237
31,"('sk8TafuB3lU_00719',)",0,140
31,"('sk8TafuB3lU_00720',)",0,285
31,"('sk8TafuB3lU_00721',)",0,269
20,"('sk8TafuB3lU_00722',)",0,190
20,"('sk8TafuB3lU_00723',)",0,248
20,"('sk8TafuB3lU_00724',)",0,229
31,"('sk8TafuB3lU_00725',)",0,272
31,"('sk8TafuB3lU_00726',)",0,230
31,"('sk8TafuB3lU_00727',)",0,253
31,"('sk8TafuB3lU_00728',)",0,147
31,"('sk8TafuB3lU_00729',)",0,309
31,"('sk8TafuB3lU_00730',)",0,271
46,"('sk8TafuB3lU_00731',)",0,110
46,"('sk8TafuB3lU_00732',)",0,232
46,"('sk8TafuB3lU_00733',)",0,224
20,"('sk8TafuB3lU_00734',)",0,157
20,"('sk8TafuB3lU_00735',)",0,258
20,"('sk8TafuB3lU_00736',)",0,242
20,"('sk8TafuB3lU_00737',)",0,129
20,"('sk8TafuB3lU_00738',)",0,225
20,"('sk8TafuB3lU_00739',)",0,232
31,"('sk8TafuB3lU_00740',)",0,136
31,"('sk8TafuB3lU_00741',)",0,229
31,"('sk8TafuB3lU_00742',)",0,200
31,"('sk8TafuB3lU_00743',)",0,118
31,"('sk8TafuB3lU_00744',)",0,221
31,"('sk8TafuB3lU_00745',)",0,203
31,"('sk8TafuB3lU_00746',)",0,427
31,"('sk8TafuB3lU_00747',)",0,217
31,"('sk8TafuB3lU_00748',)",0,195
46,"('sk8TafuB3lU_00749',)",0,196
46,"('sk8TafuB3lU_00750',)",0,223
46,"('sk8TafuB3lU_00751',)",0,211
31,"('sk8TafuB3lU_00752',)",0,231
31,"('sk8TafuB3lU_00753',)",0,251
15,"('sk8TafuB3lU_00754',)",0,275
15,"('sk8TafuB3lU_00755',)",0,130
15,"('sk8TafuB3lU_00756',)",0,234
46,"('sk8TafuB3lU_00757',)",0,242
46,"('sk8TafuB3lU_00758',)",0,186
46,"('sk8TafuB3lU_00759',)",0,205
31,"('sk8TafuB3lU_00760',)",0,217
31,"('sk8TafuB3lU_00761',)",0,227
31,"('sk8TafuB3lU_00762',)",0,297
31,"('sk8TafuB3lU_00763',)",0,260
31,"('sk8TafuB3lU_00764',)",0,142
31,"('sk8TafuB3lU_00765',)",0,237
31,"('sk8TafuB3lU_00766',)",0,251
31,"('sk8TafuB3lU_00767',)",0,131
31,"('sk8TafuB3lU_00768',)",0,228
46,"('sk8TafuB3lU_00769',)",0,234
46,"('sk8TafuB3lU_00770',)",0,245
46,"('sk8TafuB3lU_00771',)",0,231
31,"('sk8TafuB3lU_00772',)",0,232
31,"('sk8TafuB3lU_00773',)",0,135
31,"('sk8TafuB3lU_00774',)",0,250
31,"('sk8TafuB3lU_00775',)",0,238
31,"('sk8TafuB3lU_00776',)",0,247
46,"('sk8TafuB3lU_00777',)",0,273
46,"('sk8TafuB3lU_00778',)",0,116
46,"('sk8TafuB3lU_00779',)",0,248
46,"('sk8TafuB3lU_00780',)",0,261
46,"('sk8TafuB3lU_00781',)",0,124
46,"('sk8TafuB3lU_00782',)",0,197
0,"('sk8TafuB3lU_00783',)",0,205
0,"('sk8TafuB3lU_00784',)",0,228
0,"('sk8TafuB3lU_00785',)",0,234
31,"('sk8TafuB3lU_00786',)",0,271
31,"('sk8TafuB3lU_00787',)",0,351
0,"('sk8TafuB3lU_00788',)",0,284
0,"('sk8TafuB3lU_00789',)",0,265
0,"('sk8TafuB3lU_00790',)",0,172
46,"('sk8TafuB3lU_00791',)",0,229
46,"('sk8TafuB3lU_00792',)",0,253
46,"('sk8TafuB3lU_00793',)",0,224
46,"('sk8TafuB3lU_00794',)",0,255
46,"('sk8TafuB3lU_00795',)",0,259
46,"('sk8TafuB3lU_00796',)",0,252
46,"('sk8TafuB3lU_00797',)",0,226
46,"('sk8TafuB3lU_00798',)",0,214
46,"('sk8TafuB3lU_00799',)",0,159
20,"('sk8TafuB3lU_00800',)",0,267
20,"('sk8TafuB3lU_00801',)",0,137
20,"('sk8TafuB3lU_00802',)",0,251
46,"('sk8TafuB3lU_00803',)",0,260
46,"('sk8TafuB3lU_00804',)",0,133
46,"('sk8TafuB3lU_00805',)",0,229
31,"('sk8TafuB3lU_00806',)",0,211
31,"('sk8TafuB3lU_00807',)",0,252
31,"('sk8TafuB3lU_00808',)",0,270
31,"('sk8TafuB3lU_00809',)",0,282
31,"('sk8TafuB3lU_00810',)",0,126
31,"('sk8TafuB3lU_00811',)",0,247
31,"('sk8TafuB3lU_00812',)",0,232
31,"('sk8TafuB3lU_00813',)",0,277
31,"('sk8TafuB3lU_00814',)",0,281
31,"('sk8TafuB3lU_00815',)",0,218
15,"('sk8TafuB3lU_00816',)",0,244
15,"('sk8TafuB3lU_00817',)",0,257
15,"('sk8TafuB3lU_00818',)",0,158
46,"('sk8TafuB3lU_00819',)",0,264
46,"('sk8TafuB3lU_00820',)",0,250
46,"('sk8TafuB3lU_00821',)",0,123
46,"('sk8TafuB3lU_00822',)",0,275
46,"('sk8TafuB3lU_00823',)",0,260
15,"('sk8TafuB3lU_00824',)",0,83
15,"('sk8TafuB3lU_00825',)",0,177
15,"('sk8TafuB3lU_00826',)",0,178
46,"('sk8TafuB3lU_00827',)",0,139
46,"('sk8TafuB3lU_00828',)",0,275
46,"('sk8TafuB3lU_00829',)",0,241
46,"('sk8TafuB3lU_00830',)",0,124
20,"('sk8TafuB3lU_00831',)",0,226
20,"('sk8TafuB3lU_00832',)",0,241
20,"('sk8TafuB3lU_00833',)",0,454
20,"('sk8TafuB3lU_00834',)",0,143
20,"('sk8TafuB3lU_00835',)",0,202
20,"('sk8TafuB3lU_00836',)",0,207
17,"('sk8TafuB3lU_00837',)",0,193
17,"('sk8TafuB3lU_00838',)",0,281
17,"('sk8TafuB3lU_00839',)",0,276
20,"('sk8TafuB3lU_00840',)",0,231
20,"('sk8TafuB3lU_00841',)",0,290
0,"('sk8TafuB3lU_00842',)",0,257
0,"('sk8TafuB3lU_00843',)",0,143
0,"('sk8TafuB3lU_00844',)",0,262
20,"('sk8TafuB3lU_00845',)",0,213
20,"('sk8TafuB3lU_00846',)",0,275
20,"('sk8TafuB3lU_00847',)",0,285
15,"('sk8TafuB3lU_00848',)",0,133
15,"('sk8TafuB3lU_00849',)",0,238
15,"('sk8TafuB3lU_00850',)",0,245
15,"('sk8TafuB3lU_00851',)",0,224
15,"('sk8TafuB3lU_00852',)",0,230
17,"('sk8TafuB3lU_00853',)",0,259
17,"('sk8TafuB3lU_00854',)",0,249
20,"('sk8TafuB3lU_00855',)",0,90
20,"('sk8TafuB3lU_00856',)",0,194
20,"('sk8TafuB3lU_00857',)",0,119
46,"('sk8TafuB3lU_00858',)",0,323
46,"('sk8TafuB3lU_00859',)",0,227
46,"('sk8TafuB3lU_00860',)",0,224
46,"('sk8TafuB3lU_00861',)",0,186
46,"('sk8TafuB3lU_00862',)",0,277
46,"('sk8TafuB3lU_00863',)",0,268
0,"('sk8TafuB3lU_00864',)",0,146
0,"('sk8TafuB3lU_00865',)",0,225
0,"('sk8TafuB3lU_00866',)",0,172
20,"('sk8TafuB3lU_00867',)",0,266
20,"('sk8TafuB3lU_00868',)",0,264
20,"('sk8TafuB3lU_00869',)",0,159
0,"('sk8TafuB3lU_00870',)",0,217
0,"('sk8TafuB3lU_00871',)",0,205
0,"('sk8TafuB3lU_00872',)",0,190
0,"('sk8TafuB3lU_00873',)",0,254
0,"('sk8TafuB3lU_00874',)",0,229
0,"('sk8TafuB3lU_00875',)",0,133
0,"('sk8TafuB3lU_00876',)",0,237
0,"('sk8TafuB3lU_00877',)",0,154
0,"('sk8TafuB3lU_00878',)",0,238
17,"('sk8TafuB3lU_00879',)",0,124
17,"('sk8TafuB3lU_00880',)",0,266
17,"('sk8TafuB3lU_00881',)",0,224
17,"('sk8TafuB3lU_00882',)",0,139
17,"('sk8TafuB3lU_00883',)",0,265
17,"('sk8TafuB3lU_00884',)",0,246
17,"('sk8TafuB3lU_00885',)",0,140
17,"('sk8TafuB3lU_00886',)",0,251
17,"('sk8TafuB3lU_00887',)",0,239
46,"('sk8TafuB3lU_00888',)",0,144
46,"('sk8TafuB3lU_00889',)",0,267
0,"('sk8TafuB3lU_00890',)",0,227
0,"('sk8TafuB3lU_00891',)",0,167
0,"('sk8TafuB3lU_00892',)",0,263
0,"('sk8TafuB3lU_00893',)",0,234
0,"('sk8TafuB3lU_00894',)",0,207
31,"('sk8TafuB3lU_00895',)",0,268
31,"('sk8TafuB3lU_00896',)",0,305
0,"('sk8TafuB3lU_00897',)",0,198
0,"('sk8TafuB3lU_00898',)",0,303
0,"('sk8TafuB3lU_00899',)",0,276
31,"('sk8TafuB3lU_00900',)",0,163
31,"('sk8TafuB3lU_00901',)",0,282
31,"('sk8TafuB3lU_00902',)",0,264
17,"('sk8TafuB3lU_00903',)",0,111
17,"('sk8TafuB3lU_00904',)",0,202
37,"('sk8TafuB3lU_00905',)",0,191
37,"('sk8TafuB3lU_00906',)",0,88
46,"('sk8TafuB3lU_00907',)",0,125
46,"('sk8TafuB3lU_00908',)",0,247
46,"('sk8TafuB3lU_00909',)",0,202
17,"('sk8TafuB3lU_00910',)",0,271
17,"('sk8TafuB3lU_00911',)",0,263
31,"('sk8TafuB3lU_00912',)",0,166
31,"('sk8TafuB3lU_00913',)",0,264
46,"('sk8TafuB3lU_00914',)",0,349
46,"('sk8TafuB3lU_00915',)",0,228
46,"('sk8TafuB3lU_00916',)",0,254
46,"('sk8TafuB3lU_00917',)",0,136
46,"('sk8TafuB3lU_00918',)",0,233
46,"('sk8TafuB3lU_00919',)",0,116
35,"('sk8TafuB3lU_00920',)",0,217
35,"('sk8TafuB3lU_00921',)",0,163
24,"('sk8TafuB3lU_00922',)",0,274
24,"('sk8TafuB3lU_00923',)",0,272
1,"('sk8TafuB3lU_00924',)",0,158
1,"('sk8TafuB3lU_00925',)",0,237
21,"('sk8TafuB3lU_00926',)",0,253
21,"('sk8TafuB3lU_00927',)",0,151
26,"('sk8TafuB3lU_00928',)",0,315
26,"('sk8TafuB3lU_00929',)",0,107
26,"('sk8TafuB3lU_00930',)",0,202
26,"('sk8TafuB3lU_00931',)",0,476
44,"('sk8TafuB3lU_00932',)",0,289
44,"('sk8TafuB3lU_00933',)",0,227
44,"('sk8TafuB3lU_00934',)",0,178
26,"('sk8TafuB3lU_00935',)",0,243
26,"('sk8TafuB3lU_00936',)",0,121
26,"('sk8TafuB3lU_00937',)",0,202
1,"('sk8TafuB3lU_00938',)",0,117
1,"('sk8TafuB3lU_00939',)",0,222
1,"('sk8TafuB3lU_00940',)",0,224
34,"('sk8TafuB3lU_00941',)",0,223
34,"('sk8TafuB3lU_00942',)",0,232
34,"('sk8TafuB3lU_00943',)",0,229
44,"('sk8TafuB3lU_00944',)",0,131
44,"('sk8TafuB3lU_00945',)",0,209
44,"('sk8TafuB3lU_00946',)",0,185
26,"('sk8TafuB3lU_00947',)",0,229
26,"('sk8TafuB3lU_00948',)",0,124
26,"('sk8TafuB3lU_00949',)",0,206
44,"('sk8TafuB3lU_00950',)",0,231
44,"('sk8TafuB3lU_00951',)",0,216
44,"('sk8TafuB3lU_00952',)",0,122
26,"('sk8TafuB3lU_00953',)",0,217
26,"('sk8TafuB3lU_00954',)",0,126
26,"('sk8TafuB3lU_00955',)",0,240
35,"('sk8TafuB3lU_00956',)",0,313
35,"('sk8TafuB3lU_00957',)",0,194
35,"('sk8TafuB3lU_00958',)",0,202
26,"('sk8TafuB3lU_00959',)",0,103
26,"('sk8TafuB3lU_00960',)",0,184
26,"('sk8TafuB3lU_00961',)",0,157
26,"('sk8TafuB3lU_00962',)",0,116
26,"('sk8TafuB3lU_00963',)",0,103
27,"('sk8TafuB3lU_00964',)",0,215
27,"('sk8TafuB3lU_00965',)",0,164
27,"('sk8TafuB3lU_00966',)",0,149
34,"('sk8TafuB3lU_00967',)",0,217
34,"('sk8TafuB3lU_00968',)",0,209
26,"('sk8TafuB3lU_00969',)",0,246
26,"('sk8TafuB3lU_00970',)",0,274
26,"('sk8TafuB3lU_00971',)",0,123
21,"('sk8TafuB3lU_00972',)",0,243
21,"('sk8TafuB3lU_00973',)",0,260
8,"('sk8TafuB3lU_00974',)",0,150
8,"('sk8TafuB3lU_00975',)",0,238
8,"('sk8TafuB3lU_00976',)",0,273
5,"('sk8TafuB3lU_00977',)",0,144
5,"('sk8TafuB3lU_00978',)",0,219
5,"('sk8TafuB3lU_00979',)",0,262
26,"('sk8TafuB3lU_00980',)",0,106
26,"('sk8TafuB3lU_00981',)",0,196
26,"('sk8TafuB3lU_00982',)",0,217
14,"('sk8TafuB3lU_00983',)",0,120
14,"('sk8TafuB3lU_00984',)",0,231
7,"('sk8TafuB3lU_00985',)",0,225
7,"('sk8TafuB3lU_00986',)",0,266
33,"('sk8TafuB3lU_00987',)",0,237
34,"('sk8TafuB3lU_00988',)",0,158
34,"('sk8TafuB3lU_00989',)",0,231
34,"('sk8TafuB3lU_00990',)",0,221
34,"('sk8TafuB3lU_00991',)",0,95
34,"('sk8TafuB3lU_00992',)",0,282
34,"('sk8TafuB3lU_00993',)",0,166
35,"('sk8TafuB3lU_00994',)",0,224
35,"('sk8TafuB3lU_00995',)",0,250
35,"('sk8TafuB3lU_00996',)",0,192
35,"('sk8TafuB3lU_00997',)",0,195
35,"('sk8TafuB3lU_00998',)",0,105
35,"('sk8TafuB3lU_00999',)",0,177
12,"('sk8TafuB3lU_01000',)",0,189
12,"('sk8TafuB3lU_01001',)",0,423
12,"('sk8TafuB3lU_01002',)",0,253
44,"('sk8TafuB3lU_01003',)",0,237
44,"('sk8TafuB3lU_01004',)",0,155
44,"('sk8TafuB3lU_01005',)",0,268
44,"('sk8TafuB3lU_01006',)",0,244
27,"('sk8TafuB3lU_01007',)",0,368
27,"('sk8TafuB3lU_01008',)",0,226
27,"('sk8TafuB3lU_01009',)",0,132
35,"('sk8TafuB3lU_01010',)",0,259
35,"('sk8TafuB3lU_01011',)",0,146
35,"('sk8TafuB3lU_01012',)",0,118
35,"('sk8TafuB3lU_01013',)",0,212
35,"('sk8TafuB3lU_01014',)",0,201
35,"('sk8TafuB3lU_01015',)",0,109
35,"('sk8TafuB3lU_01016',)",0,214
35,"('sk8TafuB3lU_01017',)",0,213
35,"('sk8TafuB3lU_01018',)",0,133
35,"('sk8TafuB3lU_01019',)",0,241
35,"('sk8TafuB3lU_01020',)",0,262
35,"('sk8TafuB3lU_01021',)",0,240
26,"('sk8TafuB3lU_01022',)",0,242
26,"('sk8TafuB3lU_01023',)",0,240
21,"('sk8TafuB3lU_01024',)",0,135
21,"('sk8TafuB3lU_01025',)",0,258
21,"('sk8TafuB3lU_01026',)",0,250
35,"('sk8TafuB3lU_01027',)",0,150
35,"('sk8TafuB3lU_01028',)",0,235
35,"('sk8TafuB3lU_01029',)",0,134
14,"('sk8TafuB3lU_01030',)",0,215
14,"('sk8TafuB3lU_01031',)",0,179
8,"('sk8TafuB3lU_01032',)",0,235
8,"('sk8TafuB3lU_01033',)",0,257
8,"('sk8TafuB3lU_01034',)",0,164
27,"('sk8TafuB3lU_01035',)",0,249
27,"('sk8TafuB3lU_01036',)",0,249
27,"('sk8TafuB3lU_01037',)",0,239
21,"('sk8TafuB3lU_01038',)",0,248
21,"('sk8TafuB3lU_01039',)",0,217
21,"('sk8TafuB3lU_01040',)",0,123
7,"('sk8TafuB3lU_01041',)",0,239
7,"('sk8TafuB3lU_01042',)",0,228
7,"('sk8TafuB3lU_01043',)",0,167
26,"('sk8TafuB3lU_01044',)",0,245
26,"('sk8TafuB3lU_01045',)",0,230
26,"('sk8TafuB3lU_01046',)",0,179
26,"('sk8TafuB3lU_01047',)",0,232
26,"('sk8TafuB3lU_01048',)",0,134
35,"('sk8TafuB3lU_01049',)",0,233
35,"('sk8TafuB3lU_01050',)",0,205
12,"('sk8TafuB3lU_01051',)",0,184
12,"('sk8TafuB3lU_01052',)",0,247
12,"('sk8TafuB3lU_01053',)",0,244
44,"('sk8TafuB3lU_01054',)",0,172
44,"('sk8TafuB3lU_01055',)",0,256
44,"('sk8TafuB3lU_01056',)",0,108
44,"('sk8TafuB3lU_01057',)",0,196
44,"('sk8TafuB3lU_01058',)",0,189
44,"('sk8TafuB3lU_01059',)",0,106
27,"('sk8TafuB3lU_01060',)",0,218
27,"('sk8TafuB3lU_01061',)",0,193
4,"('sk8TafuB3lU_01062',)",0,202
4,"('sk8TafuB3lU_01063',)",0,246
4,"('sk8TafuB3lU_01064',)",0,228
5,"('sk8TafuB3lU_01065',)",0,213
5,"('sk8TafuB3lU_01066',)",0,247
5,"('sk8TafuB3lU_01067',)",0,207
9,"('sk8TafuB3lU_01068',)",0,151
9,"('sk8TafuB3lU_01069',)",0,265
9,"('sk8TafuB3lU_01070',)",0,167
26,"('sk8TafuB3lU_01071',)",0,273
26,"('sk8TafuB3lU_01072',)",0,253
26,"('sk8TafuB3lU_01073',)",0,132
35,"('sk8TafuB3lU_01074',)",0,248
35,"('sk8TafuB3lU_01075',)",0,175
35,"('sk8TafuB3lU_01076',)",0,251
8,"('sk8TafuB3lU_01077',)",0,220
8,"('sk8TafuB3lU_01078',)",0,118
8,"('sk8TafuB3lU_01079',)",0,224
21,"('sk8TafuB3lU_01080',)",0,223
21,"('sk8TafuB3lU_01081',)",0,124
21,"('sk8TafuB3lU_01082',)",0,221
12,"('sk8TafuB3lU_01083',)",0,218
12,"('sk8TafuB3lU_01084',)",0,108
12,"('sk8TafuB3lU_01085',)",0,231
8,"('sk8TafuB3lU_01086',)",0,191
8,"('sk8TafuB3lU_01087',)",0,234
26,"('sk8TafuB3lU_01088',)",0,232
26,"('sk8TafuB3lU_01089',)",0,136
12,"('sk8TafuB3lU_01090',)",0,257
12,"('sk8TafuB3lU_01091',)",0,240
12,"('sk8TafuB3lU_01092',)",0,138
5,"('sk8TafuB3lU_01093',)",0,278
5,"('sk8TafuB3lU_01094',)",0,217
26,"('sk8TafuB3lU_01095',)",0,125
26,"('sk8TafuB3lU_01096',)",0,236
26,"('sk8TafuB3lU_01097',)",0,225
12,"('sk8TafuB3lU_01098',)",0,128
12,"('sk8TafuB3lU_01099',)",0,252
12,"('sk8TafuB3lU_01100',)",0,231
12,"('sk8TafuB3lU_01101',)",0,135
12,"('sk8TafuB3lU_01102',)",0,195
34,"('sk8TafuB3lU_01103',)",0,204
34,"('sk8TafuB3lU_01104',)",0,137
8,"('sk8TafuB3lU_01105',)",0,238
8,"('sk8TafuB3lU_01106',)",0,198
43,"('sk8TafuB3lU_01107',)",0,142
43,"('sk8TafuB3lU_01108',)",0,243
43,"('sk8TafuB3lU_01109',)",0,241
8,"('sk8TafuB3lU_01110',)",0,172
8,"('sk8TafuB3lU_01111',)",0,188
22,"('sk8TafuB3lU_01112',)",0,150
22,"('sk8TafuB3lU_01113',)",0,258
35,"('sk8TafuB3lU_01114',)",0,168
35,"('sk8TafuB3lU_01115',)",0,246
35,"('sk8TafuB3lU_01116',)",0,223
44,"('sk8TafuB3lU_01117',)",0,175
44,"('sk8TafuB3lU_01118',)",0,302
5,"('sk8TafuB3lU_01119',)",0,129
5,"('sk8TafuB3lU_01120',)",0,268
2,"('sk8TafuB3lU_01121',)",0,229
2,"('sk8TafuB3lU_01122',)",0,287
2,"('sk8TafuB3lU_01123',)",0,268
21,"('sk8TafuB3lU_01124',)",0,224
21,"('sk8TafuB3lU_01125',)",0,252
8,"('sk8TafuB3lU_01126',)",0,199
8,"('sk8TafuB3lU_01127',)",0,104
44,"('sk8TafuB3lU_01128',)",0,213
44,"('sk8TafuB3lU_01129',)",0,137
44,"('sk8TafuB3lU_01130',)",0,249
8,"('sk8TafuB3lU_01131',)",0,330
8,"('sk8TafuB3lU_01132',)",0,300
8,"('sk8TafuB3lU_01133',)",0,285
5,"('sk8TafuB3lU_01134',)",0,100
5,"('sk8TafuB3lU_01135',)",0,212
5,"('sk8TafuB3lU_01136',)",0,158
5,"('sk8TafuB3lU_01137',)",0,246
5,"('sk8TafuB3lU_01138',)",0,482
34,"('sk8TafuB3lU_01139',)",0,272
34,"('sk8TafuB3lU_01140',)",0,247
8,"('sk8TafuB3lU_01141',)",0,205
8,"('sk8TafuB3lU_01142',)",0,272
8,"('sk8TafuB3lU_01143',)",0,290
26,"('sk8TafuB3lU_01144',)",0,249
26,"('sk8TafuB3lU_01145',)",0,300
5,"('sk8TafuB3lU_01146',)",0,263
5,"('sk8TafuB3lU_01147',)",0,279
5,"('sk8TafuB3lU_01148',)",0,132
5,"('sk8TafuB3lU_01149',)",0,259
5,"('sk8TafuB3lU_01150',)",0,258
5,"('sk8TafuB3lU_01151',)",0,257
8,"('sk8TafuB3lU_01152',)",0,162
8,"('sk8TafuB3lU_01153',)",0,265
35,"('sk8TafuB3lU_01154',)",0,260
35,"('sk8TafuB3lU_01155',)",0,159
35,"('sk8TafuB3lU_01156',)",0,228
5,"('sk8TafuB3lU_01157',)",0,198
5,"('sk8TafuB3lU_01158',)",0,333
5,"('sk8TafuB3lU_01159',)",0,249
5,"('sk8TafuB3lU_01160',)",0,153
5,"('sk8TafuB3lU_01161',)",0,250
1,"('sk8TafuB3lU_01162',)",0,230
1,"('sk8TafuB3lU_01163',)",0,115
1,"('sk8TafuB3lU_01164',)",0,206
44,"('sk8TafuB3lU_01165',)",0,139
44,"('sk8TafuB3lU_01166',)",0,244
12,"('sk8TafuB3lU_01167',)",0,215
12,"('sk8TafuB3lU_01168',)",0,272
34,"('sk8TafuB3lU_01169',)",0,269
34,"('sk8TafuB3lU_01170',)",0,130
34,"('sk8TafuB3lU_01171',)",0,241
35,"('sk8TafuB3lU_01172',)",0,172
35,"('sk8TafuB3lU_01173',)",0,306
35,"('sk8TafuB3lU_01174',)",0,132
8,"('sk8TafuB3lU_01175',)",0,228
8,"('sk8TafuB3lU_01176',)",0,245
8,"('sk8TafuB3lU_01177',)",0,219
33,"('mGbuP7nT2ck_00000',)",0,94
33,"('mGbuP7nT2ck_00001',)",0,139
26,"('mGbuP7nT2ck_00002',)",0,97
26,"('mGbuP7nT2ck_00003',)",0,162
26,"('mGbuP7nT2ck_00004',)",0,165
26,"('mGbuP7nT2ck_00005',)",0,195
26,"('mGbuP7nT2ck_00006',)",0,140
26,"('mGbuP7nT2ck_00007',)",0,153
26,"('mGbuP7nT2ck_00008',)",0,84
26,"('mGbuP7nT2ck_00009',)",0,121
26,"('mGbuP7nT2ck_00010',)",0,53
26,"('mGbuP7nT2ck_00011',)",0,117
26,"('mGbuP7nT2ck_00012',)",0,116
35,"('mGbuP7nT2ck_00013',)",0,60
35,"('mGbuP7nT2ck_00014',)",0,105
35,"('mGbuP7nT2ck_00015',)",0,120
35,"('mGbuP7nT2ck_00016',)",0,58
35,"('mGbuP7nT2ck_00017',)",0,104
35,"('mGbuP7nT2ck_00018',)",0,52
35,"('mGbuP7nT2ck_00019',)",0,101
33,"('mGbuP7nT2ck_00020',)",0,79
33,"('mGbuP7nT2ck_00021',)",0,120
35,"('mGbuP7nT2ck_00022',)",0,86
35,"('mGbuP7nT2ck_00023',)",0,129
26,"('mGbuP7nT2ck_00024',)",0,193
26,"('mGbuP7nT2ck_00025',)",0,138
26,"('mGbuP7nT2ck_00026',)",0,160
26,"('mGbuP7nT2ck_00027',)",0,142
7,"('mGbuP7nT2ck_00028',)",0,86
7,"('mGbuP7nT2ck_00029',)",0,121
40,"('mGbuP7nT2ck_00030',)",0,102
40,"('mGbuP7nT2ck_00031',)",0,129
7,"('mGbuP7nT2ck_00032',)",0,85
7,"('mGbuP7nT2ck_00033',)",0,133
22,"('mGbuP7nT2ck_00034',)",0,69
22,"('mGbuP7nT2ck_00035',)",0,131
7,"('mGbuP7nT2ck_00036',)",0,62
7,"('mGbuP7nT2ck_00037',)",0,113
42,"('mGbuP7nT2ck_00038',)",0,107
42,"('mGbuP7nT2ck_00039',)",0,126
28,"('mGbuP7nT2ck_00040',)",0,161
28,"('mGbuP7nT2ck_00041',)",0,124
28,"('mGbuP7nT2ck_00042',)",0,104
28,"('mGbuP7nT2ck_00043',)",0,119
26,"('mGbuP7nT2ck_00044',)",0,74
26,"('mGbuP7nT2ck_00045',)",0,126
26,"('mGbuP7nT2ck_00046',)",0,131
26,"('mGbuP7nT2ck_00047',)",0,138
35,"('mGbuP7nT2ck_00048',)",0,127
35,"('mGbuP7nT2ck_00049',)",0,163
35,"('mGbuP7nT2ck_00050',)",0,103
35,"('mGbuP7nT2ck_00051',)",0,153
43,"('mGbuP7nT2ck_00052',)",0,142
43,"('mGbuP7nT2ck_00053',)",0,122
7,"('mGbuP7nT2ck_00054',)",0,114
7,"('mGbuP7nT2ck_00055',)",0,119
43,"('mGbuP7nT2ck_00056',)",0,96
43,"('mGbuP7nT2ck_00057',)",0,132
7,"('mGbuP7nT2ck_00058',)",0,71
7,"('mGbuP7nT2ck_00059',)",0,138
43,"('mGbuP7nT2ck_00060',)",0,117
43,"('mGbuP7nT2ck_00061',)",0,151
43,"('mGbuP7nT2ck_00062',)",0,129
43,"('mGbuP7nT2ck_00063',)",0,150
12,"('mGbuP7nT2ck_00064',)",0,73
12,"('mGbuP7nT2ck_00065',)",0,132
7,"('mGbuP7nT2ck_00066',)",0,150
7,"('mGbuP7nT2ck_00067',)",0,150
7,"('mGbuP7nT2ck_00068',)",0,54
7,"('mGbuP7nT2ck_00069',)",0,129
7,"('mGbuP7nT2ck_00070',)",0,59
7,"('mGbuP7nT2ck_00071',)",0,135
7,"('mGbuP7nT2ck_00072',)",0,61
7,"('mGbuP7nT2ck_00073',)",0,115
45,"('mGbuP7nT2ck_00074',)",0,255
45,"('mGbuP7nT2ck_00075',)",0,151
33,"('mGbuP7nT2ck_00076',)",0,76
33,"('mGbuP7nT2ck_00077',)",0,125
26,"('mGbuP7nT2ck_00078',)",0,70
26,"('mGbuP7nT2ck_00079',)",0,119
33,"('mGbuP7nT2ck_00080',)",0,184
33,"('mGbuP7nT2ck_00081',)",0,138
33,"('mGbuP7nT2ck_00082',)",0,105
33,"('mGbuP7nT2ck_00083',)",0,142
33,"('mGbuP7nT2ck_00084',)",0,75
33,"('mGbuP7nT2ck_00085',)",0,129
7,"('mGbuP7nT2ck_00086',)",0,119
7,"('mGbuP7nT2ck_00087',)",0,167
45,"('mGbuP7nT2ck_00088',)",0,234
45,"('mGbuP7nT2ck_00089',)",0,119
45,"('mGbuP7nT2ck_00090',)",0,99
45,"('mGbuP7nT2ck_00091',)",0,113
43,"('mGbuP7nT2ck_00092',)",0,285
43,"('mGbuP7nT2ck_00093',)",0,123
45,"('mGbuP7nT2ck_00094',)",0,102
45,"('mGbuP7nT2ck_00095',)",0,115
45,"('mGbuP7nT2ck_00096',)",0,127
45,"('mGbuP7nT2ck_00097',)",0,125
22,"('mGbuP7nT2ck_00098',)",0,74
22,"('mGbuP7nT2ck_00099',)",0,117
26,"('mGbuP7nT2ck_00100',)",0,118
26,"('mGbuP7nT2ck_00101',)",0,112
45,"('mGbuP7nT2ck_00102',)",0,123
45,"('mGbuP7nT2ck_00103',)",0,128
22,"('mGbuP7nT2ck_00104',)",0,89
22,"('mGbuP7nT2ck_00105',)",0,103
45,"('mGbuP7nT2ck_00106',)",0,64
45,"('mGbuP7nT2ck_00107',)",0,118
40,"('mGbuP7nT2ck_00108',)",0,72
40,"('mGbuP7nT2ck_00109',)",0,112
26,"('mGbuP7nT2ck_00110',)",0,116
26,"('mGbuP7nT2ck_00111',)",0,117
23,"('mGbuP7nT2ck_00112',)",0,122
23,"('mGbuP7nT2ck_00113',)",0,133
40,"('mGbuP7nT2ck_00114',)",0,66
40,"('mGbuP7nT2ck_00115',)",0,105
22,"('mGbuP7nT2ck_00116',)",0,61
22,"('mGbuP7nT2ck_00117',)",0,112
22,"('mGbuP7nT2ck_00118',)",0,96
22,"('mGbuP7nT2ck_00119',)",0,103
22,"('mGbuP7nT2ck_00120',)",0,59
22,"('mGbuP7nT2ck_00121',)",0,103
31,"('mGbuP7nT2ck_00122',)",0,119
31,"('mGbuP7nT2ck_00123',)",0,106
31,"('mGbuP7nT2ck_00124',)",0,56
31,"('mGbuP7nT2ck_00125',)",0,124
24,"('mGbuP7nT2ck_00126',)",0,81
24,"('mGbuP7nT2ck_00127',)",0,108
24,"('mGbuP7nT2ck_00128',)",0,84
24,"('mGbuP7nT2ck_00129',)",0,130
31,"('mGbuP7nT2ck_00130',)",0,182
31,"('mGbuP7nT2ck_00131',)",0,110
24,"('mGbuP7nT2ck_00132',)",0,101
24,"('mGbuP7nT2ck_00133',)",0,122
24,"('mGbuP7nT2ck_00134',)",0,48
24,"('mGbuP7nT2ck_00135',)",0,106
24,"('mGbuP7nT2ck_00136',)",0,84
24,"('mGbuP7nT2ck_00137',)",0,132
24,"('mGbuP7nT2ck_00138',)",0,99
24,"('mGbuP7nT2ck_00139',)",0,126
31,"('mGbuP7nT2ck_00140',)",0,132
31,"('mGbuP7nT2ck_00141',)",0,126
31,"('mGbuP7nT2ck_00142',)",0,61
31,"('mGbuP7nT2ck_00143',)",0,103
31,"('mGbuP7nT2ck_00144',)",0,61
31,"('mGbuP7nT2ck_00145',)",0,113
24,"('mGbuP7nT2ck_00146',)",0,71
24,"('mGbuP7nT2ck_00147',)",0,93
24,"('mGbuP7nT2ck_00148',)",0,96
3,"('mGbuP7nT2ck_00149',)",0,198
3,"('mGbuP7nT2ck_00150',)",0,98
3,"('mGbuP7nT2ck_00151',)",0,64
3,"('mGbuP7nT2ck_00152',)",0,115
31,"('mGbuP7nT2ck_00153',)",0,73
31,"('mGbuP7nT2ck_00154',)",0,120
41,"('mGbuP7nT2ck_00155',)",0,54
41,"('mGbuP7nT2ck_00156',)",0,94
41,"('mGbuP7nT2ck_00157',)",0,124
41,"('mGbuP7nT2ck_00158',)",0,108
41,"('mGbuP7nT2ck_00159',)",0,139
41,"('mGbuP7nT2ck_00160',)",0,124
24,"('mGbuP7nT2ck_00161',)",0,47
24,"('mGbuP7nT2ck_00162',)",0,97
24,"('mGbuP7nT2ck_00163',)",0,82
24,"('mGbuP7nT2ck_00164',)",0,140
3,"('mGbuP7nT2ck_00165',)",0,268
3,"('mGbuP7nT2ck_00166',)",0,151
31,"('mGbuP7nT2ck_00167',)",0,73
31,"('mGbuP7nT2ck_00168',)",0,148
3,"('mGbuP7nT2ck_00169',)",0,41
3,"('mGbuP7nT2ck_00170',)",0,109
3,"('mGbuP7nT2ck_00171',)",0,53
3,"('mGbuP7nT2ck_00172',)",0,116
31,"('mGbuP7nT2ck_00173',)",0,178
31,"('mGbuP7nT2ck_00174',)",0,173
24,"('mGbuP7nT2ck_00175',)",0,115
24,"('mGbuP7nT2ck_00176',)",0,112
3,"('mGbuP7nT2ck_00177',)",0,91
3,"('mGbuP7nT2ck_00178',)",0,143
31,"('mGbuP7nT2ck_00179',)",0,60
31,"('mGbuP7nT2ck_00180',)",0,128
38,"('mGbuP7nT2ck_00181',)",0,119
38,"('mGbuP7nT2ck_00182',)",0,109
38,"('mGbuP7nT2ck_00183',)",0,156
38,"('mGbuP7nT2ck_00184',)",0,146
3,"('mGbuP7nT2ck_00185',)",0,59
3,"('mGbuP7nT2ck_00186',)",0,133
38,"('mGbuP7nT2ck_00187',)",0,140
38,"('mGbuP7nT2ck_00188',)",0,133
15,"('2x00lRzlTVQ_00000',)",0,201
15,"('2x00lRzlTVQ_00001',)",0,181
15,"('2x00lRzlTVQ_00002',)",0,113
15,"('2x00lRzlTVQ_00003',)",0,162
15,"('2x00lRzlTVQ_00004',)",0,184
15,"('2x00lRzlTVQ_00005',)",0,69
15,"('2x00lRzlTVQ_00006',)",0,24
15,"('2x00lRzlTVQ_00007',)",0,161
15,"('2x00lRzlTVQ_00008',)",0,197
15,"('2x00lRzlTVQ_00009',)",0,116
31,"('2x00lRzlTVQ_00010',)",0,41
31,"('2x00lRzlTVQ_00011',)",0,129
31,"('2x00lRzlTVQ_00012',)",0,135
15,"('2x00lRzlTVQ_00013',)",0,57
15,"('2x00lRzlTVQ_00014',)",0,177
15,"('2x00lRzlTVQ_00015',)",0,86
15,"('2x00lRzlTVQ_00016',)",0,177
15,"('2x00lRzlTVQ_00017',)",0,189
15,"('2x00lRzlTVQ_00018',)",0,91
15,"('2x00lRzlTVQ_00019',)",0,167
15,"('2x00lRzlTVQ_00020',)",0,165
15,"('2x00lRzlTVQ_00021',)",0,83
29,"('2x00lRzlTVQ_00022',)",0,81
29,"('2x00lRzlTVQ_00023',)",0,210
29,"('2x00lRzlTVQ_00024',)",0,114
37,"('2x00lRzlTVQ_00025',)",0,116
37,"('2x00lRzlTVQ_00026',)",0,186
37,"('2x00lRzlTVQ_00027',)",0,195
46,"('2x00lRzlTVQ_00028',)",0,87
46,"('2x00lRzlTVQ_00029',)",0,115
46,"('2x00lRzlTVQ_00030',)",0,139
15,"('2x00lRzlTVQ_00031',)",0,110
15,"('2x00lRzlTVQ_00032',)",0,75
15,"('2x00lRzlTVQ_00033',)",0,189
47,"('2x00lRzlTVQ_00034',)",0,87
47,"('2x00lRzlTVQ_00035',)",0,82
47,"('2x00lRzlTVQ_00036',)",0,145
46,"('2x00lRzlTVQ_00037',)",0,88
46,"('2x00lRzlTVQ_00038',)",0,128
46,"('2x00lRzlTVQ_00039',)",0,199
46,"('2x00lRzlTVQ_00040',)",0,87
46,"('2x00lRzlTVQ_00041',)",0,195
46,"('2x00lRzlTVQ_00042',)",0,143
46,"('2x00lRzlTVQ_00043',)",0,80
46,"('2x00lRzlTVQ_00044',)",0,84
46,"('2x00lRzlTVQ_00045',)",0,173
35,"('2x00lRzlTVQ_00046',)",0,133
35,"('2x00lRzlTVQ_00047',)",0,79
35,"('2x00lRzlTVQ_00048',)",0,164
26,"('2x00lRzlTVQ_00049',)",0,100
26,"('2x00lRzlTVQ_00050',)",0,200
26,"('2x00lRzlTVQ_00051',)",0,145
42,"('2x00lRzlTVQ_00052',)",0,180
42,"('2x00lRzlTVQ_00053',)",0,129
42,"('2x00lRzlTVQ_00054',)",0,213
35,"('2x00lRzlTVQ_00055',)",0,141
35,"('2x00lRzlTVQ_00056',)",0,56
35,"('2x00lRzlTVQ_00057',)",0,153
26,"('2x00lRzlTVQ_00058',)",0,129
26,"('2x00lRzlTVQ_00059',)",0,111
26,"('2x00lRzlTVQ_00060',)",0,190
22,"('2x00lRzlTVQ_00061',)",0,81
22,"('2x00lRzlTVQ_00062',)",0,116
22,"('2x00lRzlTVQ_00063',)",0,189
35,"('2x00lRzlTVQ_00064',)",0,101
35,"('2x00lRzlTVQ_00065',)",0,131
35,"('2x00lRzlTVQ_00066',)",0,189
7,"('2x00lRzlTVQ_00067',)",0,169
7,"('2x00lRzlTVQ_00068',)",0,129
7,"('2x00lRzlTVQ_00069',)",0,218
12,"('2x00lRzlTVQ_00070',)",0,89
12,"('2x00lRzlTVQ_00071',)",0,131
12,"('2x00lRzlTVQ_00072',)",0,141
42,"('2x00lRzlTVQ_00073',)",0,87
42,"('2x00lRzlTVQ_00074',)",0,62
42,"('2x00lRzlTVQ_00075',)",0,152
22,"('2x00lRzlTVQ_00076',)",0,111
22,"('2x00lRzlTVQ_00077',)",0,124
22,"('2x00lRzlTVQ_00078',)",0,182
42,"('2x00lRzlTVQ_00079',)",0,118
42,"('2x00lRzlTVQ_00080',)",0,133
42,"('2x00lRzlTVQ_00081',)",0,169
35,"('2x00lRzlTVQ_00082',)",0,81
35,"('2x00lRzlTVQ_00083',)",0,57
35,"('2x00lRzlTVQ_00084',)",0,152
28,"('2x00lRzlTVQ_00085',)",0,96
28,"('2x00lRzlTVQ_00086',)",0,72
28,"('2x00lRzlTVQ_00087',)",0,165
22,"('2x00lRzlTVQ_00088',)",0,120
22,"('2x00lRzlTVQ_00089',)",0,168
22,"('2x00lRzlTVQ_00090',)",0,150
45,"('2x00lRzlTVQ_00091',)",0,82
45,"('2x00lRzlTVQ_00092',)",0,91
45,"('2x00lRzlTVQ_00093',)",0,182
45,"('2x00lRzlTVQ_00094',)",0,92
45,"('2x00lRzlTVQ_00095',)",0,112
45,"('2x00lRzlTVQ_00096',)",0,185
35,"('2x00lRzlTVQ_00097',)",0,159
35,"('2x00lRzlTVQ_00098',)",0,47
35,"('2x00lRzlTVQ_00099',)",0,149
45,"('2x00lRzlTVQ_00100',)",0,107
45,"('2x00lRzlTVQ_00101',)",0,91
45,"('2x00lRzlTVQ_00102',)",0,159
35,"('2x00lRzlTVQ_00103',)",0,68
35,"('2x00lRzlTVQ_00104',)",0,193
35,"('2x00lRzlTVQ_00105',)",0,163
28,"('2x00lRzlTVQ_00106',)",0,64
28,"('2x00lRzlTVQ_00107',)",0,90
28,"('2x00lRzlTVQ_00108',)",0,162
22,"('2x00lRzlTVQ_00109',)",0,81
22,"('2x00lRzlTVQ_00110',)",0,67
22,"('2x00lRzlTVQ_00111',)",0,165
42,"('2x00lRzlTVQ_00112',)",0,99
42,"('2x00lRzlTVQ_00113',)",0,96
42,"('2x00lRzlTVQ_00114',)",0,181
28,"('2x00lRzlTVQ_00115',)",0,128
28,"('2x00lRzlTVQ_00116',)",0,79
28,"('2x00lRzlTVQ_00117',)",0,149
22,"('2x00lRzlTVQ_00118',)",0,95
22,"('2x00lRzlTVQ_00119',)",0,100
22,"('2x00lRzlTVQ_00120',)",0,180
28,"('2x00lRzlTVQ_00121',)",0,275
28,"('2x00lRzlTVQ_00122',)",0,129
22,"('2x00lRzlTVQ_00123',)",0,203
22,"('2x00lRzlTVQ_00124',)",0,106
22,"('2x00lRzlTVQ_00125',)",0,88
22,"('2x00lRzlTVQ_00126',)",0,209
22,"('2x00lRzlTVQ_00127',)",0,127
22,"('2x00lRzlTVQ_00128',)",0,89
42,"('2x00lRzlTVQ_00129',)",0,180
42,"('2x00lRzlTVQ_00130',)",0,107
42,"('2x00lRzlTVQ_00131',)",0,183
42,"('2x00lRzlTVQ_00132',)",0,64
42,"('2x00lRzlTVQ_00133',)",0,177
42,"('2x00lRzlTVQ_00134',)",0,225
7,"('xbQCwTHcGN8_00000',)",0,81
7,"('xbQCwTHcGN8_00001',)",0,157
7,"('xbQCwTHcGN8_00002',)",0,106
35,"('xbQCwTHcGN8_00003',)",0,73
35,"('xbQCwTHcGN8_00004',)",0,182
35,"('xbQCwTHcGN8_00005',)",0,79
35,"('xbQCwTHcGN8_00006',)",0,167
35,"('xbQCwTHcGN8_00007',)",0,56
35,"('xbQCwTHcGN8_00008',)",0,134
35,"('xbQCwTHcGN8_00009',)",0,197
7,"('xbQCwTHcGN8_00010',)",0,91
7,"('xbQCwTHcGN8_00011',)",0,171
7,"('xbQCwTHcGN8_00012',)",0,140
21,"('xbQCwTHcGN8_00013',)",0,81
21,"('xbQCwTHcGN8_00014',)",0,163
21,"('xbQCwTHcGN8_00015',)",0,96
5,"('xbQCwTHcGN8_00016',)",0,54
5,"('xbQCwTHcGN8_00017',)",0,155
5,"('xbQCwTHcGN8_00018',)",0,96
33,"('xbQCwTHcGN8_00019',)",0,145
33,"('xbQCwTHcGN8_00020',)",0,154
33,"('xbQCwTHcGN8_00021',)",0,99
7,"('xbQCwTHcGN8_00022',)",0,70
7,"('xbQCwTHcGN8_00023',)",0,143
7,"('xbQCwTHcGN8_00024',)",0,135
26,"('xbQCwTHcGN8_00025',)",0,133
26,"('xbQCwTHcGN8_00026',)",0,199
26,"('xbQCwTHcGN8_00027',)",0,122
7,"('xbQCwTHcGN8_00028',)",0,89
7,"('xbQCwTHcGN8_00029',)",0,142
7,"('xbQCwTHcGN8_00030',)",0,114
7,"('xbQCwTHcGN8_00031',)",0,92
7,"('xbQCwTHcGN8_00032',)",0,148
7,"('xbQCwTHcGN8_00033',)",0,140
7,"('xbQCwTHcGN8_00034',)",0,59
7,"('xbQCwTHcGN8_00035',)",0,149
7,"('xbQCwTHcGN8_00036',)",0,95
35,"('xbQCwTHcGN8_00037',)",0,111
35,"('xbQCwTHcGN8_00038',)",0,138
35,"('xbQCwTHcGN8_00039',)",0,94
22,"('xbQCwTHcGN8_00040',)",0,157
22,"('xbQCwTHcGN8_00041',)",0,179
22,"('xbQCwTHcGN8_00042',)",0,278
7,"('xbQCwTHcGN8_00043',)",0,41
7,"('xbQCwTHcGN8_00044',)",0,131
7,"('xbQCwTHcGN8_00045',)",0,92
26,"('xbQCwTHcGN8_00046',)",0,47
26,"('xbQCwTHcGN8_00047',)",0,121
26,"('xbQCwTHcGN8_00048',)",0,124
7,"('xbQCwTHcGN8_00049',)",0,54
7,"('xbQCwTHcGN8_00050',)",0,146
7,"('xbQCwTHcGN8_00051',)",0,76
35,"('xbQCwTHcGN8_00052',)",0,87
35,"('xbQCwTHcGN8_00053',)",0,208
35,"('xbQCwTHcGN8_00054',)",0,101
43,"('xbQCwTHcGN8_00055',)",0,132
43,"('xbQCwTHcGN8_00056',)",0,164
43,"('xbQCwTHcGN8_00057',)",0,98
28,"('xbQCwTHcGN8_00058',)",0,90
28,"('xbQCwTHcGN8_00059',)",0,107
28,"('xbQCwTHcGN8_00060',)",0,143
12,"('xbQCwTHcGN8_00061',)",0,92
12,"('xbQCwTHcGN8_00062',)",0,155
12,"('xbQCwTHcGN8_00063',)",0,131
26,"('xbQCwTHcGN8_00064',)",0,78
26,"('xbQCwTHcGN8_00065',)",0,172
26,"('xbQCwTHcGN8_00066',)",0,100
26,"('xbQCwTHcGN8_00067',)",0,97
26,"('xbQCwTHcGN8_00068',)",0,183
26,"('xbQCwTHcGN8_00069',)",0,129
35,"('xbQCwTHcGN8_00070',)",0,67
35,"('xbQCwTHcGN8_00071',)",0,138
35,"('xbQCwTHcGN8_00072',)",0,69
26,"('xbQCwTHcGN8_00073',)",0,111
26,"('xbQCwTHcGN8_00074',)",0,155
26,"('xbQCwTHcGN8_00075',)",0,110
22,"('xbQCwTHcGN8_00076',)",0,151
22,"('xbQCwTHcGN8_00077',)",0,160
22,"('xbQCwTHcGN8_00078',)",0,176
24,"('xbQCwTHcGN8_00079',)",0,110
24,"('xbQCwTHcGN8_00080',)",0,172
24,"('xbQCwTHcGN8_00081',)",0,194
42,"('xbQCwTHcGN8_00082',)",0,101
42,"('xbQCwTHcGN8_00083',)",0,183
42,"('xbQCwTHcGN8_00084',)",0,118
22,"('xbQCwTHcGN8_00085',)",0,87
22,"('xbQCwTHcGN8_00086',)",0,195
22,"('xbQCwTHcGN8_00087',)",0,126
26,"('xbQCwTHcGN8_00088',)",0,56
26,"('xbQCwTHcGN8_00089',)",0,128
26,"('xbQCwTHcGN8_00090',)",0,86
28,"('xbQCwTHcGN8_00091',)",0,91
28,"('xbQCwTHcGN8_00092',)",0,169
28,"('xbQCwTHcGN8_00093',)",0,189
35,"('xbQCwTHcGN8_00094',)",0,67
35,"('xbQCwTHcGN8_00095',)",0,161
35,"('xbQCwTHcGN8_00096',)",0,89
26,"('xbQCwTHcGN8_00097',)",0,76
26,"('xbQCwTHcGN8_00098',)",0,143
26,"('xbQCwTHcGN8_00099',)",0,151
42,"('xbQCwTHcGN8_00100',)",0,92
42,"('xbQCwTHcGN8_00101',)",0,160
42,"('xbQCwTHcGN8_00102',)",0,128
22,"('xbQCwTHcGN8_00103',)",0,94
22,"('xbQCwTHcGN8_00104',)",0,166
22,"('xbQCwTHcGN8_00105',)",0,191
12,"('xbQCwTHcGN8_00106',)",0,53
12,"('xbQCwTHcGN8_00107',)",0,148
12,"('xbQCwTHcGN8_00108',)",0,84
42,"('xbQCwTHcGN8_00109',)",0,106
42,"('xbQCwTHcGN8_00110',)",0,164
42,"('xbQCwTHcGN8_00111',)",0,102
7,"('xbQCwTHcGN8_00112',)",0,55
7,"('xbQCwTHcGN8_00113',)",0,142
7,"('xbQCwTHcGN8_00114',)",0,91
45,"('xbQCwTHcGN8_00115',)",0,146
45,"('xbQCwTHcGN8_00116',)",0,196
45,"('xbQCwTHcGN8_00117',)",0,135
28,"('xbQCwTHcGN8_00118',)",0,159
28,"('xbQCwTHcGN8_00119',)",0,195
28,"('xbQCwTHcGN8_00120',)",0,168
22,"('xbQCwTHcGN8_00121',)",0,97
22,"('xbQCwTHcGN8_00122',)",0,148
22,"('xbQCwTHcGN8_00123',)",0,242
28,"('xbQCwTHcGN8_00124',)",0,40
28,"('xbQCwTHcGN8_00125',)",0,137
28,"('xbQCwTHcGN8_00126',)",0,81
7,"('xbQCwTHcGN8_00127',)",0,161
7,"('xbQCwTHcGN8_00128',)",0,167
7,"('xbQCwTHcGN8_00129',)",0,112
45,"('xbQCwTHcGN8_00130',)",0,164
45,"('xbQCwTHcGN8_00131',)",0,162
45,"('xbQCwTHcGN8_00132',)",0,183
43,"('xbQCwTHcGN8_00133',)",0,68
43,"('xbQCwTHcGN8_00134',)",0,140
43,"('xbQCwTHcGN8_00135',)",0,99
43,"('xbQCwTHcGN8_00136',)",0,82
43,"('xbQCwTHcGN8_00137',)",0,177
43,"('xbQCwTHcGN8_00138',)",0,130
26,"('xbQCwTHcGN8_00139',)",0,50
26,"('xbQCwTHcGN8_00140',)",0,127
26,"('xbQCwTHcGN8_00141',)",0,192
22,"('xbQCwTHcGN8_00142',)",0,154
22,"('xbQCwTHcGN8_00143',)",0,167
22,"('xbQCwTHcGN8_00144',)",0,114
42,"('xbQCwTHcGN8_00145',)",0,98
42,"('xbQCwTHcGN8_00146',)",0,145
42,"('xbQCwTHcGN8_00147',)",0,90
28,"('xbQCwTHcGN8_00148',)",0,103
28,"('xbQCwTHcGN8_00149',)",0,176
28,"('xbQCwTHcGN8_00150',)",0,115
22,"('xbQCwTHcGN8_00151',)",0,107
22,"('xbQCwTHcGN8_00152',)",0,167
22,"('xbQCwTHcGN8_00153',)",0,110
22,"('xbQCwTHcGN8_00154',)",0,132
7,"('xbQCwTHcGN8_00155',)",0,81
7,"('xbQCwTHcGN8_00156',)",0,160
7,"('xbQCwTHcGN8_00157',)",0,86
45,"('xbQCwTHcGN8_00158',)",0,88
45,"('xbQCwTHcGN8_00159',)",0,174
45,"('xbQCwTHcGN8_00160',)",0,195
45,"('xbQCwTHcGN8_00161',)",0,60
45,"('xbQCwTHcGN8_00162',)",0,150
45,"('xbQCwTHcGN8_00163',)",0,90
22,"('xbQCwTHcGN8_00164',)",0,130
22,"('xbQCwTHcGN8_00165',)",0,180
22,"('xbQCwTHcGN8_00166',)",0,227
45,"('xbQCwTHcGN8_00167',)",0,85
45,"('xbQCwTHcGN8_00168',)",0,184
45,"('xbQCwTHcGN8_00169',)",0,103
24,"('xbQCwTHcGN8_00170',)",0,65
24,"('xbQCwTHcGN8_00171',)",0,153
24,"('xbQCwTHcGN8_00172',)",0,90
35,"('xbQCwTHcGN8_00173',)",0,42
35,"('xbQCwTHcGN8_00174',)",0,135
35,"('xbQCwTHcGN8_00175',)",0,156
45,"('xbQCwTHcGN8_00176',)",0,107
45,"('xbQCwTHcGN8_00177',)",0,163
45,"('xbQCwTHcGN8_00178',)",0,141
45,"('xbQCwTHcGN8_00179',)",0,98
45,"('xbQCwTHcGN8_00180',)",0,184
45,"('xbQCwTHcGN8_00181',)",0,115
45,"('xbQCwTHcGN8_00182',)",0,112
45,"('xbQCwTHcGN8_00183',)",0,87
45,"('xbQCwTHcGN8_00184',)",0,132
35,"('xbQCwTHcGN8_00185',)",0,63
35,"('xbQCwTHcGN8_00186',)",0,176
35,"('xbQCwTHcGN8_00187',)",0,123
42,"('xbQCwTHcGN8_00188',)",0,110
42,"('xbQCwTHcGN8_00189',)",0,171
42,"('xbQCwTHcGN8_00190',)",0,123
42,"('xbQCwTHcGN8_00191',)",0,99
35,"('xbQCwTHcGN8_00192',)",0,75
35,"('xbQCwTHcGN8_00193',)",0,92
35,"('xbQCwTHcGN8_00194',)",0,106
45,"('xbQCwTHcGN8_00195',)",0,68
45,"('xbQCwTHcGN8_00196',)",0,183
45,"('xbQCwTHcGN8_00197',)",0,150
40,"('xbQCwTHcGN8_00198',)",0,135
40,"('xbQCwTHcGN8_00199',)",0,163
40,"('xbQCwTHcGN8_00200',)",0,171
40,"('xbQCwTHcGN8_00201',)",0,101
45,"('xbQCwTHcGN8_00202',)",0,79
45,"('xbQCwTHcGN8_00203',)",0,151
45,"('xbQCwTHcGN8_00204',)",0,101
45,"('xbQCwTHcGN8_00205',)",0,96
45,"('xbQCwTHcGN8_00206',)",0,166
45,"('xbQCwTHcGN8_00207',)",0,220
35,"('xbQCwTHcGN8_00208',)",0,50
35,"('xbQCwTHcGN8_00209',)",0,150
35,"('xbQCwTHcGN8_00210',)",0,91
35,"('xbQCwTHcGN8_00211',)",0,44
35,"('xbQCwTHcGN8_00212',)",0,113
35,"('xbQCwTHcGN8_00213',)",0,74
35,"('xbQCwTHcGN8_00214',)",0,76
35,"('xbQCwTHcGN8_00215',)",0,168
35,"('xbQCwTHcGN8_00216',)",0,98
22,"('xbQCwTHcGN8_00217',)",0,81
22,"('xbQCwTHcGN8_00218',)",0,142
22,"('xbQCwTHcGN8_00219',)",0,109
35,"('xbQCwTHcGN8_00220',)",0,43
35,"('xbQCwTHcGN8_00221',)",0,135
35,"('xbQCwTHcGN8_00222',)",0,163
22,"('xbQCwTHcGN8_00223',)",0,94
22,"('xbQCwTHcGN8_00224',)",0,167
22,"('xbQCwTHcGN8_00225',)",0,135
5,"('xbQCwTHcGN8_00226',)",0,51
5,"('xbQCwTHcGN8_00227',)",0,146
5,"('xbQCwTHcGN8_00228',)",0,129
45,"('xbQCwTHcGN8_00229',)",0,132
45,"('xbQCwTHcGN8_00230',)",0,175
45,"('xbQCwTHcGN8_00231',)",0,184
7,"('xbQCwTHcGN8_00232',)",0,73
7,"('xbQCwTHcGN8_00233',)",0,158
7,"('xbQCwTHcGN8_00234',)",0,98
7,"('xbQCwTHcGN8_00235',)",0,67
7,"('xbQCwTHcGN8_00236',)",0,157
7,"('xbQCwTHcGN8_00237',)",0,174
22,"('xbQCwTHcGN8_00238',)",0,69
22,"('xbQCwTHcGN8_00239',)",0,121
22,"('xbQCwTHcGN8_00240',)",0,137
28,"('xbQCwTHcGN8_00241',)",0,60
28,"('xbQCwTHcGN8_00242',)",0,141
28,"('xbQCwTHcGN8_00243',)",0,75
35,"('xbQCwTHcGN8_00244',)",0,49
35,"('xbQCwTHcGN8_00245',)",0,137
35,"('xbQCwTHcGN8_00246',)",0,93
26,"('xbQCwTHcGN8_00247',)",0,47
26,"('xbQCwTHcGN8_00248',)",0,124
26,"('xbQCwTHcGN8_00249',)",0,85
35,"('xbQCwTHcGN8_00250',)",0,91
35,"('xbQCwTHcGN8_00251',)",0,158
35,"('xbQCwTHcGN8_00252',)",0,119
35,"('xbQCwTHcGN8_00253',)",0,207
35,"('xbQCwTHcGN8_00254',)",0,148
35,"('xbQCwTHcGN8_00255',)",0,84
7,"('xbQCwTHcGN8_00256',)",0,84
7,"('xbQCwTHcGN8_00257',)",0,183
7,"('xbQCwTHcGN8_00258',)",0,117
7,"('xbQCwTHcGN8_00259',)",0,52
7,"('xbQCwTHcGN8_00260',)",0,123
7,"('xbQCwTHcGN8_00261',)",0,108
45,"('xbQCwTHcGN8_00262',)",0,91
45,"('xbQCwTHcGN8_00263',)",0,185
45,"('xbQCwTHcGN8_00264',)",0,101
45,"('xbQCwTHcGN8_00265',)",0,55
45,"('xbQCwTHcGN8_00266',)",0,151
45,"('xbQCwTHcGN8_00267',)",0,89
28,"('xbQCwTHcGN8_00268',)",0,76
28,"('xbQCwTHcGN8_00269',)",0,126
28,"('xbQCwTHcGN8_00270',)",0,84
23,"('xbQCwTHcGN8_00271',)",0,112
23,"('xbQCwTHcGN8_00272',)",0,170
23,"('xbQCwTHcGN8_00273',)",0,370
28,"('xbQCwTHcGN8_00274',)",0,126
28,"('xbQCwTHcGN8_00275',)",0,168
28,"('xbQCwTHcGN8_00276',)",0,95
42,"('xbQCwTHcGN8_00277',)",0,38
42,"('xbQCwTHcGN8_00278',)",0,130
42,"('xbQCwTHcGN8_00279',)",0,74
28,"('xbQCwTHcGN8_00280',)",0,96
28,"('xbQCwTHcGN8_00281',)",0,57
28,"('xbQCwTHcGN8_00282',)",0,138
28,"('xbQCwTHcGN8_00283',)",0,99
22,"('xbQCwTHcGN8_00284',)",0,166
22,"('xbQCwTHcGN8_00285',)",0,172
22,"('xbQCwTHcGN8_00286',)",0,226
33,"('xbQCwTHcGN8_00287',)",0,78
33,"('xbQCwTHcGN8_00288',)",0,29
33,"('xbQCwTHcGN8_00289',)",0,131
33,"('xbQCwTHcGN8_00290',)",0,92
22,"('xbQCwTHcGN8_00291',)",0,79
22,"('xbQCwTHcGN8_00292',)",0,161
22,"('xbQCwTHcGN8_00293',)",0,172
23,"('xbQCwTHcGN8_00294',)",0,91
23,"('xbQCwTHcGN8_00295',)",0,125
23,"('xbQCwTHcGN8_00296',)",0,142
42,"('xbQCwTHcGN8_00297',)",0,116
42,"('xbQCwTHcGN8_00298',)",0,190
42,"('xbQCwTHcGN8_00299',)",0,101
7,"('xbQCwTHcGN8_00300',)",0,70
7,"('xbQCwTHcGN8_00301',)",0,224
7,"('xbQCwTHcGN8_00302',)",0,190
22,"('xbQCwTHcGN8_00303',)",0,118
22,"('xbQCwTHcGN8_00304',)",0,165
22,"('xbQCwTHcGN8_00305',)",0,229
40,"('xbQCwTHcGN8_00306',)",0,70
40,"('xbQCwTHcGN8_00307',)",0,157
40,"('xbQCwTHcGN8_00308',)",0,202
45,"('xbQCwTHcGN8_00309',)",0,53
45,"('xbQCwTHcGN8_00310',)",0,199
45,"('xbQCwTHcGN8_00311',)",0,194
22,"('xbQCwTHcGN8_00312',)",0,111
22,"('xbQCwTHcGN8_00313',)",0,194
22,"('xbQCwTHcGN8_00314',)",0,141
42,"('xbQCwTHcGN8_00315',)",0,231
42,"('xbQCwTHcGN8_00316',)",0,203
42,"('xbQCwTHcGN8_00317',)",0,135
22,"('xbQCwTHcGN8_00318',)",0,100
22,"('xbQCwTHcGN8_00319',)",0,135
22,"('xbQCwTHcGN8_00320',)",0,214
23,"('xbQCwTHcGN8_00321',)",0,113
23,"('xbQCwTHcGN8_00322',)",0,173
23,"('xbQCwTHcGN8_00323',)",0,123
31,"('j4gvbjifw14_00000',)",0,97
31,"('j4gvbjifw14_00001',)",0,156
31,"('j4gvbjifw14_00002',)",0,105
31,"('j4gvbjifw14_00003',)",0,112
31,"('j4gvbjifw14_00004',)",0,80
17,"('j4gvbjifw14_00005',)",0,137
17,"('j4gvbjifw14_00006',)",0,157
24,"('j4gvbjifw14_00007',)",0,111
24,"('j4gvbjifw14_00008',)",0,137
24,"('j4gvbjifw14_00009',)",0,96
31,"('j4gvbjifw14_00010',)",0,88
31,"('j4gvbjifw14_00011',)",0,145
31,"('j4gvbjifw14_00012',)",0,52
31,"('j4gvbjifw14_00013',)",0,149
31,"('j4gvbjifw14_00014',)",0,132
31,"('j4gvbjifw14_00015',)",0,68
31,"('j4gvbjifw14_00016',)",0,55
31,"('j4gvbjifw14_00017',)",0,94
31,"('j4gvbjifw14_00018',)",0,78
31,"('j4gvbjifw14_00019',)",0,84
31,"('j4gvbjifw14_00020',)",0,120
31,"('j4gvbjifw14_00021',)",0,79
24,"('j4gvbjifw14_00022',)",0,47
24,"('j4gvbjifw14_00023',)",0,119
24,"('j4gvbjifw14_00024',)",0,51
24,"('j4gvbjifw14_00025',)",0,72
24,"('j4gvbjifw14_00026',)",0,82
24,"('j4gvbjifw14_00027',)",0,130
24,"('j4gvbjifw14_00028',)",0,68
24,"('j4gvbjifw14_00029',)",0,103
24,"('j4gvbjifw14_00030',)",0,147
24,"('j4gvbjifw14_00031',)",0,84
24,"('j4gvbjifw14_00032',)",0,44
18,"('j4gvbjifw14_00033',)",0,167
18,"('j4gvbjifw14_00034',)",0,228
18,"('j4gvbjifw14_00035',)",0,88
3,"('j4gvbjifw14_00036',)",0,45
3,"('j4gvbjifw14_00037',)",0,64
3,"('j4gvbjifw14_00038',)",0,131
3,"('j4gvbjifw14_00039',)",0,106
3,"('j4gvbjifw14_00040',)",0,82
3,"('j4gvbjifw14_00041',)",0,144
3,"('j4gvbjifw14_00042',)",0,94
3,"('j4gvbjifw14_00043',)",0,58
3,"('j4gvbjifw14_00044',)",0,178
3,"('j4gvbjifw14_00045',)",0,85
3,"('j4gvbjifw14_00046',)",0,61
3,"('j4gvbjifw14_00047',)",0,155
3,"('j4gvbjifw14_00048',)",0,67
3,"('j4gvbjifw14_00049',)",0,149
3,"('j4gvbjifw14_00050',)",0,154
3,"('j4gvbjifw14_00051',)",0,93
18,"('j4gvbjifw14_00052',)",0,46
18,"('j4gvbjifw14_00053',)",0,132
18,"('j4gvbjifw14_00054',)",0,94
41,"('j4gvbjifw14_00055',)",0,90
41,"('j4gvbjifw14_00056',)",0,149
41,"('j4gvbjifw14_00057',)",0,103
3,"('j4gvbjifw14_00058',)",0,70
3,"('j4gvbjifw14_00059',)",0,138
3,"('j4gvbjifw14_00060',)",0,49
41,"('j4gvbjifw14_00061',)",0,165
41,"('j4gvbjifw14_00062',)",0,169
41,"('j4gvbjifw14_00063',)",0,132
41,"('j4gvbjifw14_00064',)",0,100
41,"('j4gvbjifw14_00065',)",0,150
41,"('j4gvbjifw14_00066',)",0,82
41,"('j4gvbjifw14_00067',)",0,165
41,"('j4gvbjifw14_00068',)",0,130
41,"('j4gvbjifw14_00069',)",0,78
41,"('j4gvbjifw14_00070',)",0,66
41,"('j4gvbjifw14_00071',)",0,125
41,"('j4gvbjifw14_00072',)",0,106
41,"('j4gvbjifw14_00073',)",0,139
41,"('j4gvbjifw14_00074',)",0,168
41,"('j4gvbjifw14_00075',)",0,107
3,"('j4gvbjifw14_00076',)",0,76
3,"('j4gvbjifw14_00077',)",0,53
3,"('j4gvbjifw14_00078',)",0,113
3,"('j4gvbjifw14_00079',)",0,132
3,"('j4gvbjifw14_00080',)",0,72
3,"('j4gvbjifw14_00081',)",0,95
3,"('j4gvbjifw14_00082',)",0,150
3,"('j4gvbjifw14_00083',)",0,71
31,"('j4gvbjifw14_00084',)",0,50
31,"('j4gvbjifw14_00085',)",0,45
31,"('j4gvbjifw14_00086',)",0,117
31,"('j4gvbjifw14_00087',)",0,77
24,"('j4gvbjifw14_00088',)",0,92
24,"('j4gvbjifw14_00089',)",0,155
24,"('j4gvbjifw14_00090',)",0,83
24,"('j4gvbjifw14_00091',)",0,110
24,"('j4gvbjifw14_00092',)",0,140
24,"('j4gvbjifw14_00093',)",0,87
24,"('j4gvbjifw14_00094',)",0,124
24,"('j4gvbjifw14_00095',)",0,168
24,"('j4gvbjifw14_00096',)",0,104
24,"('j4gvbjifw14_00097',)",0,29
24,"('j4gvbjifw14_00098',)",0,157
24,"('j4gvbjifw14_00099',)",0,99
17,"('j4gvbjifw14_00100',)",0,103
17,"('j4gvbjifw14_00101',)",0,120
17,"('j4gvbjifw14_00102',)",0,73
41,"('j4gvbjifw14_00103',)",0,52
41,"('j4gvbjifw14_00104',)",0,136
41,"('j4gvbjifw14_00105',)",0,97
31,"('j4gvbjifw14_00106',)",0,37
31,"('j4gvbjifw14_00107',)",0,87
31,"('j4gvbjifw14_00108',)",0,155
31,"('j4gvbjifw14_00109',)",0,97
41,"('j4gvbjifw14_00110',)",0,90
41,"('j4gvbjifw14_00111',)",0,152
41,"('j4gvbjifw14_00112',)",0,63
18,"('j4gvbjifw14_00113',)",0,115
18,"('j4gvbjifw14_00114',)",0,166
18,"('j4gvbjifw14_00115',)",0,94
18,"('j4gvbjifw14_00116',)",0,278
18,"('j4gvbjifw14_00117',)",0,157
18,"('j4gvbjifw14_00118',)",0,74
38,"('j4gvbjifw14_00119',)",0,109
38,"('j4gvbjifw14_00120',)",0,169
38,"('j4gvbjifw14_00121',)",0,134
24,"('j4gvbjifw14_00122',)",0,99
24,"('j4gvbjifw14_00123',)",0,162
24,"('j4gvbjifw14_00124',)",0,101
18,"('j4gvbjifw14_00125',)",0,111
18,"('j4gvbjifw14_00126',)",0,123
18,"('j4gvbjifw14_00127',)",0,81
3,"('j4gvbjifw14_00128',)",0,84
3,"('j4gvbjifw14_00129',)",0,113
3,"('j4gvbjifw14_00130',)",0,98
3,"('j4gvbjifw14_00131',)",0,79
3,"('j4gvbjifw14_00132',)",0,133
3,"('j4gvbjifw14_00133',)",0,54
3,"('j4gvbjifw14_00134',)",0,41
3,"('j4gvbjifw14_00135',)",0,163
3,"('j4gvbjifw14_00136',)",0,86
3,"('j4gvbjifw14_00137',)",0,56
3,"('j4gvbjifw14_00138',)",0,42
3,"('j4gvbjifw14_00139',)",0,147
3,"('j4gvbjifw14_00140',)",0,59
3,"('j4gvbjifw14_00141',)",0,48
3,"('j4gvbjifw14_00142',)",0,134
3,"('j4gvbjifw14_00143',)",0,96
18,"('j4gvbjifw14_00144',)",0,100
18,"('j4gvbjifw14_00145',)",0,170
18,"('j4gvbjifw14_00146',)",0,105
41,"('j4gvbjifw14_00147',)",0,163
41,"('j4gvbjifw14_00148',)",0,172
41,"('j4gvbjifw14_00149',)",0,124
3,"('j4gvbjifw14_00150',)",0,191
3,"('j4gvbjifw14_00151',)",0,143
3,"('j4gvbjifw14_00152',)",0,70
41,"('j4gvbjifw14_00153',)",0,111
41,"('j4gvbjifw14_00154',)",0,167
41,"('j4gvbjifw14_00155',)",0,129
41,"('j4gvbjifw14_00156',)",0,115
41,"('j4gvbjifw14_00157',)",0,162
41,"('j4gvbjifw14_00158',)",0,84
41,"('j4gvbjifw14_00159',)",0,59
41,"('j4gvbjifw14_00160',)",0,176
41,"('j4gvbjifw14_00161',)",0,76
41,"('j4gvbjifw14_00162',)",0,52
41,"('j4gvbjifw14_00163',)",0,135
41,"('j4gvbjifw14_00164',)",0,77
41,"('j4gvbjifw14_00165',)",0,94
31,"('j4gvbjifw14_00166',)",0,92
31,"('j4gvbjifw14_00167',)",0,145
31,"('j4gvbjifw14_00168',)",0,53
31,"('j4gvbjifw14_00169',)",0,96
31,"('j4gvbjifw14_00170',)",0,156
31,"('j4gvbjifw14_00171',)",0,108
31,"('j4gvbjifw14_00172',)",0,62
31,"('j4gvbjifw14_00173',)",0,112
31,"('j4gvbjifw14_00174',)",0,85
31,"('j4gvbjifw14_00175',)",0,141
31,"('j4gvbjifw14_00176',)",0,125
31,"('j4gvbjifw14_00177',)",0,74
24,"('j4gvbjifw14_00178',)",0,69
24,"('j4gvbjifw14_00179',)",0,126
24,"('j4gvbjifw14_00180',)",0,65
24,"('j4gvbjifw14_00181',)",0,112
31,"('j4gvbjifw14_00182',)",0,66
31,"('j4gvbjifw14_00183',)",0,151
31,"('j4gvbjifw14_00184',)",0,60
31,"('j4gvbjifw14_00185',)",0,93
31,"('j4gvbjifw14_00186',)",0,61
17,"('j4gvbjifw14_00187',)",0,67
17,"('j4gvbjifw14_00188',)",0,143
26,"('c7FHotPDZIw_00000',)",0,111
26,"('c7FHotPDZIw_00001',)",0,94
9,"('c7FHotPDZIw_00002',)",0,63
9,"('c7FHotPDZIw_00003',)",0,99
9,"('c7FHotPDZIw_00004',)",0,119
33,"('c7FHotPDZIw_00005',)",0,49
33,"('c7FHotPDZIw_00006',)",0,74
26,"('c7FHotPDZIw_00007',)",0,85
26,"('c7FHotPDZIw_00008',)",0,118
26,"('c7FHotPDZIw_00009',)",0,108
20,"('c7FHotPDZIw_00010',)",0,178
20,"('c7FHotPDZIw_00011',)",0,90
33,"('c7FHotPDZIw_00012',)",0,96
33,"('c7FHotPDZIw_00013',)",0,117
33,"('c7FHotPDZIw_00014',)",0,85
33,"('c7FHotPDZIw_00015',)",0,132
33,"('c7FHotPDZIw_00016',)",0,47
33,"('c7FHotPDZIw_00017',)",0,118
44,"('c7FHotPDZIw_00018',)",0,73
44,"('c7FHotPDZIw_00019',)",0,117
27,"('c7FHotPDZIw_00020',)",0,54
27,"('c7FHotPDZIw_00021',)",0,79
27,"('c7FHotPDZIw_00022',)",0,77
8,"('c7FHotPDZIw_00023',)",0,135
8,"('c7FHotPDZIw_00024',)",0,78
8,"('c7FHotPDZIw_00025',)",0,107
8,"('c7FHotPDZIw_00026',)",0,60
26,"('c7FHotPDZIw_00027',)",0,95
26,"('c7FHotPDZIw_00028',)",0,61
26,"('c7FHotPDZIw_00029',)",0,102
35,"('c7FHotPDZIw_00030',)",0,86
35,"('c7FHotPDZIw_00031',)",0,113
35,"('c7FHotPDZIw_00032',)",0,35
26,"('c7FHotPDZIw_00033',)",0,101
26,"('c7FHotPDZIw_00034',)",0,66
27,"('c7FHotPDZIw_00035',)",0,94
27,"('c7FHotPDZIw_00036',)",0,57
44,"('c7FHotPDZIw_00037',)",0,96
44,"('c7FHotPDZIw_00038',)",0,63
35,"('c7FHotPDZIw_00039',)",0,92
35,"('c7FHotPDZIw_00040',)",0,57
7,"('c7FHotPDZIw_00041',)",0,85
7,"('c7FHotPDZIw_00042',)",0,87
10,"('c7FHotPDZIw_00043',)",0,112
10,"('c7FHotPDZIw_00044',)",0,86
26,"('c7FHotPDZIw_00045',)",0,110
26,"('c7FHotPDZIw_00046',)",0,59
5,"('c7FHotPDZIw_00047',)",0,96
5,"('c7FHotPDZIw_00048',)",0,77
44,"('c7FHotPDZIw_00049',)",0,115
44,"('c7FHotPDZIw_00050',)",0,119
7,"('c7FHotPDZIw_00051',)",0,143
7,"('c7FHotPDZIw_00052',)",0,124
33,"('c7FHotPDZIw_00053',)",0,135
33,"('c7FHotPDZIw_00054',)",0,146
44,"('c7FHotPDZIw_00055',)",0,112
44,"('c7FHotPDZIw_00056',)",0,107
35,"('c7FHotPDZIw_00057',)",0,135
34,"('c7FHotPDZIw_00058',)",0,83
34,"('c7FHotPDZIw_00059',)",0,123
34,"('c7FHotPDZIw_00060',)",0,135
34,"('c7FHotPDZIw_00061',)",0,81
44,"('c7FHotPDZIw_00062',)",0,105
44,"('c7FHotPDZIw_00063',)",0,26
44,"('c7FHotPDZIw_00064',)",0,45
44,"('c7FHotPDZIw_00065',)",0,64
5,"('c7FHotPDZIw_00066',)",0,98
5,"('c7FHotPDZIw_00067',)",0,72
12,"('c7FHotPDZIw_00068',)",0,105
12,"('c7FHotPDZIw_00069',)",0,65
5,"('c7FHotPDZIw_00070',)",0,94
5,"('c7FHotPDZIw_00071',)",0,96
9,"('c7FHotPDZIw_00072',)",0,97
9,"('c7FHotPDZIw_00073',)",0,129
44,"('c7FHotPDZIw_00074',)",0,116
44,"('c7FHotPDZIw_00075',)",0,77
33,"('c7FHotPDZIw_00076',)",0,117
33,"('c7FHotPDZIw_00077',)",0,62
37,"('c7FHotPDZIw_00078',)",0,91
37,"('c7FHotPDZIw_00079',)",0,83
7,"('c7FHotPDZIw_00080',)",0,111
7,"('c7FHotPDZIw_00081',)",0,77
44,"('c7FHotPDZIw_00082',)",0,108
44,"('c7FHotPDZIw_00083',)",0,129
22,"('c7FHotPDZIw_00084',)",0,165
22,"('c7FHotPDZIw_00085',)",0,83
8,"('c7FHotPDZIw_00086',)",0,97
8,"('c7FHotPDZIw_00087',)",0,107
7,"('c7FHotPDZIw_00088',)",0,133
7,"('c7FHotPDZIw_00089',)",0,72
21,"('c7FHotPDZIw_00090',)",0,100
21,"('c7FHotPDZIw_00091',)",0,167
21,"('c7FHotPDZIw_00092',)",0,87
21,"('c7FHotPDZIw_00093',)",0,97
2,"('c7FHotPDZIw_00094',)",0,123
2,"('c7FHotPDZIw_00095',)",0,144
5,"('c7FHotPDZIw_00096',)",0,167
5,"('c7FHotPDZIw_00097',)",0,171
20,"('c7FHotPDZIw_00098',)",0,149
20,"('c7FHotPDZIw_00099',)",0,61
5,"('c7FHotPDZIw_00100',)",0,77
5,"('c7FHotPDZIw_00101',)",0,139
5,"('c7FHotPDZIw_00102',)",0,126
5,"('c7FHotPDZIw_00103',)",0,99
8,"('c7FHotPDZIw_00104',)",0,70
8,"('c7FHotPDZIw_00105',)",0,169
44,"('c7FHotPDZIw_00106',)",0,55
44,"('c7FHotPDZIw_00107',)",0,98
44,"('c7FHotPDZIw_00108',)",0,89
44,"('c7FHotPDZIw_00109',)",0,148
8,"('aektxm8cLdo_00000',)",0,91
8,"('aektxm8cLdo_00001',)",0,77
8,"('aektxm8cLdo_00002',)",0,91
21,"('aektxm8cLdo_00003',)",0,87
21,"('aektxm8cLdo_00004',)",0,106
21,"('aektxm8cLdo_00005',)",0,156
34,"('aektxm8cLdo_00006',)",0,68
34,"('aektxm8cLdo_00007',)",0,118
34,"('aektxm8cLdo_00008',)",0,151
33,"('aektxm8cLdo_00009',)",0,68
33,"('aektxm8cLdo_00010',)",0,77
33,"('aektxm8cLdo_00011',)",0,91
33,"('aektxm8cLdo_00012',)",0,125
33,"('aektxm8cLdo_00013',)",0,214
33,"('aektxm8cLdo_00014',)",0,139
33,"('aektxm8cLdo_00015',)",0,100
33,"('aektxm8cLdo_00016',)",0,98
44,"('aektxm8cLdo_00017',)",0,100
44,"('aektxm8cLdo_00018',)",0,156
44,"('aektxm8cLdo_00019',)",0,165
7,"('aektxm8cLdo_00020',)",0,82
7,"('aektxm8cLdo_00021',)",0,131
7,"('aektxm8cLdo_00022',)",0,96
21,"('aektxm8cLdo_00023',)",0,80
21,"('aektxm8cLdo_00024',)",0,78
21,"('aektxm8cLdo_00025',)",0,95
26,"('aektxm8cLdo_00026',)",0,69
26,"('aektxm8cLdo_00027',)",0,95
26,"('aektxm8cLdo_00028',)",0,102
21,"('aektxm8cLdo_00029',)",0,173
21,"('aektxm8cLdo_00030',)",0,176
21,"('aektxm8cLdo_00031',)",0,163
21,"('aektxm8cLdo_00032',)",0,85
21,"('aektxm8cLdo_00033',)",0,127
21,"('aektxm8cLdo_00034',)",0,79
7,"('aektxm8cLdo_00035',)",0,136
7,"('aektxm8cLdo_00036',)",0,141
7,"('aektxm8cLdo_00037',)",0,125
43,"('aektxm8cLdo_00038',)",0,110
43,"('aektxm8cLdo_00039',)",0,144
43,"('aektxm8cLdo_00040',)",0,115
27,"('aektxm8cLdo_00041',)",0,131
27,"('aektxm8cLdo_00042',)",0,179
27,"('aektxm8cLdo_00043',)",0,221
7,"('aektxm8cLdo_00044',)",0,46
7,"('aektxm8cLdo_00045',)",0,80
7,"('aektxm8cLdo_00046',)",0,72
43,"('aektxm8cLdo_00047',)",0,158
43,"('aektxm8cLdo_00048',)",0,232
43,"('aektxm8cLdo_00049',)",0,78
43,"('aektxm8cLdo_00050',)",0,181
21,"('OVzt2rsfMc0_00000',)",0,206
21,"('OVzt2rsfMc0_00001',)",0,171
21,"('OVzt2rsfMc0_00002',)",0,87
21,"('OVzt2rsfMc0_00003',)",0,49
21,"('OVzt2rsfMc0_00004',)",0,111
21,"('OVzt2rsfMc0_00005',)",0,96
33,"('OVzt2rsfMc0_00006',)",0,59
33,"('OVzt2rsfMc0_00007',)",0,163
33,"('OVzt2rsfMc0_00008',)",0,61
34,"('OVzt2rsfMc0_00009',)",0,87
34,"('OVzt2rsfMc0_00010',)",0,175
34,"('OVzt2rsfMc0_00011',)",0,86
33,"('OVzt2rsfMc0_00012',)",0,119
33,"('OVzt2rsfMc0_00013',)",0,65
33,"('OVzt2rsfMc0_00014',)",0,93
34,"('OVzt2rsfMc0_00015',)",0,65
34,"('OVzt2rsfMc0_00016',)",0,129
34,"('OVzt2rsfMc0_00017',)",0,117
34,"('OVzt2rsfMc0_00018',)",0,111
34,"('OVzt2rsfMc0_00019',)",0,148
34,"('OVzt2rsfMc0_00020',)",0,70
34,"('OVzt2rsfMc0_00021',)",0,124
7,"('OVzt2rsfMc0_00022',)",0,71
7,"('OVzt2rsfMc0_00023',)",0,225
7,"('OVzt2rsfMc0_00024',)",0,61
7,"('OVzt2rsfMc0_00025',)",0,139
7,"('OVzt2rsfMc0_00026',)",0,215
7,"('OVzt2rsfMc0_00027',)",0,93
7,"('OVzt2rsfMc0_00028',)",0,131
7,"('OVzt2rsfMc0_00029',)",0,64
33,"('OVzt2rsfMc0_00030',)",0,36
33,"('OVzt2rsfMc0_00031',)",0,100
33,"('OVzt2rsfMc0_00032',)",0,72
33,"('OVzt2rsfMc0_00033',)",0,42
33,"('OVzt2rsfMc0_00034',)",0,108
33,"('OVzt2rsfMc0_00035',)",0,58
7,"('OVzt2rsfMc0_00036',)",0,61
7,"('OVzt2rsfMc0_00037',)",0,123
34,"('OVzt2rsfMc0_00038',)",0,110
34,"('OVzt2rsfMc0_00039',)",0,182
34,"('OVzt2rsfMc0_00040',)",0,100
33,"('OVzt2rsfMc0_00041',)",0,54
33,"('OVzt2rsfMc0_00042',)",0,85
33,"('OVzt2rsfMc0_00043',)",0,127
33,"('OVzt2rsfMc0_00044',)",0,260
33,"('OVzt2rsfMc0_00045',)",0,138
33,"('OVzt2rsfMc0_00046',)",0,80
21,"('OVzt2rsfMc0_00047',)",0,69
21,"('OVzt2rsfMc0_00048',)",0,207
33,"('OVzt2rsfMc0_00049',)",0,96
33,"('OVzt2rsfMc0_00050',)",0,199
33,"('OVzt2rsfMc0_00051',)",0,98
33,"('OVzt2rsfMc0_00052',)",0,106
33,"('OVzt2rsfMc0_00053',)",0,192
33,"('OVzt2rsfMc0_00054',)",0,95
21,"('OVzt2rsfMc0_00055',)",0,78
21,"('OVzt2rsfMc0_00056',)",0,150
21,"('OVzt2rsfMc0_00057',)",0,135
33,"('OVzt2rsfMc0_00058',)",0,48
33,"('OVzt2rsfMc0_00059',)",0,130
33,"('OVzt2rsfMc0_00060',)",0,70
24,"('OVzt2rsfMc0_00061',)",0,104
24,"('OVzt2rsfMc0_00062',)",0,128
24,"('OVzt2rsfMc0_00063',)",0,116
7,"('OVzt2rsfMc0_00064',)",0,57
7,"('OVzt2rsfMc0_00065',)",0,139
7,"('OVzt2rsfMc0_00066',)",0,82
24,"('OVzt2rsfMc0_00067',)",0,121
24,"('OVzt2rsfMc0_00068',)",0,193
24,"('OVzt2rsfMc0_00069',)",0,96
34,"('OVzt2rsfMc0_00070',)",0,123
34,"('OVzt2rsfMc0_00071',)",0,118
34,"('OVzt2rsfMc0_00072',)",0,89
21,"('OVzt2rsfMc0_00073',)",0,92
21,"('OVzt2rsfMc0_00074',)",0,157
21,"('OVzt2rsfMc0_00075',)",0,96
7,"('OVzt2rsfMc0_00076',)",0,41
7,"('OVzt2rsfMc0_00077',)",0,121
7,"('OVzt2rsfMc0_00078',)",0,65
34,"('OVzt2rsfMc0_00079',)",0,85
34,"('OVzt2rsfMc0_00080',)",0,161
34,"('OVzt2rsfMc0_00081',)",0,113
34,"('OVzt2rsfMc0_00082',)",0,58
34,"('OVzt2rsfMc0_00083',)",0,135
34,"('OVzt2rsfMc0_00084',)",0,93
24,"('OVzt2rsfMc0_00085',)",0,69
24,"('OVzt2rsfMc0_00086',)",0,141
7,"('OVzt2rsfMc0_00087',)",0,111
7,"('OVzt2rsfMc0_00088',)",0,162
27,"('OVzt2rsfMc0_00089',)",0,153
27,"('OVzt2rsfMc0_00090',)",0,223
26,"('OVzt2rsfMc0_00091',)",0,121
26,"('OVzt2rsfMc0_00092',)",0,131
26,"('OVzt2rsfMc0_00093',)",0,137
27,"('OVzt2rsfMc0_00094',)",0,86
27,"('OVzt2rsfMc0_00095',)",0,180
27,"('OVzt2rsfMc0_00096',)",0,61
26,"('OVzt2rsfMc0_00097',)",0,81
26,"('OVzt2rsfMc0_00098',)",0,142
26,"('OVzt2rsfMc0_00099',)",0,88
27,"('OVzt2rsfMc0_00100',)",0,60
27,"('OVzt2rsfMc0_00101',)",0,147
27,"('OVzt2rsfMc0_00102',)",0,115
26,"('OVzt2rsfMc0_00103',)",0,98
26,"('OVzt2rsfMc0_00104',)",0,171
26,"('OVzt2rsfMc0_00105',)",0,83
26,"('OVzt2rsfMc0_00106',)",0,82
26,"('OVzt2rsfMc0_00107',)",0,163
26,"('OVzt2rsfMc0_00108',)",0,110
26,"('OVzt2rsfMc0_00109',)",0,160
26,"('OVzt2rsfMc0_00110',)",0,111
43,"('OVzt2rsfMc0_00111',)",0,76
43,"('OVzt2rsfMc0_00112',)",0,145
43,"('OVzt2rsfMc0_00113',)",0,194
7,"('OVzt2rsfMc0_00114',)",0,98
7,"('OVzt2rsfMc0_00115',)",0,143
7,"('OVzt2rsfMc0_00116',)",0,87
26,"('OVzt2rsfMc0_00117',)",0,52
26,"('OVzt2rsfMc0_00118',)",0,117
26,"('OVzt2rsfMc0_00119',)",0,73
21,"('OVzt2rsfMc0_00120',)",0,83
21,"('OVzt2rsfMc0_00121',)",0,120
21,"('OVzt2rsfMc0_00122',)",0,122
27,"('OVzt2rsfMc0_00123',)",0,116
27,"('OVzt2rsfMc0_00124',)",0,161
26,"('OVzt2rsfMc0_00125',)",0,87
26,"('OVzt2rsfMc0_00126',)",0,165
26,"('OVzt2rsfMc0_00127',)",0,146
27,"('OVzt2rsfMc0_00128',)",0,159
27,"('OVzt2rsfMc0_00129',)",0,183
7,"('OVzt2rsfMc0_00130',)",0,80
7,"('OVzt2rsfMc0_00131',)",0,187
26,"('OVzt2rsfMc0_00132',)",0,136
26,"('OVzt2rsfMc0_00133',)",0,159
26,"('OVzt2rsfMc0_00134',)",0,131
26,"('OVzt2rsfMc0_00135',)",0,99
26,"('OVzt2rsfMc0_00136',)",0,157
27,"('OVzt2rsfMc0_00137',)",0,82
27,"('OVzt2rsfMc0_00138',)",0,135
27,"('OVzt2rsfMc0_00139',)",0,144
39,"('OVzt2rsfMc0_00140',)",0,112
39,"('OVzt2rsfMc0_00141',)",0,118
39,"('OVzt2rsfMc0_00142',)",0,91
43,"('OVzt2rsfMc0_00143',)",0,115
43,"('OVzt2rsfMc0_00144',)",0,166
43,"('OVzt2rsfMc0_00145',)",0,97
43,"('OVzt2rsfMc0_00146',)",0,49
43,"('OVzt2rsfMc0_00147',)",0,128
21,"('OVzt2rsfMc0_00148',)",0,122
21,"('OVzt2rsfMc0_00149',)",0,157
21,"('OVzt2rsfMc0_00150',)",0,122
8,"('OVzt2rsfMc0_00151',)",0,112
8,"('OVzt2rsfMc0_00152',)",0,141
8,"('OVzt2rsfMc0_00153',)",0,112
7,"('OVzt2rsfMc0_00154',)",0,85
7,"('OVzt2rsfMc0_00155',)",0,134
7,"('OVzt2rsfMc0_00156',)",0,98
21,"('OVzt2rsfMc0_00157',)",0,115
21,"('OVzt2rsfMc0_00158',)",0,160
21,"('OVzt2rsfMc0_00159',)",0,183
24,"('OVzt2rsfMc0_00160',)",0,70
24,"('OVzt2rsfMc0_00161',)",0,136
24,"('OVzt2rsfMc0_00162',)",0,83
27,"('OVzt2rsfMc0_00163',)",0,149
27,"('OVzt2rsfMc0_00164',)",0,190
27,"('OVzt2rsfMc0_00165',)",0,158
34,"('OVzt2rsfMc0_00166',)",0,54
34,"('OVzt2rsfMc0_00167',)",0,121
34,"('OVzt2rsfMc0_00168',)",0,95
26,"('OVzt2rsfMc0_00169',)",0,63
26,"('OVzt2rsfMc0_00170',)",0,125
26,"('OVzt2rsfMc0_00171',)",0,79
7,"('OVzt2rsfMc0_00172',)",0,64
7,"('OVzt2rsfMc0_00173',)",0,145
43,"('OVzt2rsfMc0_00174',)",0,62
43,"('OVzt2rsfMc0_00175',)",0,123
43,"('OVzt2rsfMc0_00176',)",0,73
7,"('OVzt2rsfMc0_00177',)",0,55
7,"('OVzt2rsfMc0_00178',)",0,124
7,"('OVzt2rsfMc0_00179',)",0,83
7,"('OVzt2rsfMc0_00180',)",0,44
7,"('OVzt2rsfMc0_00181',)",0,113
7,"('OVzt2rsfMc0_00182',)",0,55
7,"('OVzt2rsfMc0_00183',)",0,85
7,"('OVzt2rsfMc0_00184',)",0,144
7,"('OVzt2rsfMc0_00185',)",0,61
7,"('OVzt2rsfMc0_00186',)",0,128
7,"('OVzt2rsfMc0_00187',)",0,102
7,"('OVzt2rsfMc0_00188',)",0,73
43,"('OVzt2rsfMc0_00189',)",0,91
43,"('OVzt2rsfMc0_00190',)",0,144
43,"('OVzt2rsfMc0_00191',)",0,90
43,"('OVzt2rsfMc0_00192',)",0,62
43,"('OVzt2rsfMc0_00193',)",0,138
43,"('OVzt2rsfMc0_00194',)",0,105
33,"('OVzt2rsfMc0_00195',)",0,81
33,"('OVzt2rsfMc0_00196',)",0,129
33,"('OVzt2rsfMc0_00197',)",0,72
43,"('OVzt2rsfMc0_00198',)",0,135
43,"('OVzt2rsfMc0_00199',)",0,161
43,"('OVzt2rsfMc0_00200',)",0,85
43,"('OVzt2rsfMc0_00201',)",0,77
7,"('OVzt2rsfMc0_00202',)",0,112
7,"('OVzt2rsfMc0_00203',)",0,128
7,"('OVzt2rsfMc0_00204',)",0,92
26,"('OVzt2rsfMc0_00205',)",0,104
26,"('OVzt2rsfMc0_00206',)",0,149
26,"('OVzt2rsfMc0_00207',)",0,128
43,"('OVzt2rsfMc0_00208',)",0,88
43,"('OVzt2rsfMc0_00209',)",0,158
43,"('OVzt2rsfMc0_00210',)",0,95
7,"('OVzt2rsfMc0_00211',)",0,114
7,"('OVzt2rsfMc0_00212',)",0,164
7,"('OVzt2rsfMc0_00213',)",0,84
7,"('OVzt2rsfMc0_00214',)",0,47
7,"('OVzt2rsfMc0_00215',)",0,138
7,"('OVzt2rsfMc0_00216',)",0,77
43,"('OVzt2rsfMc0_00217',)",0,40
43,"('OVzt2rsfMc0_00218',)",0,121
43,"('OVzt2rsfMc0_00219',)",0,56
7,"('OVzt2rsfMc0_00220',)",0,53
7,"('OVzt2rsfMc0_00221',)",0,133
7,"('OVzt2rsfMc0_00222',)",0,56
7,"('OVzt2rsfMc0_00223',)",0,109
7,"('OVzt2rsfMc0_00224',)",0,111
7,"('OVzt2rsfMc0_00225',)",0,134
7,"('OVzt2rsfMc0_00226',)",0,81
44,"('OVzt2rsfMc0_00227',)",0,111
44,"('OVzt2rsfMc0_00228',)",0,139
26,"('OVzt2rsfMc0_00229',)",0,100
26,"('OVzt2rsfMc0_00230',)",0,33
26,"('OVzt2rsfMc0_00231',)",0,184
26,"('OVzt2rsfMc0_00232',)",0,103
26,"('OVzt2rsfMc0_00233',)",0,75
26,"('OVzt2rsfMc0_00234',)",0,141
26,"('OVzt2rsfMc0_00235',)",0,96
26,"('OVzt2rsfMc0_00236',)",0,71
26,"('OVzt2rsfMc0_00237',)",0,137
26,"('OVzt2rsfMc0_00238',)",0,71
8,"('OVzt2rsfMc0_00239',)",0,95
8,"('OVzt2rsfMc0_00240',)",0,145
8,"('OVzt2rsfMc0_00241',)",0,143
44,"('OVzt2rsfMc0_00242',)",0,40
44,"('OVzt2rsfMc0_00243',)",0,124
44,"('OVzt2rsfMc0_00244',)",0,119
43,"('OVzt2rsfMc0_00245',)",0,107
43,"('OVzt2rsfMc0_00246',)",0,123
43,"('OVzt2rsfMc0_00247',)",0,85
43,"('OVzt2rsfMc0_00248',)",0,82
43,"('OVzt2rsfMc0_00249',)",0,116
43,"('OVzt2rsfMc0_00250',)",0,106
8,"('OVzt2rsfMc0_00251',)",0,56
8,"('OVzt2rsfMc0_00252',)",0,131
8,"('OVzt2rsfMc0_00253',)",0,98
43,"('OVzt2rsfMc0_00254',)",0,93
43,"('OVzt2rsfMc0_00255',)",0,163
43,"('OVzt2rsfMc0_00256',)",0,105
44,"('OVzt2rsfMc0_00257',)",0,99
44,"('OVzt2rsfMc0_00258',)",0,160
44,"('OVzt2rsfMc0_00259',)",0,116
43,"('OVzt2rsfMc0_00260',)",0,63
43,"('OVzt2rsfMc0_00261',)",0,132
43,"('OVzt2rsfMc0_00262',)",0,73
43,"('OVzt2rsfMc0_00263',)",0,81
43,"('OVzt2rsfMc0_00264',)",0,113
43,"('OVzt2rsfMc0_00265',)",0,87
7,"('OVzt2rsfMc0_00266',)",0,56
7,"('OVzt2rsfMc0_00267',)",0,109
7,"('OVzt2rsfMc0_00268',)",0,149
21,"('OVzt2rsfMc0_00269',)",0,48
21,"('OVzt2rsfMc0_00270',)",0,134
21,"('OVzt2rsfMc0_00271',)",0,95
43,"('OVzt2rsfMc0_00272',)",0,83
43,"('OVzt2rsfMc0_00273',)",0,150
43,"('OVzt2rsfMc0_00274',)",0,81
43,"('OVzt2rsfMc0_00275',)",0,63
43,"('OVzt2rsfMc0_00276',)",0,119
43,"('OVzt2rsfMc0_00277',)",0,100
43,"('OVzt2rsfMc0_00278',)",0,79
43,"('OVzt2rsfMc0_00279',)",0,145
43,"('OVzt2rsfMc0_00280',)",0,82
33,"('OVzt2rsfMc0_00281',)",0,87
33,"('OVzt2rsfMc0_00282',)",0,166
33,"('OVzt2rsfMc0_00283',)",0,122
33,"('OVzt2rsfMc0_00284',)",0,50
33,"('OVzt2rsfMc0_00285',)",0,118
33,"('OVzt2rsfMc0_00286',)",0,78
26,"('OVzt2rsfMc0_00287',)",0,84
26,"('OVzt2rsfMc0_00288',)",0,143
26,"('OVzt2rsfMc0_00289',)",0,108
26,"('OVzt2rsfMc0_00290',)",0,102
26,"('OVzt2rsfMc0_00291',)",0,155
26,"('OVzt2rsfMc0_00292',)",0,106
43,"('OVzt2rsfMc0_00293',)",0,99
43,"('OVzt2rsfMc0_00294',)",0,130
43,"('OVzt2rsfMc0_00295',)",0,74
33,"('OVzt2rsfMc0_00296',)",0,50
33,"('OVzt2rsfMc0_00297',)",0,109
33,"('OVzt2rsfMc0_00298',)",0,87
7,"('OVzt2rsfMc0_00299',)",0,59
7,"('OVzt2rsfMc0_00300',)",0,118
7,"('OVzt2rsfMc0_00301',)",0,93
43,"('OVzt2rsfMc0_00302',)",0,70
43,"('OVzt2rsfMc0_00303',)",0,169
43,"('OVzt2rsfMc0_00304',)",0,97
43,"('OVzt2rsfMc0_00305',)",0,148
43,"('OVzt2rsfMc0_00306',)",0,190
43,"('OVzt2rsfMc0_00307',)",0,101
26,"('OVzt2rsfMc0_00308',)",0,121
26,"('OVzt2rsfMc0_00309',)",0,210
26,"('OVzt2rsfMc0_00310',)",0,136
43,"('OVzt2rsfMc0_00311',)",0,146
43,"('OVzt2rsfMc0_00312',)",0,146
43,"('OVzt2rsfMc0_00313',)",0,107
43,"('OVzt2rsfMc0_00314',)",0,64
43,"('OVzt2rsfMc0_00315',)",0,135
7,"('OVzt2rsfMc0_00316',)",0,121
7,"('OVzt2rsfMc0_00317',)",0,177
7,"('OVzt2rsfMc0_00318',)",0,157
43,"('OVzt2rsfMc0_00319',)",0,172
43,"('OVzt2rsfMc0_00320',)",0,195
43,"('OVzt2rsfMc0_00321',)",0,240
33,"('OVzt2rsfMc0_00322',)",0,102
33,"('OVzt2rsfMc0_00323',)",0,158
33,"('OVzt2rsfMc0_00324',)",0,85
33,"('OVzt2rsfMc0_00325',)",0,51
33,"('OVzt2rsfMc0_00326',)",0,141
33,"('OVzt2rsfMc0_00327',)",0,83
44,"('OVzt2rsfMc0_00328',)",0,98
44,"('OVzt2rsfMc0_00329',)",0,170
44,"('OVzt2rsfMc0_00330',)",0,108
24,"('OVzt2rsfMc0_00331',)",0,31
24,"('OVzt2rsfMc0_00332',)",0,93
24,"('OVzt2rsfMc0_00333',)",0,93
33,"('OVzt2rsfMc0_00334',)",0,174
33,"('OVzt2rsfMc0_00335',)",0,148
33,"('OVzt2rsfMc0_00336',)",0,86
26,"('OVzt2rsfMc0_00337',)",0,27
26,"('OVzt2rsfMc0_00338',)",0,37
26,"('OVzt2rsfMc0_00339',)",0,108
26,"('OVzt2rsfMc0_00340',)",0,114
44,"('OVzt2rsfMc0_00341',)",0,173
44,"('OVzt2rsfMc0_00342',)",0,151
44,"('OVzt2rsfMc0_00343',)",0,121
21,"('OVzt2rsfMc0_00344',)",0,35
21,"('OVzt2rsfMc0_00345',)",0,118
21,"('OVzt2rsfMc0_00346',)",0,57
8,"('OVzt2rsfMc0_00347',)",0,90
8,"('OVzt2rsfMc0_00348',)",0,166
33,"('OVzt2rsfMc0_00349',)",0,67
33,"('OVzt2rsfMc0_00350',)",0,112
33,"('OVzt2rsfMc0_00351',)",0,74
33,"('OVzt2rsfMc0_00352',)",0,72
33,"('OVzt2rsfMc0_00353',)",0,109
33,"('OVzt2rsfMc0_00354',)",0,77
21,"('OVzt2rsfMc0_00355',)",0,130
21,"('OVzt2rsfMc0_00356',)",0,154
43,"('OVzt2rsfMc0_00357',)",0,98
43,"('OVzt2rsfMc0_00358',)",0,178
21,"('OVzt2rsfMc0_00359',)",0,129
21,"('OVzt2rsfMc0_00360',)",0,160
21,"('OVzt2rsfMc0_00361',)",0,112
21,"('OVzt2rsfMc0_00362',)",0,131
21,"('OVzt2rsfMc0_00363',)",0,105
21,"('OVzt2rsfMc0_00364',)",0,96
21,"('OVzt2rsfMc0_00365',)",0,160
21,"('OVzt2rsfMc0_00366',)",0,121
21,"('OVzt2rsfMc0_00367',)",0,98
21,"('OVzt2rsfMc0_00368',)",0,155
21,"('OVzt2rsfMc0_00369',)",0,121
21,"('OVzt2rsfMc0_00370',)",0,94
21,"('OVzt2rsfMc0_00371',)",0,197
21,"('OVzt2rsfMc0_00372',)",0,110
21,"('OVzt2rsfMc0_00373',)",0,137
21,"('OVzt2rsfMc0_00374',)",0,112
21,"('OVzt2rsfMc0_00375',)",0,110
21,"('OVzt2rsfMc0_00376',)",0,93
21,"('OVzt2rsfMc0_00377',)",0,95
21,"('OVzt2rsfMc0_00378',)",0,70
21,"('OVzt2rsfMc0_00379',)",0,125
21,"('OVzt2rsfMc0_00380',)",0,68
43,"('OVzt2rsfMc0_00381',)",0,90
43,"('OVzt2rsfMc0_00382',)",0,136
43,"('OVzt2rsfMc0_00383',)",0,82
39,"('OVzt2rsfMc0_00384',)",0,113
39,"('OVzt2rsfMc0_00385',)",0,175
39,"('OVzt2rsfMc0_00386',)",0,103
21,"('OVzt2rsfMc0_00387',)",0,114
21,"('OVzt2rsfMc0_00388',)",0,171
21,"('OVzt2rsfMc0_00389',)",0,111
39,"('OVzt2rsfMc0_00390',)",0,135
39,"('OVzt2rsfMc0_00391',)",0,164
39,"('OVzt2rsfMc0_00392',)",0,96
33,"('OVzt2rsfMc0_00393',)",0,47
33,"('OVzt2rsfMc0_00394',)",0,128
33,"('OVzt2rsfMc0_00395',)",0,79
21,"('OVzt2rsfMc0_00396',)",0,120
21,"('OVzt2rsfMc0_00397',)",0,151
21,"('OVzt2rsfMc0_00398',)",0,178
21,"('OVzt2rsfMc0_00399',)",0,54
21,"('OVzt2rsfMc0_00400',)",0,133
21,"('OVzt2rsfMc0_00401',)",0,80
33,"('OVzt2rsfMc0_00402',)",0,34
33,"('OVzt2rsfMc0_00403',)",0,104
33,"('OVzt2rsfMc0_00404',)",0,77
7,"('OVzt2rsfMc0_00405',)",0,82
7,"('OVzt2rsfMc0_00406',)",0,141
7,"('OVzt2rsfMc0_00407',)",0,97
7,"('OVzt2rsfMc0_00408',)",0,70
7,"('OVzt2rsfMc0_00409',)",0,85
7,"('OVzt2rsfMc0_00410',)",0,165
7,"('OVzt2rsfMc0_00411',)",0,131
7,"('OVzt2rsfMc0_00412',)",0,123
7,"('OVzt2rsfMc0_00413',)",0,182
7,"('OVzt2rsfMc0_00414',)",0,135
34,"('OVzt2rsfMc0_00415',)",0,95
34,"('OVzt2rsfMc0_00416',)",0,226
34,"('OVzt2rsfMc0_00417',)",0,93
38,"('OVzt2rsfMc0_00418',)",0,87
38,"('OVzt2rsfMc0_00419',)",0,178
26,"('OVzt2rsfMc0_00420',)",0,99
26,"('OVzt2rsfMc0_00421',)",0,174
33,"('OVzt2rsfMc0_00422',)",0,122
33,"('OVzt2rsfMc0_00423',)",0,190
33,"('OVzt2rsfMc0_00424',)",0,84
30,"('OVzt2rsfMc0_00425',)",0,59
30,"('OVzt2rsfMc0_00426',)",0,115
30,"('OVzt2rsfMc0_00427',)",0,59
7,"('OVzt2rsfMc0_00428',)",0,64
7,"('OVzt2rsfMc0_00429',)",0,114
7,"('OVzt2rsfMc0_00430',)",0,103
0,"('ozbr742-Trc_00000',)",0,242
33,"('ozbr742-Trc_00001',)",0,146
21,"('ozbr742-Trc_00002',)",0,98
34,"('ozbr742-Trc_00003',)",0,62
21,"('ozbr742-Trc_00004',)",0,72
33,"('ozbr742-Trc_00005',)",0,57
34,"('ozbr742-Trc_00006',)",0,157
26,"('ozbr742-Trc_00007',)",0,116
34,"('ozbr742-Trc_00008',)",0,121
26,"('ozbr742-Trc_00009',)",0,115
7,"('ozbr742-Trc_00010',)",0,92
26,"('ozbr742-Trc_00011',)",0,77
27,"('ozbr742-Trc_00012',)",0,86
8,"('ozbr742-Trc_00013',)",0,102
26,"('ozbr742-Trc_00014',)",0,107
21,"('ozbr742-Trc_00015',)",0,122
27,"('ozbr742-Trc_00016',)",0,124
27,"('5hXbclLNSNA_00000',)",0,90
27,"('5hXbclLNSNA_00001',)",0,140
27,"('5hXbclLNSNA_00002',)",0,162
27,"('5hXbclLNSNA_00003',)",0,36
34,"('5hXbclLNSNA_00004',)",0,63
21,"('5hXbclLNSNA_00005',)",0,86
21,"('5hXbclLNSNA_00006',)",0,112
34,"('5hXbclLNSNA_00007',)",0,117
34,"('5hXbclLNSNA_00008',)",0,228
27,"('5hXbclLNSNA_00009',)",0,111
27,"('5hXbclLNSNA_00010',)",0,103
27,"('5hXbclLNSNA_00011',)",0,80
41,"('5hXbclLNSNA_00012',)",0,98
41,"('5hXbclLNSNA_00013',)",0,168
3,"('5hXbclLNSNA_00014',)",0,56
33,"('5hXbclLNSNA_00015',)",0,82
33,"('5hXbclLNSNA_00016',)",0,126
27,"('5hXbclLNSNA_00017',)",0,182
27,"('5hXbclLNSNA_00018',)",0,271
44,"('5hXbclLNSNA_00019',)",0,74
44,"('5hXbclLNSNA_00020',)",0,168
44,"('5hXbclLNSNA_00021',)",0,179
18,"('5hXbclLNSNA_00022',)",0,69
18,"('5hXbclLNSNA_00023',)",0,112
44,"('5hXbclLNSNA_00024',)",0,131
44,"('5hXbclLNSNA_00025',)",0,191
26,"('5hXbclLNSNA_00026',)",0,97
26,"('5hXbclLNSNA_00027',)",0,123
21,"('5hXbclLNSNA_00028',)",0,138
21,"('5hXbclLNSNA_00029',)",0,186
8,"('5hXbclLNSNA_00030',)",0,46
8,"('5hXbclLNSNA_00031',)",0,80
33,"('5hXbclLNSNA_00032',)",0,119
33,"('5hXbclLNSNA_00033',)",0,135
31,"('5hXbclLNSNA_00034',)",0,95
31,"('5hXbclLNSNA_00035',)",0,100
44,"('5hXbclLNSNA_00036',)",0,49
44,"('5hXbclLNSNA_00037',)",0,59
44,"('5hXbclLNSNA_00038',)",0,117
8,"('5hXbclLNSNA_00039',)",0,230
8,"('5hXbclLNSNA_00040',)",0,178
34,"('5hXbclLNSNA_00041',)",0,131
34,"('5hXbclLNSNA_00042',)",0,138
26,"('5hXbclLNSNA_00043',)",0,122
26,"('5hXbclLNSNA_00044',)",0,219
39,"('5hXbclLNSNA_00045',)",0,107
39,"('5hXbclLNSNA_00046',)",0,182
8,"('5hXbclLNSNA_00047',)",0,106
8,"('5hXbclLNSNA_00048',)",0,155
44,"('5hXbclLNSNA_00049',)",0,98
44,"('5hXbclLNSNA_00050',)",0,129
26,"('Bb0ZiYVNtDs_00000',)",0,105
26,"('Bb0ZiYVNtDs_00001',)",0,194
26,"('Bb0ZiYVNtDs_00002',)",0,92
7,"('Bb0ZiYVNtDs_00003',)",0,107
7,"('Bb0ZiYVNtDs_00004',)",0,170
7,"('Bb0ZiYVNtDs_00005',)",0,75
7,"('Bb0ZiYVNtDs_00006',)",0,100
7,"('Bb0ZiYVNtDs_00007',)",0,186
7,"('Bb0ZiYVNtDs_00008',)",0,53
7,"('Bb0ZiYVNtDs_00009',)",0,150
7,"('Bb0ZiYVNtDs_00010',)",0,73
7,"('Bb0ZiYVNtDs_00011',)",0,73
7,"('Bb0ZiYVNtDs_00012',)",0,136
7,"('Bb0ZiYVNtDs_00013',)",0,196
35,"('Bb0ZiYVNtDs_00014',)",0,71
35,"('Bb0ZiYVNtDs_00015',)",0,179
35,"('Bb0ZiYVNtDs_00016',)",0,241
7,"('Bb0ZiYVNtDs_00017',)",0,72
7,"('Bb0ZiYVNtDs_00018',)",0,153
7,"('Bb0ZiYVNtDs_00019',)",0,89
26,"('Bb0ZiYVNtDs_00020',)",0,98
26,"('Bb0ZiYVNtDs_00021',)",0,145
26,"('Bb0ZiYVNtDs_00022',)",0,89
22,"('Bb0ZiYVNtDs_00023',)",0,107
22,"('Bb0ZiYVNtDs_00024',)",0,167
22,"('Bb0ZiYVNtDs_00025',)",0,148
7,"('Bb0ZiYVNtDs_00026',)",0,59
7,"('Bb0ZiYVNtDs_00027',)",0,138
7,"('Bb0ZiYVNtDs_00028',)",0,136
35,"('Bb0ZiYVNtDs_00029',)",0,46
35,"('Bb0ZiYVNtDs_00030',)",0,109
35,"('Bb0ZiYVNtDs_00031',)",0,73
7,"('Bb0ZiYVNtDs_00032',)",0,99
7,"('Bb0ZiYVNtDs_00033',)",0,129
7,"('Bb0ZiYVNtDs_00034',)",0,114
22,"('Bb0ZiYVNtDs_00035',)",0,122
22,"('Bb0ZiYVNtDs_00036',)",0,162
22,"('Bb0ZiYVNtDs_00037',)",0,107
22,"('Bb0ZiYVNtDs_00038',)",0,84
26,"('Bb0ZiYVNtDs_00039',)",0,108
26,"('Bb0ZiYVNtDs_00040',)",0,170
26,"('Bb0ZiYVNtDs_00041',)",0,111
22,"('Bb0ZiYVNtDs_00042',)",0,71
22,"('Bb0ZiYVNtDs_00043',)",0,193
22,"('Bb0ZiYVNtDs_00044',)",0,184
43,"('Bb0ZiYVNtDs_00045',)",0,95
43,"('Bb0ZiYVNtDs_00046',)",0,155
43,"('Bb0ZiYVNtDs_00047',)",0,83
42,"('Bb0ZiYVNtDs_00048',)",0,84
42,"('Bb0ZiYVNtDs_00049',)",0,148
42,"('Bb0ZiYVNtDs_00050',)",0,166
28,"('Bb0ZiYVNtDs_00051',)",0,144
28,"('Bb0ZiYVNtDs_00052',)",0,187
28,"('Bb0ZiYVNtDs_00053',)",0,118
26,"('Bb0ZiYVNtDs_00054',)",0,149
26,"('Bb0ZiYVNtDs_00055',)",0,235
26,"('Bb0ZiYVNtDs_00056',)",0,159
42,"('Bb0ZiYVNtDs_00057',)",0,48
42,"('Bb0ZiYVNtDs_00058',)",0,30
42,"('Bb0ZiYVNtDs_00059',)",0,113
42,"('Bb0ZiYVNtDs_00060',)",0,105
35,"('Bb0ZiYVNtDs_00061',)",0,70
35,"('Bb0ZiYVNtDs_00062',)",0,147
35,"('Bb0ZiYVNtDs_00063',)",0,74
22,"('Bb0ZiYVNtDs_00064',)",0,59
22,"('Bb0ZiYVNtDs_00065',)",0,107
22,"('Bb0ZiYVNtDs_00066',)",0,125
12,"('Bb0ZiYVNtDs_00067',)",0,59
12,"('Bb0ZiYVNtDs_00068',)",0,167
12,"('Bb0ZiYVNtDs_00069',)",0,109
22,"('Bb0ZiYVNtDs_00070',)",0,126
22,"('Bb0ZiYVNtDs_00071',)",0,117
22,"('Bb0ZiYVNtDs_00072',)",0,94
43,"('Bb0ZiYVNtDs_00073',)",0,93
43,"('Bb0ZiYVNtDs_00074',)",0,140
43,"('Bb0ZiYVNtDs_00075',)",0,91
28,"('Bb0ZiYVNtDs_00076',)",0,48
28,"('Bb0ZiYVNtDs_00077',)",0,146
28,"('Bb0ZiYVNtDs_00078',)",0,127
28,"('Bb0ZiYVNtDs_00079',)",0,83
28,"('Bb0ZiYVNtDs_00080',)",0,69
28,"('Bb0ZiYVNtDs_00081',)",0,74
28,"('Bb0ZiYVNtDs_00082',)",0,163
42,"('Bb0ZiYVNtDs_00083',)",0,98
42,"('Bb0ZiYVNtDs_00084',)",0,188
42,"('Bb0ZiYVNtDs_00085',)",0,105
43,"('Bb0ZiYVNtDs_00086',)",0,88
43,"('Bb0ZiYVNtDs_00087',)",0,130
43,"('Bb0ZiYVNtDs_00088',)",0,148
42,"('Bb0ZiYVNtDs_00089',)",0,112
42,"('Bb0ZiYVNtDs_00090',)",0,179
42,"('Bb0ZiYVNtDs_00091',)",0,129
23,"('Bb0ZiYVNtDs_00092',)",0,63
23,"('Bb0ZiYVNtDs_00093',)",0,30
23,"('Bb0ZiYVNtDs_00094',)",0,163
23,"('Bb0ZiYVNtDs_00095',)",0,215
7,"('Bb0ZiYVNtDs_00096',)",0,39
7,"('Bb0ZiYVNtDs_00097',)",0,33
7,"('Bb0ZiYVNtDs_00098',)",0,89
7,"('Bb0ZiYVNtDs_00099',)",0,151
28,"('Bb0ZiYVNtDs_00100',)",0,133
28,"('Bb0ZiYVNtDs_00101',)",0,227
28,"('Bb0ZiYVNtDs_00102',)",0,109
45,"('Bb0ZiYVNtDs_00103',)",0,96
45,"('Bb0ZiYVNtDs_00104',)",0,136
45,"('Bb0ZiYVNtDs_00105',)",0,165
45,"('Bb0ZiYVNtDs_00106',)",0,142
45,"('Bb0ZiYVNtDs_00107',)",0,209
45,"('Bb0ZiYVNtDs_00108',)",0,133
45,"('Bb0ZiYVNtDs_00109',)",0,56
45,"('Bb0ZiYVNtDs_00110',)",0,133
45,"('Bb0ZiYVNtDs_00111',)",0,96
42,"('Bb0ZiYVNtDs_00112',)",0,51
42,"('Bb0ZiYVNtDs_00113',)",0,141
42,"('Bb0ZiYVNtDs_00114',)",0,66
35,"('Bb0ZiYVNtDs_00115',)",0,133
35,"('Bb0ZiYVNtDs_00116',)",0,147
35,"('Bb0ZiYVNtDs_00117',)",0,91
45,"('Bb0ZiYVNtDs_00118',)",0,77
45,"('Bb0ZiYVNtDs_00119',)",0,198
22,"('Bb0ZiYVNtDs_00120',)",0,117
22,"('Bb0ZiYVNtDs_00121',)",0,179
22,"('Bb0ZiYVNtDs_00122',)",0,118
22,"('Bb0ZiYVNtDs_00123',)",0,108
35,"('Bb0ZiYVNtDs_00124',)",0,87
35,"('Bb0ZiYVNtDs_00125',)",0,157
35,"('Bb0ZiYVNtDs_00126',)",0,137
45,"('Bb0ZiYVNtDs_00127',)",0,111
45,"('Bb0ZiYVNtDs_00128',)",0,197
45,"('Bb0ZiYVNtDs_00129',)",0,202
35,"('Bb0ZiYVNtDs_00130',)",0,69
35,"('Bb0ZiYVNtDs_00131',)",0,155
35,"('Bb0ZiYVNtDs_00132',)",0,88
35,"('Bb0ZiYVNtDs_00133',)",0,79
35,"('Bb0ZiYVNtDs_00134',)",0,175
35,"('Bb0ZiYVNtDs_00135',)",0,89
35,"('Bb0ZiYVNtDs_00136',)",0,151
35,"('Bb0ZiYVNtDs_00137',)",0,172
35,"('Bb0ZiYVNtDs_00138',)",0,96
35,"('Bb0ZiYVNtDs_00139',)",0,66
35,"('Bb0ZiYVNtDs_00140',)",0,160
35,"('Bb0ZiYVNtDs_00141',)",0,189
22,"('Bb0ZiYVNtDs_00142',)",0,87
22,"('Bb0ZiYVNtDs_00143',)",0,148
22,"('Bb0ZiYVNtDs_00144',)",0,147
35,"('Bb0ZiYVNtDs_00145',)",0,106
35,"('Bb0ZiYVNtDs_00146',)",0,211
35,"('Bb0ZiYVNtDs_00147',)",0,160
35,"('Bb0ZiYVNtDs_00148',)",0,140
35,"('Bb0ZiYVNtDs_00149',)",0,115
35,"('Bb0ZiYVNtDs_00150',)",0,157
35,"('Bb0ZiYVNtDs_00151',)",0,96
45,"('Bb0ZiYVNtDs_00152',)",0,125
45,"('Bb0ZiYVNtDs_00153',)",0,146
45,"('Bb0ZiYVNtDs_00154',)",0,152
35,"('Bb0ZiYVNtDs_00155',)",0,50
35,"('Bb0ZiYVNtDs_00156',)",0,106
35,"('Bb0ZiYVNtDs_00157',)",0,42
35,"('Bb0ZiYVNtDs_00158',)",0,112
35,"('Bb0ZiYVNtDs_00159',)",0,174
28,"('Bb0ZiYVNtDs_00160',)",0,131
28,"('Bb0ZiYVNtDs_00161',)",0,200
28,"('Bb0ZiYVNtDs_00162',)",0,152
7,"('Bb0ZiYVNtDs_00163',)",0,64
7,"('Bb0ZiYVNtDs_00164',)",0,168
7,"('Bb0ZiYVNtDs_00165',)",0,95
45,"('Bb0ZiYVNtDs_00166',)",0,116
45,"('Bb0ZiYVNtDs_00167',)",0,167
45,"('Bb0ZiYVNtDs_00168',)",0,148
45,"('Bb0ZiYVNtDs_00169',)",0,127
45,"('Bb0ZiYVNtDs_00170',)",0,192
45,"('Bb0ZiYVNtDs_00171',)",0,106
7,"('Bb0ZiYVNtDs_00172',)",0,45
7,"('Bb0ZiYVNtDs_00173',)",0,29
7,"('Bb0ZiYVNtDs_00174',)",0,128
7,"('Bb0ZiYVNtDs_00175',)",0,60
7,"('Bb0ZiYVNtDs_00176',)",0,99
28,"('Bb0ZiYVNtDs_00177',)",0,74
28,"('Bb0ZiYVNtDs_00178',)",0,152
28,"('Bb0ZiYVNtDs_00179',)",0,107
23,"('Bb0ZiYVNtDs_00180',)",0,68
23,"('Bb0ZiYVNtDs_00181',)",0,109
23,"('Bb0ZiYVNtDs_00182',)",0,180
28,"('Bb0ZiYVNtDs_00183',)",0,78
28,"('Bb0ZiYVNtDs_00184',)",0,183
28,"('Bb0ZiYVNtDs_00185',)",0,103
7,"('Bb0ZiYVNtDs_00186',)",0,81
7,"('Bb0ZiYVNtDs_00187',)",0,192
22,"('Bb0ZiYVNtDs_00188',)",0,126
22,"('Bb0ZiYVNtDs_00189',)",0,167
22,"('Bb0ZiYVNtDs_00190',)",0,124
40,"('Bb0ZiYVNtDs_00191',)",0,95
40,"('Bb0ZiYVNtDs_00192',)",0,179
28,"('Bb0ZiYVNtDs_00193',)",0,149
28,"('Bb0ZiYVNtDs_00194',)",0,209
24,"('Bb0ZiYVNtDs_00195',)",0,162
24,"('Bb0ZiYVNtDs_00196',)",0,200
24,"('Bb0ZiYVNtDs_00197',)",0,200
22,"('Bb0ZiYVNtDs_00198',)",0,111
22,"('Bb0ZiYVNtDs_00199',)",0,133
22,"('Bb0ZiYVNtDs_00200',)",0,91
22,"('Bb0ZiYVNtDs_00201',)",0,109
22,"('Bb0ZiYVNtDs_00202',)",0,175
22,"('Bb0ZiYVNtDs_00203',)",0,143
42,"('Bb0ZiYVNtDs_00204',)",0,67
42,"('Bb0ZiYVNtDs_00205',)",0,143
42,"('Bb0ZiYVNtDs_00206',)",0,193
28,"('Bb0ZiYVNtDs_00207',)",0,140
28,"('Bb0ZiYVNtDs_00208',)",0,128
8,"('OFxuiqI5G44_00000',)",0,142
8,"('OFxuiqI5G44_00001',)",0,218
22,"('OFxuiqI5G44_00002',)",0,177
22,"('OFxuiqI5G44_00003',)",0,213
8,"('OFxuiqI5G44_00004',)",0,156
8,"('OFxuiqI5G44_00005',)",0,248
8,"('OFxuiqI5G44_00006',)",0,108
8,"('OFxuiqI5G44_00007',)",0,181
3,"('OFxuiqI5G44_00008',)",0,115
3,"('OFxuiqI5G44_00009',)",0,200
44,"('OFxuiqI5G44_00010',)",0,360
44,"('OFxuiqI5G44_00011',)",0,280
44,"('OFxuiqI5G44_00012',)",0,107
44,"('OFxuiqI5G44_00013',)",0,176
44,"('OFxuiqI5G44_00014',)",0,201
44,"('OFxuiqI5G44_00015',)",0,220
44,"('OFxuiqI5G44_00016',)",0,183
44,"('OFxuiqI5G44_00017',)",0,201
39,"('OFxuiqI5G44_00018',)",0,258
39,"('OFxuiqI5G44_00019',)",0,262
44,"('OFxuiqI5G44_00020',)",0,155
44,"('OFxuiqI5G44_00021',)",0,225
44,"('OFxuiqI5G44_00022',)",0,340
44,"('OFxuiqI5G44_00023',)",0,255
27,"('OFxuiqI5G44_00024',)",0,310
27,"('OFxuiqI5G44_00025',)",0,289
43,"('OFxuiqI5G44_00026',)",0,230
43,"('OFxuiqI5G44_00027',)",0,277
44,"('OFxuiqI5G44_00028',)",0,193
44,"('OFxuiqI5G44_00029',)",0,232
44,"('OFxuiqI5G44_00030',)",0,434
44,"('OFxuiqI5G44_00031',)",0,247
44,"('OFxuiqI5G44_00032',)",0,106
44,"('OFxuiqI5G44_00033',)",0,206
34,"('OFxuiqI5G44_00034',)",0,246
34,"('OFxuiqI5G44_00035',)",0,178
33,"('OFxuiqI5G44_00036',)",0,302
8,"('OFxuiqI5G44_00037',)",0,281
8,"('OFxuiqI5G44_00038',)",0,187
34,"('OFxuiqI5G44_00039',)",0,121
34,"('OFxuiqI5G44_00040',)",0,207
44,"('OFxuiqI5G44_00041',)",0,241
44,"('OFxuiqI5G44_00042',)",0,259
39,"('OFxuiqI5G44_00043',)",0,208
39,"('OFxuiqI5G44_00044',)",0,249
39,"('OFxuiqI5G44_00045',)",0,163
39,"('OFxuiqI5G44_00046',)",0,238
38,"('OFxuiqI5G44_00047',)",0,120
38,"('OFxuiqI5G44_00048',)",0,206
8,"('OFxuiqI5G44_00049',)",0,107
8,"('OFxuiqI5G44_00050',)",0,193
21,"('OFxuiqI5G44_00051',)",0,255
21,"('OFxuiqI5G44_00052',)",0,262
39,"('OFxuiqI5G44_00053',)",0,149
39,"('OFxuiqI5G44_00054',)",0,207
21,"('OFxuiqI5G44_00055',)",0,349
21,"('OFxuiqI5G44_00056',)",0,222
21,"('OFxuiqI5G44_00057',)",0,122
21,"('OFxuiqI5G44_00058',)",0,234
44,"('OFxuiqI5G44_00059',)",0,242
44,"('OFxuiqI5G44_00060',)",0,266
44,"('OFxuiqI5G44_00061',)",0,299
24,"('OFxuiqI5G44_00062',)",0,278
24,"('OFxuiqI5G44_00063',)",0,227
24,"('OFxuiqI5G44_00064',)",0,230
35,"('OFxuiqI5G44_00065',)",0,160
35,"('OFxuiqI5G44_00066',)",0,150
35,"('OFxuiqI5G44_00067',)",0,247
26,"('OFxuiqI5G44_00068',)",0,154
26,"('OFxuiqI5G44_00069',)",0,264
26,"('OFxuiqI5G44_00070',)",0,258
26,"('OFxuiqI5G44_00071',)",0,226
26,"('OFxuiqI5G44_00072',)",0,305
26,"('OFxuiqI5G44_00073',)",0,285
26,"('OFxuiqI5G44_00074',)",0,140
26,"('OFxuiqI5G44_00075',)",0,242
26,"('OFxuiqI5G44_00076',)",0,253
9,"('OFxuiqI5G44_00077',)",0,152
9,"('OFxuiqI5G44_00078',)",0,220
9,"('OFxuiqI5G44_00079',)",0,219
26,"('OFxuiqI5G44_00080',)",0,249
26,"('OFxuiqI5G44_00081',)",0,262
26,"('OFxuiqI5G44_00082',)",0,263
26,"('OFxuiqI5G44_00083',)",0,109
26,"('OFxuiqI5G44_00084',)",0,211
26,"('OFxuiqI5G44_00085',)",0,228
26,"('OFxuiqI5G44_00086',)",0,285
26,"('OFxuiqI5G44_00087',)",0,266
35,"('OFxuiqI5G44_00088',)",0,147
35,"('OFxuiqI5G44_00089',)",0,242
35,"('OFxuiqI5G44_00090',)",0,281
34,"('OFxuiqI5G44_00091',)",0,164
34,"('OFxuiqI5G44_00092',)",0,168
34,"('OFxuiqI5G44_00093',)",0,189
12,"('OFxuiqI5G44_00094',)",0,240
12,"('OFxuiqI5G44_00095',)",0,243
12,"('OFxuiqI5G44_00096',)",0,245
33,"('OFxuiqI5G44_00097',)",0,104
33,"('OFxuiqI5G44_00098',)",0,205
33,"('OFxuiqI5G44_00099',)",0,241
26,"('OFxuiqI5G44_00100',)",0,167
26,"('OFxuiqI5G44_00101',)",0,280
26,"('OFxuiqI5G44_00102',)",0,265
35,"('OFxuiqI5G44_00103',)",0,119
35,"('OFxuiqI5G44_00104',)",0,197
35,"('OFxuiqI5G44_00105',)",0,146
35,"('OFxuiqI5G44_00106',)",0,233
35,"('OFxuiqI5G44_00107',)",0,266
35,"('OFxuiqI5G44_00108',)",0,185
35,"('OFxuiqI5G44_00109',)",0,272
35,"('OFxuiqI5G44_00110',)",0,282
7,"('OFxuiqI5G44_00111',)",0,148
7,"('OFxuiqI5G44_00112',)",0,272
7,"('OFxuiqI5G44_00113',)",0,258
44,"('OFxuiqI5G44_00114',)",0,140
44,"('OFxuiqI5G44_00115',)",0,251
44,"('OFxuiqI5G44_00116',)",0,264
14,"('OFxuiqI5G44_00117',)",0,110
14,"('OFxuiqI5G44_00118',)",0,233
14,"('OFxuiqI5G44_00119',)",0,245
35,"('OFxuiqI5G44_00120',)",0,125
35,"('OFxuiqI5G44_00121',)",0,210
35,"('OFxuiqI5G44_00122',)",0,223
14,"('OFxuiqI5G44_00123',)",0,136
14,"('OFxuiqI5G44_00124',)",0,200
14,"('OFxuiqI5G44_00125',)",0,254
8,"('OFxuiqI5G44_00126',)",0,111
8,"('OFxuiqI5G44_00127',)",0,200
8,"('OFxuiqI5G44_00128',)",0,208
26,"('OFxuiqI5G44_00129',)",0,164
26,"('OFxuiqI5G44_00130',)",0,261
26,"('OFxuiqI5G44_00131',)",0,258
44,"('OFxuiqI5G44_00132',)",0,136
44,"('OFxuiqI5G44_00133',)",0,233
44,"('OFxuiqI5G44_00134',)",0,225
5,"('OFxuiqI5G44_00135',)",0,151
5,"('OFxuiqI5G44_00136',)",0,283
5,"('OFxuiqI5G44_00137',)",0,296
9,"('OFxuiqI5G44_00138',)",0,165
9,"('OFxuiqI5G44_00139',)",0,224
9,"('OFxuiqI5G44_00140',)",0,213
12,"('OFxuiqI5G44_00141',)",0,167
12,"('OFxuiqI5G44_00142',)",0,270
12,"('OFxuiqI5G44_00143',)",0,264
8,"('OFxuiqI5G44_00144',)",0,126
8,"('OFxuiqI5G44_00145',)",0,232
8,"('OFxuiqI5G44_00146',)",0,225
44,"('OFxuiqI5G44_00147',)",0,405
44,"('OFxuiqI5G44_00148',)",0,251
44,"('OFxuiqI5G44_00149',)",0,262
35,"('OFxuiqI5G44_00150',)",0,148
35,"('OFxuiqI5G44_00151',)",0,250
35,"('OFxuiqI5G44_00152',)",0,263
12,"('OFxuiqI5G44_00153',)",0,152
12,"('OFxuiqI5G44_00154',)",0,262
12,"('OFxuiqI5G44_00155',)",0,266
12,"('OFxuiqI5G44_00156',)",0,154
12,"('OFxuiqI5G44_00157',)",0,207
12,"('OFxuiqI5G44_00158',)",0,254
12,"('OFxuiqI5G44_00159',)",0,181
12,"('OFxuiqI5G44_00160',)",0,271
12,"('OFxuiqI5G44_00161',)",0,271
44,"('OFxuiqI5G44_00162',)",0,341
44,"('OFxuiqI5G44_00163',)",0,260
44,"('OFxuiqI5G44_00164',)",0,270
5,"('OFxuiqI5G44_00165',)",0,392
5,"('OFxuiqI5G44_00166',)",0,278
5,"('OFxuiqI5G44_00167',)",0,277
21,"('OFxuiqI5G44_00168',)",0,120
21,"('OFxuiqI5G44_00169',)",0,231
21,"('OFxuiqI5G44_00170',)",0,232
8,"('OFxuiqI5G44_00171',)",0,185
8,"('OFxuiqI5G44_00172',)",0,246
5,"('OFxuiqI5G44_00173',)",0,113
5,"('OFxuiqI5G44_00174',)",0,228
5,"('OFxuiqI5G44_00175',)",0,215
5,"('OFxuiqI5G44_00176',)",0,139
5,"('OFxuiqI5G44_00177',)",0,263
5,"('OFxuiqI5G44_00178',)",0,272
5,"('OFxuiqI5G44_00179',)",0,321
5,"('OFxuiqI5G44_00180',)",0,277
5,"('OFxuiqI5G44_00181',)",0,281
2,"('OFxuiqI5G44_00182',)",0,145
2,"('OFxuiqI5G44_00183',)",0,259
2,"('OFxuiqI5G44_00184',)",0,283
5,"('OFxuiqI5G44_00185',)",0,119
5,"('OFxuiqI5G44_00186',)",0,238
5,"('OFxuiqI5G44_00187',)",0,241
5,"('OFxuiqI5G44_00188',)",0,119
5,"('OFxuiqI5G44_00189',)",0,231
5,"('OFxuiqI5G44_00190',)",0,246
5,"('OFxuiqI5G44_00191',)",0,149
5,"('OFxuiqI5G44_00192',)",0,255
5,"('OFxuiqI5G44_00193',)",0,240
5,"('OFxuiqI5G44_00194',)",0,166
5,"('OFxuiqI5G44_00195',)",0,281
5,"('OFxuiqI5G44_00196',)",0,263
29,"('OFxuiqI5G44_00197',)",0,258
29,"('OFxuiqI5G44_00198',)",0,274
29,"('OFxuiqI5G44_00199',)",0,314
31,"('OFxuiqI5G44_00200',)",0,358
31,"('OFxuiqI5G44_00201',)",0,217
31,"('OFxuiqI5G44_00202',)",0,219
36,"('OFxuiqI5G44_00203',)",0,175
36,"('OFxuiqI5G44_00204',)",0,185
36,"('OFxuiqI5G44_00205',)",0,202
29,"('OFxuiqI5G44_00206',)",0,250
29,"('OFxuiqI5G44_00207',)",0,255
29,"('OFxuiqI5G44_00208',)",0,269
15,"('OFxuiqI5G44_00209',)",0,224
15,"('OFxuiqI5G44_00210',)",0,194
15,"('OFxuiqI5G44_00211',)",0,198
15,"('OFxuiqI5G44_00212',)",0,153
15,"('OFxuiqI5G44_00213',)",0,198
15,"('OFxuiqI5G44_00214',)",0,207
36,"('OFxuiqI5G44_00215',)",0,110
36,"('OFxuiqI5G44_00216',)",0,195
36,"('OFxuiqI5G44_00217',)",0,206
36,"('OFxuiqI5G44_00218',)",0,138
36,"('OFxuiqI5G44_00219',)",0,233
36,"('OFxuiqI5G44_00220',)",0,224
19,"('OFxuiqI5G44_00221',)",0,168
19,"('OFxuiqI5G44_00222',)",0,210
19,"('OFxuiqI5G44_00223',)",0,229
36,"('OFxuiqI5G44_00224',)",0,240
36,"('OFxuiqI5G44_00225',)",0,222
36,"('OFxuiqI5G44_00226',)",0,238
19,"('OFxuiqI5G44_00227',)",0,125
19,"('OFxuiqI5G44_00228',)",0,230
19,"('OFxuiqI5G44_00229',)",0,199
15,"('OFxuiqI5G44_00230',)",0,266
15,"('OFxuiqI5G44_00231',)",0,245
15,"('OFxuiqI5G44_00232',)",0,240
37,"('OFxuiqI5G44_00233',)",0,137
37,"('OFxuiqI5G44_00234',)",0,197
37,"('OFxuiqI5G44_00235',)",0,207
46,"('OFxuiqI5G44_00236',)",0,440
46,"('OFxuiqI5G44_00237',)",0,251
46,"('OFxuiqI5G44_00238',)",0,291
15,"('OFxuiqI5G44_00239',)",0,186
15,"('OFxuiqI5G44_00240',)",0,215
15,"('OFxuiqI5G44_00241',)",0,229
46,"('OFxuiqI5G44_00242',)",0,227
46,"('OFxuiqI5G44_00243',)",0,174
46,"('OFxuiqI5G44_00244',)",0,190
19,"('OFxuiqI5G44_00245',)",0,242
19,"('OFxuiqI5G44_00246',)",0,238
19,"('OFxuiqI5G44_00247',)",0,255
29,"('OFxuiqI5G44_00248',)",0,280
29,"('OFxuiqI5G44_00249',)",0,227
29,"('OFxuiqI5G44_00250',)",0,233
46,"('OFxuiqI5G44_00251',)",0,238
46,"('OFxuiqI5G44_00252',)",0,219
46,"('OFxuiqI5G44_00253',)",0,248
19,"('OFxuiqI5G44_00254',)",0,367
19,"('OFxuiqI5G44_00255',)",0,254
19,"('OFxuiqI5G44_00256',)",0,248
15,"('OFxuiqI5G44_00257',)",0,121
15,"('OFxuiqI5G44_00258',)",0,203
15,"('OFxuiqI5G44_00259',)",0,192
46,"('OFxuiqI5G44_00260',)",0,377
46,"('OFxuiqI5G44_00261',)",0,239
46,"('OFxuiqI5G44_00262',)",0,249
46,"('OFxuiqI5G44_00263',)",0,207
46,"('OFxuiqI5G44_00264',)",0,197
46,"('OFxuiqI5G44_00265',)",0,236
29,"('OFxuiqI5G44_00266',)",0,320
29,"('OFxuiqI5G44_00267',)",0,246
29,"('OFxuiqI5G44_00268',)",0,245
19,"('OFxuiqI5G44_00269',)",0,266
19,"('OFxuiqI5G44_00270',)",0,308
19,"('OFxuiqI5G44_00271',)",0,273
15,"('OFxuiqI5G44_00272',)",0,203
15,"('OFxuiqI5G44_00273',)",0,218
15,"('OFxuiqI5G44_00274',)",0,222
46,"('OFxuiqI5G44_00275',)",0,361
46,"('OFxuiqI5G44_00276',)",0,234
46,"('OFxuiqI5G44_00277',)",0,293
8,"('OFxuiqI5G44_00278',)",0,368
8,"('OFxuiqI5G44_00279',)",0,231
8,"('OFxuiqI5G44_00280',)",0,291
34,"('OFxuiqI5G44_00281',)",0,101
34,"('OFxuiqI5G44_00282',)",0,174
34,"('OFxuiqI5G44_00283',)",0,177
24,"('OFxuiqI5G44_00284',)",0,294
24,"('OFxuiqI5G44_00285',)",0,240
24,"('OFxuiqI5G44_00286',)",0,252
33,"('OFxuiqI5G44_00287',)",0,119
33,"('OFxuiqI5G44_00288',)",0,224
33,"('OFxuiqI5G44_00289',)",0,230
21,"('OFxuiqI5G44_00290',)",0,179
21,"('OFxuiqI5G44_00291',)",0,233
21,"('OFxuiqI5G44_00292',)",0,254
8,"('OFxuiqI5G44_00293',)",0,393
8,"('OFxuiqI5G44_00294',)",0,254
8,"('OFxuiqI5G44_00295',)",0,229
34,"('OFxuiqI5G44_00296',)",0,252
34,"('OFxuiqI5G44_00297',)",0,244
34,"('OFxuiqI5G44_00298',)",0,266
34,"('OFxuiqI5G44_00299',)",0,237
34,"('OFxuiqI5G44_00300',)",0,221
34,"('OFxuiqI5G44_00301',)",0,233
7,"('OFxuiqI5G44_00302',)",0,157
7,"('OFxuiqI5G44_00303',)",0,210
7,"('OFxuiqI5G44_00304',)",0,249
34,"('OFxuiqI5G44_00305',)",0,547
34,"('OFxuiqI5G44_00306',)",0,162
34,"('OFxuiqI5G44_00307',)",0,254
34,"('OFxuiqI5G44_00308',)",0,217
27,"('OFxuiqI5G44_00309',)",0,214
27,"('OFxuiqI5G44_00310',)",0,228
27,"('OFxuiqI5G44_00311',)",0,247
34,"('OFxuiqI5G44_00312',)",0,134
34,"('OFxuiqI5G44_00313',)",0,217
34,"('OFxuiqI5G44_00314',)",0,217
21,"('OFxuiqI5G44_00315',)",0,230
21,"('OFxuiqI5G44_00316',)",0,240
21,"('OFxuiqI5G44_00317',)",0,211
34,"('OFxuiqI5G44_00318',)",0,127
34,"('OFxuiqI5G44_00319',)",0,219
34,"('OFxuiqI5G44_00320',)",0,214
34,"('OFxuiqI5G44_00321',)",0,561
34,"('OFxuiqI5G44_00322',)",0,210
34,"('OFxuiqI5G44_00323',)",0,221
44,"('OFxuiqI5G44_00324',)",0,111
44,"('OFxuiqI5G44_00325',)",0,207
44,"('OFxuiqI5G44_00326',)",0,209
8,"('OFxuiqI5G44_00327',)",0,133
8,"('OFxuiqI5G44_00328',)",0,194
8,"('OFxuiqI5G44_00329',)",0,197
34,"('OFxuiqI5G44_00330',)",0,185
34,"('OFxuiqI5G44_00331',)",0,241
34,"('OFxuiqI5G44_00332',)",0,254
7,"('OFxuiqI5G44_00333',)",0,463
7,"('OFxuiqI5G44_00334',)",0,250
7,"('OFxuiqI5G44_00335',)",0,296
43,"('OFxuiqI5G44_00336',)",0,265
43,"('OFxuiqI5G44_00337',)",0,262
43,"('OFxuiqI5G44_00338',)",0,217
44,"('OFxuiqI5G44_00339',)",0,257
44,"('OFxuiqI5G44_00340',)",0,236
44,"('OFxuiqI5G44_00341',)",0,224
7,"('OFxuiqI5G44_00342',)",0,389
7,"('OFxuiqI5G44_00343',)",0,243
7,"('OFxuiqI5G44_00344',)",0,228
8,"('OFxuiqI5G44_00345',)",0,295
8,"('OFxuiqI5G44_00346',)",0,226
8,"('OFxuiqI5G44_00347',)",0,225
43,"('OFxuiqI5G44_00348',)",0,314
43,"('OFxuiqI5G44_00349',)",0,197
43,"('OFxuiqI5G44_00350',)",0,223
7,"('OFxuiqI5G44_00351',)",0,175
7,"('OFxuiqI5G44_00352',)",0,204
7,"('OFxuiqI5G44_00353',)",0,191
7,"('OFxuiqI5G44_00354',)",0,127
7,"('OFxuiqI5G44_00355',)",0,206
7,"('OFxuiqI5G44_00356',)",0,197
8,"('OFxuiqI5G44_00357',)",0,180
8,"('OFxuiqI5G44_00358',)",0,228
8,"('OFxuiqI5G44_00359',)",0,230
43,"('OFxuiqI5G44_00360',)",0,233
43,"('OFxuiqI5G44_00361',)",0,224
43,"('OFxuiqI5G44_00362',)",0,215
44,"('OFxuiqI5G44_00363',)",0,130
44,"('OFxuiqI5G44_00364',)",0,225
44,"('OFxuiqI5G44_00365',)",0,229
27,"('OFxuiqI5G44_00366',)",0,370
27,"('OFxuiqI5G44_00367',)",0,241
27,"('OFxuiqI5G44_00368',)",0,228
34,"('OFxuiqI5G44_00369',)",0,470
34,"('OFxuiqI5G44_00370',)",0,239
34,"('OFxuiqI5G44_00371',)",0,243
24,"('OFxuiqI5G44_00372',)",0,151
24,"('OFxuiqI5G44_00373',)",0,203
24,"('OFxuiqI5G44_00374',)",0,217
1,"('OFxuiqI5G44_00375',)",0,184
1,"('OFxuiqI5G44_00376',)",0,235
1,"('OFxuiqI5G44_00377',)",0,257
21,"('OFxuiqI5G44_00378',)",0,170
21,"('OFxuiqI5G44_00379',)",0,227
21,"('OFxuiqI5G44_00380',)",0,195
34,"('OFxuiqI5G44_00381',)",0,212
34,"('OFxuiqI5G44_00382',)",0,233
34,"('OFxuiqI5G44_00383',)",0,235
34,"('OFxuiqI5G44_00384',)",0,324
34,"('OFxuiqI5G44_00385',)",0,220
34,"('OFxuiqI5G44_00386',)",0,290
21,"('OFxuiqI5G44_00387',)",0,325
21,"('OFxuiqI5G44_00388',)",0,224
21,"('OFxuiqI5G44_00389',)",0,203
44,"('OFxuiqI5G44_00390',)",0,217
44,"('OFxuiqI5G44_00391',)",0,282
44,"('OFxuiqI5G44_00392',)",0,242
21,"('OFxuiqI5G44_00393',)",0,324
21,"('OFxuiqI5G44_00394',)",0,248
21,"('OFxuiqI5G44_00395',)",0,238
21,"('OFxuiqI5G44_00396',)",0,124
21,"('OFxuiqI5G44_00397',)",0,213
21,"('OFxuiqI5G44_00398',)",0,215
21,"('OFxuiqI5G44_00399',)",0,253
21,"('OFxuiqI5G44_00400',)",0,260
21,"('OFxuiqI5G44_00401',)",0,202
1,"('OFxuiqI5G44_00402',)",0,154
1,"('OFxuiqI5G44_00403',)",0,235
1,"('OFxuiqI5G44_00404',)",0,240
7,"('OFxuiqI5G44_00405',)",0,124
7,"('OFxuiqI5G44_00406',)",0,225
7,"('OFxuiqI5G44_00407',)",0,209
21,"('OFxuiqI5G44_00408',)",0,121
21,"('OFxuiqI5G44_00409',)",0,221
21,"('OFxuiqI5G44_00410',)",0,201
19,"('3qq031609lA_00000',)",0,138
15,"('3qq031609lA_00001',)",0,114
0,"('3qq031609lA_00002',)",0,123
36,"('3qq031609lA_00003',)",0,52
0,"('3qq031609lA_00004',)",0,102
29,"('3qq031609lA_00005',)",0,137
29,"('3qq031609lA_00006',)",0,114
15,"('3qq031609lA_00007',)",0,131
46,"('3qq031609lA_00008',)",0,123
29,"('3qq031609lA_00009',)",0,145
46,"('3qq031609lA_00010',)",0,132
46,"('3qq031609lA_00011',)",0,95
46,"('3qq031609lA_00012',)",0,113
46,"('3qq031609lA_00013',)",0,141
46,"('3qq031609lA_00014',)",0,89
33,"('3qq031609lA_00015',)",0,49
8,"('3qq031609lA_00016',)",0,53
24,"('3qq031609lA_00017',)",0,111
24,"('3qq031609lA_00018',)",0,103
34,"('3qq031609lA_00019',)",0,76
21,"('3qq031609lA_00020',)",0,106
24,"('3qq031609lA_00021',)",0,92
26,"('3qq031609lA_00022',)",0,159
44,"('3qq031609lA_00023',)",0,62
8,"('3qq031609lA_00024',)",0,109
34,"('3qq031609lA_00025',)",0,201
21,"('3qq031609lA_00026',)",0,235
33,"('3qq031609lA_00027',)",0,126
34,"('3qq031609lA_00028',)",0,64
33,"('3qq031609lA_00029',)",0,102
21,"('3qq031609lA_00030',)",0,65
34,"('3qq031609lA_00031',)",0,91
1,"('3qq031609lA_00032',)",0,121
8,"('3qq031609lA_00033',)",0,142
7,"('3qq031609lA_00034',)",0,104
7,"('3qq031609lA_00035',)",0,103
1,"('3qq031609lA_00036',)",0,63
21,"('3qq031609lA_00037',)",0,100
22,"('3qq031609lA_00038',)",0,132
31,"('-mmq0PT-u8k_00000',)",0,34
31,"('-mmq0PT-u8k_00001',)",0,40
31,"('-mmq0PT-u8k_00002',)",0,37
31,"('-mmq0PT-u8k_00003',)",0,231
31,"('-mmq0PT-u8k_00004',)",0,77
31,"('-mmq0PT-u8k_00005',)",0,91
31,"('-mmq0PT-u8k_00006',)",0,65
31,"('-mmq0PT-u8k_00007',)",0,40
31,"('-mmq0PT-u8k_00008',)",0,79
3,"('-mmq0PT-u8k_00009',)",0,37
3,"('-mmq0PT-u8k_00010',)",0,50
3,"('-mmq0PT-u8k_00011',)",0,96
31,"('-mmq0PT-u8k_00012',)",0,46
31,"('-mmq0PT-u8k_00013',)",0,102
31,"('-mmq0PT-u8k_00014',)",0,107
31,"('-mmq0PT-u8k_00015',)",0,113
31,"('-mmq0PT-u8k_00016',)",0,61
31,"('-mmq0PT-u8k_00017',)",0,44
31,"('-mmq0PT-u8k_00018',)",0,35
31,"('-mmq0PT-u8k_00019',)",0,41
31,"('-mmq0PT-u8k_00020',)",0,28
31,"('-mmq0PT-u8k_00021',)",0,55
31,"('-mmq0PT-u8k_00022',)",0,64
31,"('-mmq0PT-u8k_00023',)",0,41
31,"('-mmq0PT-u8k_00024',)",0,106
31,"('-mmq0PT-u8k_00025',)",0,39
31,"('-mmq0PT-u8k_00026',)",0,47
31,"('-mmq0PT-u8k_00027',)",0,104
24,"('-mmq0PT-u8k_00028',)",0,131
24,"('-mmq0PT-u8k_00029',)",0,108
24,"('-mmq0PT-u8k_00030',)",0,138
31,"('-mmq0PT-u8k_00031',)",0,46
31,"('-mmq0PT-u8k_00032',)",0,88
31,"('-mmq0PT-u8k_00033',)",0,34
31,"('-mmq0PT-u8k_00034',)",0,53
31,"('-mmq0PT-u8k_00035',)",0,89
24,"('-mmq0PT-u8k_00036',)",0,45
24,"('-mmq0PT-u8k_00037',)",0,124
24,"('-mmq0PT-u8k_00038',)",0,42
24,"('-mmq0PT-u8k_00039',)",0,53
24,"('-mmq0PT-u8k_00040',)",0,116
24,"('-mmq0PT-u8k_00041',)",0,56
24,"('-mmq0PT-u8k_00042',)",0,72
24,"('-mmq0PT-u8k_00043',)",0,77
24,"('-mmq0PT-u8k_00044',)",0,90
24,"('-mmq0PT-u8k_00045',)",0,92
24,"('-mmq0PT-u8k_00046',)",0,83
24,"('-mmq0PT-u8k_00047',)",0,153
24,"('-mmq0PT-u8k_00048',)",0,99
24,"('-mmq0PT-u8k_00049',)",0,46
24,"('-mmq0PT-u8k_00050',)",0,52
24,"('-mmq0PT-u8k_00051',)",0,93
3,"('-mmq0PT-u8k_00052',)",0,34
3,"('-mmq0PT-u8k_00053',)",0,88
3,"('-mmq0PT-u8k_00054',)",0,84
31,"('-mmq0PT-u8k_00055',)",0,83
31,"('-mmq0PT-u8k_00056',)",0,52
31,"('-mmq0PT-u8k_00057',)",0,64
31,"('-mmq0PT-u8k_00058',)",0,74
24,"('-mmq0PT-u8k_00059',)",0,78
24,"('-mmq0PT-u8k_00060',)",0,62
24,"('-mmq0PT-u8k_00061',)",0,67
24,"('-mmq0PT-u8k_00062',)",0,122
3,"('-mmq0PT-u8k_00063',)",0,171
3,"('-mmq0PT-u8k_00064',)",0,25
3,"('-mmq0PT-u8k_00065',)",0,95
3,"('-mmq0PT-u8k_00066',)",0,57
3,"('-mmq0PT-u8k_00067',)",0,69
3,"('-mmq0PT-u8k_00068',)",0,74
3,"('-mmq0PT-u8k_00069',)",0,66
3,"('-mmq0PT-u8k_00070',)",0,68
3,"('-mmq0PT-u8k_00071',)",0,108
41,"('-mmq0PT-u8k_00072',)",0,156
41,"('-mmq0PT-u8k_00073',)",0,100
41,"('-mmq0PT-u8k_00074',)",0,92
41,"('-mmq0PT-u8k_00075',)",0,50
41,"('-mmq0PT-u8k_00076',)",0,64
41,"('-mmq0PT-u8k_00077',)",0,152
3,"('-mmq0PT-u8k_00078',)",0,57
3,"('-mmq0PT-u8k_00079',)",0,105
3,"('-mmq0PT-u8k_00080',)",0,106
3,"('-mmq0PT-u8k_00081',)",0,77
3,"('-mmq0PT-u8k_00082',)",0,54
3,"('-mmq0PT-u8k_00083',)",0,47
3,"('-mmq0PT-u8k_00084',)",0,95
3,"('-mmq0PT-u8k_00085',)",0,284
3,"('-mmq0PT-u8k_00086',)",0,104
3,"('-mmq0PT-u8k_00087',)",0,83
41,"('-mmq0PT-u8k_00088',)",0,63
41,"('-mmq0PT-u8k_00089',)",0,142
3,"('-mmq0PT-u8k_00090',)",0,50
3,"('-mmq0PT-u8k_00091',)",0,59
3,"('-mmq0PT-u8k_00092',)",0,82
3,"('-mmq0PT-u8k_00093',)",0,39
3,"('-mmq0PT-u8k_00094',)",0,48
3,"('-mmq0PT-u8k_00095',)",0,92
3,"('-mmq0PT-u8k_00096',)",0,78
41,"('-mmq0PT-u8k_00097',)",0,59
41,"('-mmq0PT-u8k_00098',)",0,59
41,"('-mmq0PT-u8k_00099',)",0,105
41,"('-mmq0PT-u8k_00100',)",0,60
41,"('-mmq0PT-u8k_00101',)",0,48
41,"('-mmq0PT-u8k_00102',)",0,107
41,"('-mmq0PT-u8k_00103',)",0,84
41,"('-mmq0PT-u8k_00104',)",0,77
41,"('-mmq0PT-u8k_00105',)",0,129
38,"('-mmq0PT-u8k_00106',)",0,106
38,"('-mmq0PT-u8k_00107',)",0,59
38,"('-mmq0PT-u8k_00108',)",0,92
38,"('-mmq0PT-u8k_00109',)",0,85
24,"('-mmq0PT-u8k_00110',)",0,67
24,"('-mmq0PT-u8k_00111',)",0,86
24,"('-mmq0PT-u8k_00112',)",0,122
41,"('-mmq0PT-u8k_00113',)",0,80
41,"('-mmq0PT-u8k_00114',)",0,62
41,"('-mmq0PT-u8k_00115',)",0,48
41,"('-mmq0PT-u8k_00116',)",0,70
41,"('-mmq0PT-u8k_00117',)",0,191
41,"('-mmq0PT-u8k_00118',)",0,145
41,"('-mmq0PT-u8k_00119',)",0,75
41,"('-mmq0PT-u8k_00120',)",0,74
41,"('-mmq0PT-u8k_00121',)",0,103
24,"('-mmq0PT-u8k_00122',)",0,92
24,"('-mmq0PT-u8k_00123',)",0,96
24,"('-mmq0PT-u8k_00124',)",0,133
41,"('-mmq0PT-u8k_00125',)",0,80
41,"('-mmq0PT-u8k_00126',)",0,74
41,"('-mmq0PT-u8k_00127',)",0,93
41,"('-mmq0PT-u8k_00128',)",0,59
41,"('-mmq0PT-u8k_00129',)",0,58
41,"('-mmq0PT-u8k_00130',)",0,66
41,"('-mmq0PT-u8k_00131',)",0,101
17,"('-mmq0PT-u8k_00132',)",0,63
17,"('-mmq0PT-u8k_00133',)",0,56
17,"('-mmq0PT-u8k_00134',)",0,110
38,"('-mmq0PT-u8k_00135',)",0,38
38,"('-mmq0PT-u8k_00136',)",0,87
38,"('-mmq0PT-u8k_00137',)",0,116
17,"('-mmq0PT-u8k_00138',)",0,70
17,"('-mmq0PT-u8k_00139',)",0,67
17,"('-mmq0PT-u8k_00140',)",0,52
17,"('-mmq0PT-u8k_00141',)",0,92
31,"('-mmq0PT-u8k_00142',)",0,67
31,"('-mmq0PT-u8k_00143',)",0,32
31,"('-mmq0PT-u8k_00144',)",0,101
31,"('-mmq0PT-u8k_00145',)",0,100
31,"('-mmq0PT-u8k_00146',)",0,49
3,"('-mmq0PT-u8k_00147',)",0,283
3,"('-mmq0PT-u8k_00148',)",0,185
38,"('-mmq0PT-u8k_00149',)",0,68
38,"('-mmq0PT-u8k_00150',)",0,70
38,"('-mmq0PT-u8k_00151',)",0,103
38,"('-mmq0PT-u8k_00152',)",0,50
38,"('-mmq0PT-u8k_00153',)",0,99
38,"('-mmq0PT-u8k_00154',)",0,108
0,"('-mmq0PT-u8k_00155',)",0,48
0,"('-mmq0PT-u8k_00156',)",0,70
0,"('-mmq0PT-u8k_00157',)",0,90
15,"('LNMISxO35S0_00000',)",0,120
15,"('LNMISxO35S0_00001',)",0,141
15,"('LNMISxO35S0_00002',)",0,199
26,"('LNMISxO35S0_00003',)",0,160
26,"('LNMISxO35S0_00004',)",0,56
26,"('LNMISxO35S0_00005',)",0,136
26,"('LNMISxO35S0_00006',)",0,140
26,"('LNMISxO35S0_00007',)",0,115
26,"('LNMISxO35S0_00008',)",0,109
26,"('LNMISxO35S0_00009',)",0,132
26,"('LNMISxO35S0_00010',)",0,167
26,"('LNMISxO35S0_00011',)",0,154
26,"('LNMISxO35S0_00012',)",0,180
5,"('LNMISxO35S0_00013',)",0,221
5,"('LNMISxO35S0_00014',)",0,115
5,"('LNMISxO35S0_00015',)",0,135
26,"('LNMISxO35S0_00016',)",0,133
26,"('LNMISxO35S0_00017',)",0,95
26,"('LNMISxO35S0_00018',)",0,175
35,"('LNMISxO35S0_00019',)",0,85
35,"('LNMISxO35S0_00020',)",0,115
35,"('LNMISxO35S0_00021',)",0,158
26,"('LNMISxO35S0_00022',)",0,148
26,"('LNMISxO35S0_00023',)",0,133
26,"('LNMISxO35S0_00024',)",0,153
12,"('LNMISxO35S0_00025',)",0,123
12,"('LNMISxO35S0_00026',)",0,144
12,"('LNMISxO35S0_00027',)",0,230
35,"('LNMISxO35S0_00028',)",0,192
35,"('LNMISxO35S0_00029',)",0,151
35,"('LNMISxO35S0_00030',)",0,191
9,"('LNMISxO35S0_00031',)",0,221
9,"('LNMISxO35S0_00032',)",0,142
9,"('LNMISxO35S0_00033',)",0,185
44,"('LNMISxO35S0_00034',)",0,124
44,"('LNMISxO35S0_00035',)",0,120
44,"('LNMISxO35S0_00036',)",0,188
35,"('LNMISxO35S0_00037',)",0,81
35,"('LNMISxO35S0_00038',)",0,107
35,"('LNMISxO35S0_00039',)",0,161
35,"('LNMISxO35S0_00040',)",0,96
35,"('LNMISxO35S0_00041',)",0,123
35,"('LNMISxO35S0_00042',)",0,182
35,"('LNMISxO35S0_00043',)",0,82
35,"('LNMISxO35S0_00044',)",0,113
35,"('LNMISxO35S0_00045',)",0,207
45,"('LNMISxO35S0_00046',)",0,221
45,"('LNMISxO35S0_00047',)",0,119
45,"('LNMISxO35S0_00048',)",0,186
35,"('LNMISxO35S0_00049',)",0,71
35,"('LNMISxO35S0_00050',)",0,99
35,"('LNMISxO35S0_00051',)",0,146
35,"('LNMISxO35S0_00052',)",0,284
35,"('LNMISxO35S0_00053',)",0,90
35,"('LNMISxO35S0_00054',)",0,135
45,"('LNMISxO35S0_00055',)",0,96
45,"('LNMISxO35S0_00056',)",0,117
45,"('LNMISxO35S0_00057',)",0,159
26,"('LNMISxO35S0_00058',)",0,103
26,"('LNMISxO35S0_00059',)",0,89
26,"('LNMISxO35S0_00060',)",0,142
12,"('LNMISxO35S0_00061',)",0,224
12,"('LNMISxO35S0_00062',)",0,129
12,"('LNMISxO35S0_00063',)",0,190
35,"('LNMISxO35S0_00064',)",0,260
35,"('LNMISxO35S0_00065',)",0,111
35,"('LNMISxO35S0_00066',)",0,158
12,"('LNMISxO35S0_00067',)",0,205
12,"('LNMISxO35S0_00068',)",0,104
12,"('LNMISxO35S0_00069',)",0,215
45,"('LNMISxO35S0_00070',)",0,136
45,"('LNMISxO35S0_00071',)",0,135
45,"('LNMISxO35S0_00072',)",0,184
45,"('LNMISxO35S0_00073',)",0,58
45,"('LNMISxO35S0_00074',)",0,90
45,"('LNMISxO35S0_00075',)",0,159
13,"('LNMISxO35S0_00076',)",0,237
13,"('LNMISxO35S0_00077',)",0,110
13,"('LNMISxO35S0_00078',)",0,173
45,"('LNMISxO35S0_00079',)",0,110
45,"('LNMISxO35S0_00080',)",0,119
45,"('LNMISxO35S0_00081',)",0,183
45,"('LNMISxO35S0_00082',)",0,102
45,"('LNMISxO35S0_00083',)",0,115
45,"('LNMISxO35S0_00084',)",0,165
26,"('LNMISxO35S0_00085',)",0,143
26,"('LNMISxO35S0_00086',)",0,127
26,"('LNMISxO35S0_00087',)",0,172
12,"('LNMISxO35S0_00088',)",0,189
12,"('LNMISxO35S0_00089',)",0,121
12,"('LNMISxO35S0_00090',)",0,199
35,"('LNMISxO35S0_00091',)",0,97
35,"('LNMISxO35S0_00092',)",0,186
35,"('LNMISxO35S0_00093',)",0,87
14,"('LNMISxO35S0_00094',)",0,276
14,"('LNMISxO35S0_00095',)",0,128
14,"('LNMISxO35S0_00096',)",0,156
45,"('LNMISxO35S0_00097',)",0,158
45,"('LNMISxO35S0_00098',)",0,155
45,"('LNMISxO35S0_00099',)",0,198
26,"('LNMISxO35S0_00100',)",0,99
26,"('LNMISxO35S0_00101',)",0,98
26,"('LNMISxO35S0_00102',)",0,152
12,"('LNMISxO35S0_00103',)",0,126
12,"('LNMISxO35S0_00104',)",0,99
12,"('LNMISxO35S0_00105',)",0,169
11,"('LNMISxO35S0_00106',)",0,213
11,"('LNMISxO35S0_00107',)",0,116
11,"('LNMISxO35S0_00108',)",0,180
11,"('LNMISxO35S0_00109',)",0,68
11,"('LNMISxO35S0_00110',)",0,111
11,"('LNMISxO35S0_00111',)",0,156
11,"('LNMISxO35S0_00112',)",0,99
11,"('LNMISxO35S0_00113',)",0,128
11,"('LNMISxO35S0_00114',)",0,173
9,"('LNMISxO35S0_00115',)",0,98
9,"('LNMISxO35S0_00116',)",0,130
9,"('LNMISxO35S0_00117',)",0,177
45,"('LNMISxO35S0_00118',)",0,115
45,"('LNMISxO35S0_00119',)",0,116
45,"('LNMISxO35S0_00120',)",0,192
45,"('LNMISxO35S0_00121',)",0,68
45,"('LNMISxO35S0_00122',)",0,90
45,"('LNMISxO35S0_00123',)",0,168
12,"('LNMISxO35S0_00124',)",0,153
12,"('LNMISxO35S0_00125',)",0,200
12,"('LNMISxO35S0_00126',)",0,83
10,"('LNMISxO35S0_00127',)",0,260
10,"('LNMISxO35S0_00128',)",0,130
10,"('LNMISxO35S0_00129',)",0,209
12,"('LNMISxO35S0_00130',)",0,231
12,"('LNMISxO35S0_00131',)",0,121
12,"('LNMISxO35S0_00132',)",0,186
14,"('LNMISxO35S0_00133',)",0,160
14,"('LNMISxO35S0_00134',)",0,129
14,"('LNMISxO35S0_00135',)",0,158
28,"('LNMISxO35S0_00136',)",0,129
28,"('LNMISxO35S0_00137',)",0,148
28,"('LNMISxO35S0_00138',)",0,202
24,"('LNMISxO35S0_00139',)",0,124
24,"('LNMISxO35S0_00140',)",0,130
24,"('LNMISxO35S0_00141',)",0,152
24,"('LNMISxO35S0_00142',)",0,88
24,"('LNMISxO35S0_00143',)",0,188
24,"('LNMISxO35S0_00144',)",0,144
24,"('LNMISxO35S0_00145',)",0,192
24,"('LNMISxO35S0_00146',)",0,273
14,"('LNMISxO35S0_00147',)",0,225
14,"('LNMISxO35S0_00148',)",0,185
14,"('LNMISxO35S0_00149',)",0,229
5,"('LNMISxO35S0_00150',)",0,298
5,"('LNMISxO35S0_00151',)",0,122
5,"('LNMISxO35S0_00152',)",0,201
5,"('LNMISxO35S0_00153',)",0,178
5,"('LNMISxO35S0_00154',)",0,130
5,"('LNMISxO35S0_00155',)",0,171
6,"('LNMISxO35S0_00156',)",0,112
6,"('LNMISxO35S0_00157',)",0,141
6,"('LNMISxO35S0_00158',)",0,172
10,"('LNMISxO35S0_00159',)",0,223
10,"('LNMISxO35S0_00160',)",0,145
10,"('LNMISxO35S0_00161',)",0,176
5,"('LNMISxO35S0_00162',)",0,281
5,"('LNMISxO35S0_00163',)",0,139
5,"('LNMISxO35S0_00164',)",0,143
6,"('LNMISxO35S0_00165',)",0,93
6,"('LNMISxO35S0_00166',)",0,110
6,"('LNMISxO35S0_00167',)",0,160
6,"('LNMISxO35S0_00168',)",0,245
6,"('LNMISxO35S0_00169',)",0,129
6,"('LNMISxO35S0_00170',)",0,144
5,"('LNMISxO35S0_00171',)",0,74
5,"('LNMISxO35S0_00172',)",0,128
5,"('LNMISxO35S0_00173',)",0,176
26,"('LNMISxO35S0_00174',)",0,83
26,"('LNMISxO35S0_00175',)",0,138
26,"('LNMISxO35S0_00176',)",0,188
26,"('LNMISxO35S0_00177',)",0,117
26,"('LNMISxO35S0_00178',)",0,136
26,"('LNMISxO35S0_00179',)",0,182
26,"('LNMISxO35S0_00180',)",0,207
26,"('LNMISxO35S0_00181',)",0,141
26,"('LNMISxO35S0_00182',)",0,187
5,"('LNMISxO35S0_00183',)",0,155
5,"('LNMISxO35S0_00184',)",0,165
5,"('LNMISxO35S0_00185',)",0,205
26,"('LNMISxO35S0_00186',)",0,217
26,"('LNMISxO35S0_00187',)",0,115
26,"('LNMISxO35S0_00188',)",0,160
35,"('LNMISxO35S0_00189',)",0,93
35,"('LNMISxO35S0_00190',)",0,89
35,"('LNMISxO35S0_00191',)",0,147
26,"('LNMISxO35S0_00192',)",0,92
26,"('LNMISxO35S0_00193',)",0,117
26,"('LNMISxO35S0_00194',)",0,142
10,"('LNMISxO35S0_00195',)",0,107
45,"('LNMISxO35S0_00196',)",0,144
45,"('LNMISxO35S0_00197',)",0,161
45,"('LNMISxO35S0_00198',)",0,380
45,"('LNMISxO35S0_00199',)",0,181
13,"('LNMISxO35S0_00200',)",0,39
13,"('LNMISxO35S0_00201',)",0,103
13,"('LNMISxO35S0_00202',)",0,169
45,"('LNMISxO35S0_00203',)",0,69
45,"('LNMISxO35S0_00204',)",0,112
45,"('LNMISxO35S0_00205',)",0,172
45,"('LNMISxO35S0_00206',)",0,168
45,"('LNMISxO35S0_00207',)",0,133
45,"('LNMISxO35S0_00208',)",0,200
26,"('LNMISxO35S0_00209',)",0,153
26,"('LNMISxO35S0_00210',)",0,136
26,"('LNMISxO35S0_00211',)",0,201
12,"('LNMISxO35S0_00212',)",0,119
12,"('LNMISxO35S0_00213',)",0,107
12,"('LNMISxO35S0_00214',)",0,161
35,"('LNMISxO35S0_00215',)",0,92
35,"('LNMISxO35S0_00216',)",0,106
35,"('LNMISxO35S0_00217',)",0,196
35,"('LNMISxO35S0_00218',)",0,67
14,"('LNMISxO35S0_00219',)",0,158
14,"('LNMISxO35S0_00220',)",0,67
14,"('LNMISxO35S0_00221',)",0,74
45,"('LNMISxO35S0_00222',)",0,105
45,"('LNMISxO35S0_00223',)",0,137
45,"('LNMISxO35S0_00224',)",0,171
26,"('LNMISxO35S0_00225',)",0,83
26,"('LNMISxO35S0_00226',)",0,159
26,"('LNMISxO35S0_00227',)",0,180
12,"('LNMISxO35S0_00228',)",0,136
12,"('LNMISxO35S0_00229',)",0,106
12,"('LNMISxO35S0_00230',)",0,163
11,"('LNMISxO35S0_00231',)",0,133
11,"('LNMISxO35S0_00232',)",0,102
11,"('LNMISxO35S0_00233',)",0,182
11,"('LNMISxO35S0_00234',)",0,250
11,"('LNMISxO35S0_00235',)",0,97
11,"('LNMISxO35S0_00236',)",0,119
11,"('LNMISxO35S0_00237',)",0,109
11,"('LNMISxO35S0_00238',)",0,104
11,"('LNMISxO35S0_00239',)",0,148
9,"('LNMISxO35S0_00240',)",0,170
9,"('LNMISxO35S0_00241',)",0,143
9,"('LNMISxO35S0_00242',)",0,182
9,"('LNMISxO35S0_00243',)",0,78
45,"('LNMISxO35S0_00244',)",0,102
45,"('LNMISxO35S0_00245',)",0,32
45,"('LNMISxO35S0_00246',)",0,133
45,"('LNMISxO35S0_00247',)",0,99
45,"('LNMISxO35S0_00248',)",0,110
12,"('LNMISxO35S0_00249',)",0,190
12,"('LNMISxO35S0_00250',)",0,137
12,"('LNMISxO35S0_00251',)",0,152
35,"('LNMISxO35S0_00252',)",0,201
35,"('LNMISxO35S0_00253',)",0,118
35,"('LNMISxO35S0_00254',)",0,186
9,"('LNMISxO35S0_00255',)",0,77
9,"('LNMISxO35S0_00256',)",0,73
9,"('LNMISxO35S0_00257',)",0,107
44,"('LNMISxO35S0_00258',)",0,142
44,"('LNMISxO35S0_00259',)",0,111
44,"('LNMISxO35S0_00260',)",0,156
35,"('LNMISxO35S0_00261',)",0,59
35,"('LNMISxO35S0_00262',)",0,105
35,"('LNMISxO35S0_00263',)",0,162
35,"('LNMISxO35S0_00264',)",0,182
35,"('LNMISxO35S0_00265',)",0,113
35,"('LNMISxO35S0_00266',)",0,168
35,"('LNMISxO35S0_00267',)",0,85
35,"('LNMISxO35S0_00268',)",0,102
35,"('LNMISxO35S0_00269',)",0,170
45,"('LNMISxO35S0_00270',)",0,56
45,"('LNMISxO35S0_00271',)",0,84
45,"('LNMISxO35S0_00272',)",0,147
35,"('LNMISxO35S0_00273',)",0,125
35,"('LNMISxO35S0_00274',)",0,130
35,"('LNMISxO35S0_00275',)",0,204
35,"('LNMISxO35S0_00276',)",0,284
35,"('LNMISxO35S0_00277',)",0,59
35,"('LNMISxO35S0_00278',)",0,94
35,"('LNMISxO35S0_00279',)",0,123
45,"('LNMISxO35S0_00280',)",0,109
45,"('LNMISxO35S0_00281',)",0,114
45,"('LNMISxO35S0_00282',)",0,163
26,"('LNMISxO35S0_00283',)",0,76
26,"('LNMISxO35S0_00284',)",0,117
26,"('LNMISxO35S0_00285',)",0,166
12,"('LNMISxO35S0_00286',)",0,70
12,"('LNMISxO35S0_00287',)",0,81
12,"('LNMISxO35S0_00288',)",0,158
35,"('LNMISxO35S0_00289',)",0,115
35,"('LNMISxO35S0_00290',)",0,145
35,"('LNMISxO35S0_00291',)",0,214
12,"('LNMISxO35S0_00292',)",0,165
12,"('LNMISxO35S0_00293',)",0,87
12,"('LNMISxO35S0_00294',)",0,143
45,"('LNMISxO35S0_00295',)",0,80
45,"('LNMISxO35S0_00296',)",0,105
45,"('LNMISxO35S0_00297',)",0,165
26,"('D6zILEKIJbk_00000',)",0,200
26,"('D6zILEKIJbk_00001',)",0,171
26,"('D6zILEKIJbk_00002',)",0,114
26,"('D6zILEKIJbk_00003',)",0,88
26,"('D6zILEKIJbk_00004',)",0,180
26,"('D6zILEKIJbk_00005',)",0,101
26,"('D6zILEKIJbk_00006',)",0,92
26,"('D6zILEKIJbk_00007',)",0,145
26,"('D6zILEKIJbk_00008',)",0,115
26,"('D6zILEKIJbk_00009',)",0,139
26,"('D6zILEKIJbk_00010',)",0,173
26,"('D6zILEKIJbk_00011',)",0,144
26,"('D6zILEKIJbk_00012',)",0,129
26,"('D6zILEKIJbk_00013',)",0,174
26,"('D6zILEKIJbk_00014',)",0,118
26,"('D6zILEKIJbk_00015',)",0,94
26,"('D6zILEKIJbk_00016',)",0,165
26,"('D6zILEKIJbk_00017',)",0,114
26,"('D6zILEKIJbk_00018',)",0,114
26,"('D6zILEKIJbk_00019',)",0,171
26,"('D6zILEKIJbk_00020',)",0,164
26,"('D6zILEKIJbk_00021',)",0,111
26,"('D6zILEKIJbk_00022',)",0,177
26,"('D6zILEKIJbk_00023',)",0,302
26,"('D6zILEKIJbk_00024',)",0,104
26,"('D6zILEKIJbk_00025',)",0,168
26,"('D6zILEKIJbk_00026',)",0,158
26,"('D6zILEKIJbk_00027',)",0,125
26,"('D6zILEKIJbk_00028',)",0,177
26,"('D6zILEKIJbk_00029',)",0,130
33,"('D6zILEKIJbk_00030',)",0,54
33,"('D6zILEKIJbk_00031',)",0,191
33,"('D6zILEKIJbk_00032',)",0,157
26,"('D6zILEKIJbk_00033',)",0,126
26,"('D6zILEKIJbk_00034',)",0,219
26,"('D6zILEKIJbk_00035',)",0,253
26,"('D6zILEKIJbk_00036',)",0,127
26,"('D6zILEKIJbk_00037',)",0,204
26,"('D6zILEKIJbk_00038',)",0,113
44,"('D6zILEKIJbk_00039',)",0,107
44,"('D6zILEKIJbk_00040',)",0,155
44,"('D6zILEKIJbk_00041',)",0,143
33,"('D6zILEKIJbk_00042',)",0,120
33,"('D6zILEKIJbk_00043',)",0,212
33,"('D6zILEKIJbk_00044',)",0,111
26,"('D6zILEKIJbk_00045',)",0,85
26,"('D6zILEKIJbk_00046',)",0,191
26,"('D6zILEKIJbk_00047',)",0,114
35,"('D6zILEKIJbk_00048',)",0,113
35,"('D6zILEKIJbk_00049',)",0,188
35,"('D6zILEKIJbk_00050',)",0,134
12,"('D6zILEKIJbk_00051',)",0,140
12,"('D6zILEKIJbk_00052',)",0,128
12,"('D6zILEKIJbk_00053',)",0,90
9,"('D6zILEKIJbk_00054',)",0,99
9,"('D6zILEKIJbk_00055',)",0,147
9,"('D6zILEKIJbk_00056',)",0,100
35,"('D6zILEKIJbk_00057',)",0,245
35,"('D6zILEKIJbk_00058',)",0,181
35,"('D6zILEKIJbk_00059',)",0,175
9,"('D6zILEKIJbk_00060',)",0,79
9,"('D6zILEKIJbk_00061',)",0,169
9,"('D6zILEKIJbk_00062',)",0,161
12,"('D6zILEKIJbk_00063',)",0,193
12,"('D6zILEKIJbk_00064',)",0,139
12,"('D6zILEKIJbk_00065',)",0,91
7,"('D6zILEKIJbk_00066',)",0,111
7,"('D6zILEKIJbk_00067',)",0,199
7,"('D6zILEKIJbk_00068',)",0,127
35,"('D6zILEKIJbk_00069',)",0,107
35,"('D6zILEKIJbk_00070',)",0,213
35,"('D6zILEKIJbk_00071',)",0,210
12,"('D6zILEKIJbk_00072',)",0,144
12,"('D6zILEKIJbk_00073',)",0,185
12,"('D6zILEKIJbk_00074',)",0,142
43,"('D6zILEKIJbk_00075',)",0,124
43,"('D6zILEKIJbk_00076',)",0,196
43,"('D6zILEKIJbk_00077',)",0,133
26,"('D6zILEKIJbk_00078',)",0,90
26,"('D6zILEKIJbk_00079',)",0,215
26,"('D6zILEKIJbk_00080',)",0,164
12,"('D6zILEKIJbk_00081',)",0,103
12,"('D6zILEKIJbk_00082',)",0,193
12,"('D6zILEKIJbk_00083',)",0,116
35,"('D6zILEKIJbk_00084',)",0,73
35,"('D6zILEKIJbk_00085',)",0,194
35,"('D6zILEKIJbk_00086',)",0,165
35,"('D6zILEKIJbk_00087',)",0,227
9,"('D6zILEKIJbk_00088',)",0,162
9,"('D6zILEKIJbk_00089',)",0,130
9,"('D6zILEKIJbk_00090',)",0,157
35,"('D6zILEKIJbk_00091',)",0,192
35,"('D6zILEKIJbk_00092',)",0,190
35,"('D6zILEKIJbk_00093',)",0,144
5,"('D6zILEKIJbk_00094',)",0,83
5,"('D6zILEKIJbk_00095',)",0,178
5,"('D6zILEKIJbk_00096',)",0,119
7,"('D6zILEKIJbk_00097',)",0,62
7,"('D6zILEKIJbk_00098',)",0,152
7,"('D6zILEKIJbk_00099',)",0,103
35,"('D6zILEKIJbk_00100',)",0,119
35,"('D6zILEKIJbk_00101',)",0,169
35,"('D6zILEKIJbk_00102',)",0,148
14,"('D6zILEKIJbk_00103',)",0,84
14,"('D6zILEKIJbk_00104',)",0,172
14,"('D6zILEKIJbk_00105',)",0,106
35,"('D6zILEKIJbk_00106',)",0,73
35,"('D6zILEKIJbk_00107',)",0,191
35,"('D6zILEKIJbk_00108',)",0,99
33,"('D6zILEKIJbk_00109',)",0,79
33,"('D6zILEKIJbk_00110',)",0,185
33,"('D6zILEKIJbk_00111',)",0,114
12,"('D6zILEKIJbk_00112',)",0,63
12,"('D6zILEKIJbk_00113',)",0,186
12,"('D6zILEKIJbk_00114',)",0,146
35,"('D6zILEKIJbk_00115',)",0,141
35,"('D6zILEKIJbk_00116',)",0,218
35,"('D6zILEKIJbk_00117',)",0,220
35,"('D6zILEKIJbk_00118',)",0,163
5,"('D6zILEKIJbk_00119',)",0,184
5,"('D6zILEKIJbk_00120',)",0,83
5,"('D6zILEKIJbk_00121',)",0,202
7,"('D6zILEKIJbk_00122',)",0,148
7,"('D6zILEKIJbk_00123',)",0,245
7,"('D6zILEKIJbk_00124',)",0,248
35,"('D6zILEKIJbk_00125',)",0,79
35,"('D6zILEKIJbk_00126',)",0,201
35,"('D6zILEKIJbk_00127',)",0,119
35,"('D6zILEKIJbk_00128',)",0,104
35,"('D6zILEKIJbk_00129',)",0,179
35,"('D6zILEKIJbk_00130',)",0,178
35,"('D6zILEKIJbk_00131',)",0,62
12,"('D6zILEKIJbk_00132',)",0,138
12,"('D6zILEKIJbk_00133',)",0,96
12,"('D6zILEKIJbk_00134',)",0,79
26,"('D6zILEKIJbk_00135',)",0,72
26,"('D6zILEKIJbk_00136',)",0,158
26,"('D6zILEKIJbk_00137',)",0,251
9,"('D6zILEKIJbk_00138',)",0,84
9,"('D6zILEKIJbk_00139',)",0,176
9,"('D6zILEKIJbk_00140',)",0,139
12,"('D6zILEKIJbk_00141',)",0,107
12,"('D6zILEKIJbk_00142',)",0,177
12,"('D6zILEKIJbk_00143',)",0,196
9,"('D6zILEKIJbk_00144',)",0,50
9,"('D6zILEKIJbk_00145',)",0,147
9,"('D6zILEKIJbk_00146',)",0,149
9,"('D6zILEKIJbk_00147',)",0,39
9,"('D6zILEKIJbk_00148',)",0,73
9,"('D6zILEKIJbk_00149',)",0,133
9,"('D6zILEKIJbk_00150',)",0,119
9,"('D6zILEKIJbk_00151',)",0,128
9,"('D6zILEKIJbk_00152',)",0,93
9,"('D6zILEKIJbk_00153',)",0,185
9,"('D6zILEKIJbk_00154',)",0,195
9,"('D6zILEKIJbk_00155',)",0,154
12,"('D6zILEKIJbk_00156',)",0,48
12,"('D6zILEKIJbk_00157',)",0,123
12,"('D6zILEKIJbk_00158',)",0,94
14,"('D6zILEKIJbk_00159',)",0,104
14,"('D6zILEKIJbk_00160',)",0,209
14,"('D6zILEKIJbk_00161',)",0,139
5,"('D6zILEKIJbk_00162',)",0,178
5,"('D6zILEKIJbk_00163',)",0,165
5,"('D6zILEKIJbk_00164',)",0,234
7,"('D6zILEKIJbk_00165',)",0,101
7,"('D6zILEKIJbk_00166',)",0,215
7,"('D6zILEKIJbk_00167',)",0,140
35,"('D6zILEKIJbk_00168',)",0,53
35,"('D6zILEKIJbk_00169',)",0,109
35,"('D6zILEKIJbk_00170',)",0,251
35,"('D6zILEKIJbk_00171',)",0,68
35,"('D6zILEKIJbk_00172',)",0,164
35,"('D6zILEKIJbk_00173',)",0,121
14,"('D6zILEKIJbk_00174',)",0,60
14,"('D6zILEKIJbk_00175',)",0,150
14,"('D6zILEKIJbk_00176',)",0,108
14,"('D6zILEKIJbk_00177',)",0,61
14,"('D6zILEKIJbk_00178',)",0,150
14,"('D6zILEKIJbk_00179',)",0,98
14,"('D6zILEKIJbk_00180',)",0,78
12,"('D6zILEKIJbk_00181',)",0,182
12,"('D6zILEKIJbk_00182',)",0,101
12,"('D6zILEKIJbk_00183',)",0,99
43,"('D6zILEKIJbk_00184',)",0,143
43,"('D6zILEKIJbk_00185',)",0,187
43,"('D6zILEKIJbk_00186',)",0,115
35,"('D6zILEKIJbk_00187',)",0,118
35,"('D6zILEKIJbk_00188',)",0,212
35,"('D6zILEKIJbk_00189',)",0,249
12,"('D6zILEKIJbk_00190',)",0,74
12,"('D6zILEKIJbk_00191',)",0,160
12,"('D6zILEKIJbk_00192',)",0,94
35,"('D6zILEKIJbk_00193',)",0,73
35,"('D6zILEKIJbk_00194',)",0,178
35,"('D6zILEKIJbk_00195',)",0,212
12,"('D6zILEKIJbk_00196',)",0,72
12,"('D6zILEKIJbk_00197',)",0,160
12,"('D6zILEKIJbk_00198',)",0,101
7,"('D6zILEKIJbk_00199',)",0,68
7,"('D6zILEKIJbk_00200',)",0,149
35,"('D6zILEKIJbk_00201',)",0,146
35,"('D6zILEKIJbk_00202',)",0,89
35,"('D6zILEKIJbk_00203',)",0,230
12,"('D6zILEKIJbk_00204',)",0,133
12,"('D6zILEKIJbk_00205',)",0,91
12,"('D6zILEKIJbk_00206',)",0,322
5,"('D6zILEKIJbk_00207',)",0,62
5,"('D6zILEKIJbk_00208',)",0,156
5,"('D6zILEKIJbk_00209',)",0,168
5,"('D6zILEKIJbk_00210',)",0,96
5,"('D6zILEKIJbk_00211',)",0,202
5,"('D6zILEKIJbk_00212',)",0,130
7,"('D6zILEKIJbk_00213',)",0,167
7,"('D6zILEKIJbk_00214',)",0,158
7,"('D6zILEKIJbk_00215',)",0,175
7,"('D6zILEKIJbk_00216',)",0,67
5,"('D6zILEKIJbk_00217',)",0,171
5,"('D6zILEKIJbk_00218',)",0,133
5,"('D6zILEKIJbk_00219',)",0,93
5,"('D6zILEKIJbk_00220',)",0,197
5,"('D6zILEKIJbk_00221',)",0,105
5,"('D6zILEKIJbk_00222',)",0,196
5,"('D6zILEKIJbk_00223',)",0,103
5,"('D6zILEKIJbk_00224',)",0,167
5,"('D6zILEKIJbk_00225',)",0,108
5,"('D6zILEKIJbk_00226',)",0,86
44,"('D6zILEKIJbk_00227',)",0,200
44,"('D6zILEKIJbk_00228',)",0,227
44,"('D6zILEKIJbk_00229',)",0,82
5,"('D6zILEKIJbk_00230',)",0,190
5,"('D6zILEKIJbk_00231',)",0,125
5,"('D6zILEKIJbk_00232',)",0,51
5,"('D6zILEKIJbk_00233',)",0,94
5,"('D6zILEKIJbk_00234',)",0,209
5,"('D6zILEKIJbk_00235',)",0,209
5,"('D6zILEKIJbk_00236',)",0,65
5,"('D6zILEKIJbk_00237',)",0,135
5,"('D6zILEKIJbk_00238',)",0,177
5,"('D6zILEKIJbk_00239',)",0,89
5,"('D6zILEKIJbk_00240',)",0,153
5,"('D6zILEKIJbk_00241',)",0,120
5,"('D6zILEKIJbk_00242',)",0,86
5,"('D6zILEKIJbk_00243',)",0,190
5,"('D6zILEKIJbk_00244',)",0,127
5,"('D6zILEKIJbk_00245',)",0,154
5,"('D6zILEKIJbk_00246',)",0,145
5,"('D6zILEKIJbk_00247',)",0,219
5,"('D6zILEKIJbk_00248',)",0,77
5,"('D6zILEKIJbk_00249',)",0,191
5,"('D6zILEKIJbk_00250',)",0,266
5,"('D6zILEKIJbk_00251',)",0,100
5,"('D6zILEKIJbk_00252',)",0,215
5,"('D6zILEKIJbk_00253',)",0,158
26,"('D6zILEKIJbk_00254',)",0,75
26,"('D6zILEKIJbk_00255',)",0,191
26,"('D6zILEKIJbk_00256',)",0,181
5,"('D6zILEKIJbk_00257',)",0,82
5,"('D6zILEKIJbk_00258',)",0,167
5,"('D6zILEKIJbk_00259',)",0,221
5,"('D6zILEKIJbk_00260',)",0,127
5,"('D6zILEKIJbk_00261',)",0,188
5,"('D6zILEKIJbk_00262',)",0,140
15,"('9jZYYtzYqwE_00000',)",0,90
15,"('9jZYYtzYqwE_00001',)",0,149
15,"('9jZYYtzYqwE_00002',)",0,152
15,"('9jZYYtzYqwE_00003',)",0,132
19,"('9jZYYtzYqwE_00004',)",0,80
19,"('9jZYYtzYqwE_00005',)",0,113
46,"('9jZYYtzYqwE_00006',)",0,85
46,"('9jZYYtzYqwE_00007',)",0,124
36,"('9jZYYtzYqwE_00008',)",0,185
36,"('9jZYYtzYqwE_00009',)",0,138
15,"('9jZYYtzYqwE_00010',)",0,79
15,"('9jZYYtzYqwE_00011',)",0,183
15,"('9jZYYtzYqwE_00012',)",0,191
15,"('9jZYYtzYqwE_00013',)",0,172
15,"('9jZYYtzYqwE_00014',)",0,90
15,"('9jZYYtzYqwE_00015',)",0,132
15,"('9jZYYtzYqwE_00016',)",0,77
15,"('9jZYYtzYqwE_00017',)",0,153
29,"('9jZYYtzYqwE_00018',)",0,64
29,"('9jZYYtzYqwE_00019',)",0,116
46,"('9jZYYtzYqwE_00020',)",0,118
46,"('9jZYYtzYqwE_00021',)",0,175
46,"('9jZYYtzYqwE_00022',)",0,160
46,"('9jZYYtzYqwE_00023',)",0,251
36,"('9jZYYtzYqwE_00024',)",0,109
36,"('9jZYYtzYqwE_00025',)",0,166
15,"('9jZYYtzYqwE_00026',)",0,83
15,"('9jZYYtzYqwE_00027',)",0,115
15,"('9jZYYtzYqwE_00028',)",0,107
15,"('9jZYYtzYqwE_00029',)",0,32
15,"('9jZYYtzYqwE_00030',)",0,117
46,"('9jZYYtzYqwE_00031',)",0,142
46,"('9jZYYtzYqwE_00032',)",0,267
19,"('9jZYYtzYqwE_00033',)",0,179
19,"('9jZYYtzYqwE_00034',)",0,211
46,"('9jZYYtzYqwE_00035',)",0,140
46,"('9jZYYtzYqwE_00036',)",0,143
0,"('9jZYYtzYqwE_00037',)",0,92
0,"('9jZYYtzYqwE_00038',)",0,122
31,"('9jZYYtzYqwE_00039',)",0,133
31,"('9jZYYtzYqwE_00040',)",0,178
7,"('9jZYYtzYqwE_00041',)",0,121
7,"('9jZYYtzYqwE_00042',)",0,188
26,"('9jZYYtzYqwE_00043',)",0,133
26,"('9jZYYtzYqwE_00044',)",0,163
24,"('9jZYYtzYqwE_00045',)",0,138
24,"('9jZYYtzYqwE_00046',)",0,130
21,"('9jZYYtzYqwE_00047',)",0,89
21,"('9jZYYtzYqwE_00048',)",0,128
0,"('9jZYYtzYqwE_00049',)",0,98
0,"('9jZYYtzYqwE_00050',)",0,237
24,"('9jZYYtzYqwE_00051',)",0,166
24,"('9jZYYtzYqwE_00052',)",0,302
33,"('9jZYYtzYqwE_00053',)",0,74
33,"('9jZYYtzYqwE_00054',)",0,120
34,"('9jZYYtzYqwE_00055',)",0,133
34,"('9jZYYtzYqwE_00056',)",0,158
8,"('9jZYYtzYqwE_00057',)",0,154
8,"('9jZYYtzYqwE_00058',)",0,186
24,"('9jZYYtzYqwE_00059',)",0,79
24,"('9jZYYtzYqwE_00060',)",0,135
26,"('9jZYYtzYqwE_00061',)",0,99
26,"('9jZYYtzYqwE_00062',)",0,220
7,"('9jZYYtzYqwE_00063',)",0,165
7,"('9jZYYtzYqwE_00064',)",0,97
27,"('9jZYYtzYqwE_00065',)",0,99
27,"('9jZYYtzYqwE_00066',)",0,132
26,"('9jZYYtzYqwE_00067',)",0,92
26,"('9jZYYtzYqwE_00068',)",0,134
31,"('9jZYYtzYqwE_00069',)",0,74
31,"('9jZYYtzYqwE_00070',)",0,106
34,"('9jZYYtzYqwE_00071',)",0,62
34,"('9jZYYtzYqwE_00072',)",0,101
21,"('9jZYYtzYqwE_00073',)",0,99
21,"('9jZYYtzYqwE_00074',)",0,106
21,"('9jZYYtzYqwE_00075',)",0,133
21,"('9jZYYtzYqwE_00076',)",0,225
44,"('9jZYYtzYqwE_00077',)",0,127
44,"('9jZYYtzYqwE_00078',)",0,175
33,"('9jZYYtzYqwE_00079',)",0,69
33,"('9jZYYtzYqwE_00080',)",0,143
43,"('9jZYYtzYqwE_00081',)",0,124
43,"('9jZYYtzYqwE_00082',)",0,155
21,"('9jZYYtzYqwE_00083',)",0,102
21,"('9jZYYtzYqwE_00084',)",0,116
7,"('9jZYYtzYqwE_00085',)",0,89
7,"('9jZYYtzYqwE_00086',)",0,110
25,"('9jZYYtzYqwE_00087',)",0,103
25,"('9jZYYtzYqwE_00088',)",0,196
1,"('9jZYYtzYqwE_00089',)",0,146
1,"('9jZYYtzYqwE_00090',)",0,188
43,"('9jZYYtzYqwE_00091',)",0,223
43,"('9jZYYtzYqwE_00092',)",0,209
27,"('9jZYYtzYqwE_00093',)",0,130
27,"('9jZYYtzYqwE_00094',)",0,211
34,"('9jZYYtzYqwE_00095',)",0,200
34,"('9jZYYtzYqwE_00096',)",0,136
0,"('9jZYYtzYqwE_00097',)",0,64
0,"('9jZYYtzYqwE_00098',)",0,121
21,"('9jZYYtzYqwE_00099',)",0,143
21,"('9jZYYtzYqwE_00100',)",0,138
21,"('9jZYYtzYqwE_00101',)",0,115
21,"('9jZYYtzYqwE_00102',)",0,87
34,"('9jZYYtzYqwE_00103',)",0,112
34,"('9jZYYtzYqwE_00104',)",0,120
43,"('9jZYYtzYqwE_00105',)",0,165
43,"('9jZYYtzYqwE_00106',)",0,183
46,"('uDESPUxbjnI_00000',)",0,51
46,"('uDESPUxbjnI_00001',)",0,100
46,"('uDESPUxbjnI_00002',)",0,143
46,"('uDESPUxbjnI_00003',)",0,142
46,"('uDESPUxbjnI_00004',)",0,93
46,"('uDESPUxbjnI_00005',)",0,115
36,"('uDESPUxbjnI_00006',)",0,89
36,"('uDESPUxbjnI_00007',)",0,89
36,"('uDESPUxbjnI_00008',)",0,132
19,"('uDESPUxbjnI_00009',)",0,193
19,"('uDESPUxbjnI_00010',)",0,88
19,"('uDESPUxbjnI_00011',)",0,141
19,"('uDESPUxbjnI_00012',)",0,82
19,"('uDESPUxbjnI_00013',)",0,89
19,"('uDESPUxbjnI_00014',)",0,170
46,"('uDESPUxbjnI_00015',)",0,57
46,"('uDESPUxbjnI_00016',)",0,186
46,"('uDESPUxbjnI_00017',)",0,142
46,"('uDESPUxbjnI_00018',)",0,89
46,"('uDESPUxbjnI_00019',)",0,96
46,"('uDESPUxbjnI_00020',)",0,149
46,"('uDESPUxbjnI_00021',)",0,53
46,"('uDESPUxbjnI_00022',)",0,95
46,"('uDESPUxbjnI_00023',)",0,166
29,"('uDESPUxbjnI_00024',)",0,90
29,"('uDESPUxbjnI_00025',)",0,154
29,"('uDESPUxbjnI_00026',)",0,114
29,"('uDESPUxbjnI_00027',)",0,66
29,"('uDESPUxbjnI_00028',)",0,98
29,"('uDESPUxbjnI_00029',)",0,155
29,"('uDESPUxbjnI_00030',)",0,120
29,"('uDESPUxbjnI_00031',)",0,108
29,"('uDESPUxbjnI_00032',)",0,154
29,"('uDESPUxbjnI_00033',)",0,100
29,"('uDESPUxbjnI_00034',)",0,111
29,"('uDESPUxbjnI_00035',)",0,163
29,"('uDESPUxbjnI_00036',)",0,105
29,"('uDESPUxbjnI_00037',)",0,90
46,"('uDESPUxbjnI_00038',)",0,163
46,"('uDESPUxbjnI_00039',)",0,71
46,"('uDESPUxbjnI_00040',)",0,113
34,"('uDESPUxbjnI_00041',)",0,153
34,"('uDESPUxbjnI_00042',)",0,121
34,"('uDESPUxbjnI_00043',)",0,171
33,"('uDESPUxbjnI_00044',)",0,84
33,"('uDESPUxbjnI_00045',)",0,136
33,"('uDESPUxbjnI_00046',)",0,171
33,"('uDESPUxbjnI_00047',)",0,101
33,"('uDESPUxbjnI_00048',)",0,101
33,"('uDESPUxbjnI_00049',)",0,113
33,"('uDESPUxbjnI_00050',)",0,149
33,"('uDESPUxbjnI_00051',)",0,111
33,"('uDESPUxbjnI_00052',)",0,174
33,"('uDESPUxbjnI_00053',)",0,114
33,"('uDESPUxbjnI_00054',)",0,100
24,"('uDESPUxbjnI_00055',)",0,121
24,"('uDESPUxbjnI_00056',)",0,132
24,"('uDESPUxbjnI_00057',)",0,180
24,"('uDESPUxbjnI_00058',)",0,68
24,"('uDESPUxbjnI_00059',)",0,92
24,"('uDESPUxbjnI_00060',)",0,150
24,"('uDESPUxbjnI_00061',)",0,97
24,"('uDESPUxbjnI_00062',)",0,91
24,"('uDESPUxbjnI_00063',)",0,133
7,"('uDESPUxbjnI_00064',)",0,73
7,"('uDESPUxbjnI_00065',)",0,90
7,"('uDESPUxbjnI_00066',)",0,150
34,"('uDESPUxbjnI_00067',)",0,89
34,"('uDESPUxbjnI_00068',)",0,122
34,"('uDESPUxbjnI_00069',)",0,158
34,"('uDESPUxbjnI_00070',)",0,100
21,"('uDESPUxbjnI_00071',)",0,94
21,"('uDESPUxbjnI_00072',)",0,142
21,"('uDESPUxbjnI_00073',)",0,106
44,"('uDESPUxbjnI_00074',)",0,120
44,"('uDESPUxbjnI_00075',)",0,129
44,"('uDESPUxbjnI_00076',)",0,118
7,"('uDESPUxbjnI_00077',)",0,116
7,"('uDESPUxbjnI_00078',)",0,85
7,"('uDESPUxbjnI_00079',)",0,150
7,"('uDESPUxbjnI_00080',)",0,43
7,"('uDESPUxbjnI_00081',)",0,81
33,"('uDESPUxbjnI_00082',)",0,121
33,"('uDESPUxbjnI_00083',)",0,33
33,"('uDESPUxbjnI_00084',)",0,77
34,"('uDESPUxbjnI_00085',)",0,90
34,"('uDESPUxbjnI_00086',)",0,94
34,"('uDESPUxbjnI_00087',)",0,136
24,"('uDESPUxbjnI_00088',)",0,81
24,"('uDESPUxbjnI_00089',)",0,133
24,"('uDESPUxbjnI_00090',)",0,97
7,"('uDESPUxbjnI_00091',)",0,92
7,"('uDESPUxbjnI_00092',)",0,137
7,"('uDESPUxbjnI_00093',)",0,170
1,"('uDESPUxbjnI_00094',)",0,179
1,"('uDESPUxbjnI_00095',)",0,157
1,"('uDESPUxbjnI_00096',)",0,75
1,"('uDESPUxbjnI_00097',)",0,222
1,"('uDESPUxbjnI_00098',)",0,131
1,"('uDESPUxbjnI_00099',)",0,171
21,"('uDESPUxbjnI_00100',)",0,175
21,"('uDESPUxbjnI_00101',)",0,108
21,"('uDESPUxbjnI_00102',)",0,188
21,"('uDESPUxbjnI_00103',)",0,120
21,"('uDESPUxbjnI_00104',)",0,91
21,"('uDESPUxbjnI_00105',)",0,135
21,"('uDESPUxbjnI_00106',)",0,90
21,"('uDESPUxbjnI_00107',)",0,102
21,"('uDESPUxbjnI_00108',)",0,112
21,"('uDESPUxbjnI_00109',)",0,69
21,"('uDESPUxbjnI_00110',)",0,113
21,"('uDESPUxbjnI_00111',)",0,144
7,"('uDESPUxbjnI_00112',)",0,79
7,"('uDESPUxbjnI_00113',)",0,97
7,"('uDESPUxbjnI_00114',)",0,160
21,"('uDESPUxbjnI_00115',)",0,173
21,"('uDESPUxbjnI_00116',)",0,98
21,"('uDESPUxbjnI_00117',)",0,119
0,"('uDESPUxbjnI_00118',)",0,61
0,"('uDESPUxbjnI_00119',)",0,95
0,"('uDESPUxbjnI_00120',)",0,102
46,"('uDESPUxbjnI_00121',)",0,161
46,"('uDESPUxbjnI_00122',)",0,118
46,"('uDESPUxbjnI_00123',)",0,154
46,"('uDESPUxbjnI_00124',)",0,279
46,"('uDESPUxbjnI_00125',)",0,94
46,"('uDESPUxbjnI_00126',)",0,118
36,"('uDESPUxbjnI_00127',)",0,50
36,"('uDESPUxbjnI_00128',)",0,69
36,"('uDESPUxbjnI_00129',)",0,143
36,"('uDESPUxbjnI_00130',)",0,204
36,"('uDESPUxbjnI_00131',)",0,78
36,"('uDESPUxbjnI_00132',)",0,62
36,"('uDESPUxbjnI_00133',)",0,126
36,"('uDESPUxbjnI_00134',)",0,63
36,"('uDESPUxbjnI_00135',)",0,109
46,"('uDESPUxbjnI_00136',)",0,180
46,"('uDESPUxbjnI_00137',)",0,68
46,"('uDESPUxbjnI_00138',)",0,209
46,"('uDESPUxbjnI_00139',)",0,136
46,"('uDESPUxbjnI_00140',)",0,122
46,"('uDESPUxbjnI_00141',)",0,133
46,"('uDESPUxbjnI_00142',)",0,209
46,"('uDESPUxbjnI_00143',)",0,139
46,"('uDESPUxbjnI_00144',)",0,210
29,"('uDESPUxbjnI_00145',)",0,87
29,"('uDESPUxbjnI_00146',)",0,151
29,"('uDESPUxbjnI_00147',)",0,93
29,"('uDESPUxbjnI_00148',)",0,131
29,"('uDESPUxbjnI_00149',)",0,94
29,"('uDESPUxbjnI_00150',)",0,158
29,"('uDESPUxbjnI_00151',)",0,189
29,"('uDESPUxbjnI_00152',)",0,144
29,"('uDESPUxbjnI_00153',)",0,209
29,"('uDESPUxbjnI_00154',)",0,152
29,"('uDESPUxbjnI_00155',)",0,148
29,"('uDESPUxbjnI_00156',)",0,204
29,"('uDESPUxbjnI_00157',)",0,181
29,"('uDESPUxbjnI_00158',)",0,120
46,"('uDESPUxbjnI_00159',)",0,204
46,"('uDESPUxbjnI_00160',)",0,128
46,"('uDESPUxbjnI_00161',)",0,135
34,"('uDESPUxbjnI_00162',)",0,159
34,"('uDESPUxbjnI_00163',)",0,122
34,"('uDESPUxbjnI_00164',)",0,176
33,"('uDESPUxbjnI_00165',)",0,59
33,"('uDESPUxbjnI_00166',)",0,101
33,"('uDESPUxbjnI_00167',)",0,131
34,"('uDESPUxbjnI_00168',)",0,92
34,"('uDESPUxbjnI_00169',)",0,114
34,"('uDESPUxbjnI_00170',)",0,135
21,"('uDESPUxbjnI_00171',)",0,51
21,"('uDESPUxbjnI_00172',)",0,81
21,"('uDESPUxbjnI_00173',)",0,138
44,"('uDESPUxbjnI_00174',)",0,163
44,"('uDESPUxbjnI_00175',)",0,132
44,"('uDESPUxbjnI_00176',)",0,181
7,"('uDESPUxbjnI_00177',)",0,75
7,"('uDESPUxbjnI_00178',)",0,99
7,"('uDESPUxbjnI_00179',)",0,133
7,"('uDESPUxbjnI_00180',)",0,161
7,"('uDESPUxbjnI_00181',)",0,129
7,"('uDESPUxbjnI_00182',)",0,142
33,"('uDESPUxbjnI_00183',)",0,208
33,"('uDESPUxbjnI_00184',)",0,167
33,"('uDESPUxbjnI_00185',)",0,180
24,"('uDESPUxbjnI_00186',)",0,54
24,"('uDESPUxbjnI_00187',)",0,89
24,"('uDESPUxbjnI_00188',)",0,150
24,"('uDESPUxbjnI_00189',)",0,126
24,"('uDESPUxbjnI_00190',)",0,105
24,"('uDESPUxbjnI_00191',)",0,152
24,"('uDESPUxbjnI_00192',)",0,97
24,"('uDESPUxbjnI_00193',)",0,98
24,"('uDESPUxbjnI_00194',)",0,142
26,"('3PLiUG_DuC8_00000',)",0,44
26,"('3PLiUG_DuC8_00001',)",0,154
26,"('3PLiUG_DuC8_00002',)",0,86
26,"('3PLiUG_DuC8_00003',)",0,160
26,"('3PLiUG_DuC8_00004',)",0,51
26,"('3PLiUG_DuC8_00005',)",0,173
26,"('3PLiUG_DuC8_00006',)",0,98
33,"('3PLiUG_DuC8_00007',)",0,139
33,"('3PLiUG_DuC8_00008',)",0,152
33,"('3PLiUG_DuC8_00009',)",0,79
33,"('3PLiUG_DuC8_00010',)",0,55
33,"('3PLiUG_DuC8_00011',)",0,30
33,"('3PLiUG_DuC8_00012',)",0,137
33,"('3PLiUG_DuC8_00013',)",0,75
33,"('3PLiUG_DuC8_00014',)",0,82
33,"('3PLiUG_DuC8_00015',)",0,168
33,"('3PLiUG_DuC8_00016',)",0,119
29,"('3PLiUG_DuC8_00017',)",0,52
29,"('3PLiUG_DuC8_00018',)",0,122
29,"('3PLiUG_DuC8_00019',)",0,95
33,"('3PLiUG_DuC8_00020',)",0,71
33,"('3PLiUG_DuC8_00021',)",0,151
33,"('3PLiUG_DuC8_00022',)",0,80
22,"('3PLiUG_DuC8_00023',)",0,92
22,"('3PLiUG_DuC8_00024',)",0,164
22,"('3PLiUG_DuC8_00025',)",0,150
7,"('3PLiUG_DuC8_00026',)",0,61
7,"('3PLiUG_DuC8_00027',)",0,168
7,"('3PLiUG_DuC8_00028',)",0,88
7,"('3PLiUG_DuC8_00029',)",0,66
7,"('3PLiUG_DuC8_00030',)",0,200
7,"('3PLiUG_DuC8_00031',)",0,77
7,"('3PLiUG_DuC8_00032',)",0,77
7,"('3PLiUG_DuC8_00033',)",0,184
7,"('3PLiUG_DuC8_00034',)",0,105
22,"('3PLiUG_DuC8_00035',)",0,94
22,"('3PLiUG_DuC8_00036',)",0,201
22,"('3PLiUG_DuC8_00037',)",0,130
7,"('3PLiUG_DuC8_00038',)",0,58
7,"('3PLiUG_DuC8_00039',)",0,172
7,"('3PLiUG_DuC8_00040',)",0,118
22,"('3PLiUG_DuC8_00041',)",0,90
22,"('3PLiUG_DuC8_00042',)",0,173
22,"('3PLiUG_DuC8_00043',)",0,110
7,"('3PLiUG_DuC8_00044',)",0,51
7,"('3PLiUG_DuC8_00045',)",0,127
7,"('3PLiUG_DuC8_00046',)",0,60
21,"('3PLiUG_DuC8_00047',)",0,198
21,"('3PLiUG_DuC8_00048',)",0,72
21,"('3PLiUG_DuC8_00049',)",0,205
21,"('3PLiUG_DuC8_00050',)",0,199
21,"('3PLiUG_DuC8_00051',)",0,80
26,"('3PLiUG_DuC8_00052',)",0,151
26,"('3PLiUG_DuC8_00053',)",0,214
26,"('3PLiUG_DuC8_00054',)",0,183
26,"('3PLiUG_DuC8_00055',)",0,47
26,"('3PLiUG_DuC8_00056',)",0,144
26,"('3PLiUG_DuC8_00057',)",0,77
7,"('3PLiUG_DuC8_00058',)",0,108
7,"('3PLiUG_DuC8_00059',)",0,165
7,"('3PLiUG_DuC8_00060',)",0,97
23,"('3PLiUG_DuC8_00061',)",0,56
23,"('3PLiUG_DuC8_00062',)",0,160
23,"('3PLiUG_DuC8_00063',)",0,109
26,"('3PLiUG_DuC8_00064',)",0,125
26,"('3PLiUG_DuC8_00065',)",0,193
26,"('3PLiUG_DuC8_00066',)",0,130
45,"('3PLiUG_DuC8_00067',)",0,73
45,"('3PLiUG_DuC8_00068',)",0,211
45,"('3PLiUG_DuC8_00069',)",0,112
5,"('3PLiUG_DuC8_00070',)",0,112
5,"('3PLiUG_DuC8_00071',)",0,104
5,"('3PLiUG_DuC8_00072',)",0,201
5,"('3PLiUG_DuC8_00073',)",0,125
7,"('3PLiUG_DuC8_00074',)",0,85
7,"('3PLiUG_DuC8_00075',)",0,186
7,"('3PLiUG_DuC8_00076',)",0,103
43,"('3PLiUG_DuC8_00077',)",0,67
43,"('3PLiUG_DuC8_00078',)",0,127
43,"('3PLiUG_DuC8_00079',)",0,116
43,"('3PLiUG_DuC8_00080',)",0,35
23,"('3PLiUG_DuC8_00081',)",0,242
23,"('3PLiUG_DuC8_00082',)",0,200
23,"('3PLiUG_DuC8_00083',)",0,138
45,"('3PLiUG_DuC8_00084',)",0,128
45,"('3PLiUG_DuC8_00085',)",0,192
45,"('3PLiUG_DuC8_00086',)",0,108
7,"('3PLiUG_DuC8_00087',)",0,83
7,"('3PLiUG_DuC8_00088',)",0,175
7,"('3PLiUG_DuC8_00089',)",0,196
7,"('3PLiUG_DuC8_00090',)",0,107
21,"('3PLiUG_DuC8_00091',)",0,115
21,"('3PLiUG_DuC8_00092',)",0,220
21,"('3PLiUG_DuC8_00093',)",0,117
7,"('3PLiUG_DuC8_00094',)",0,88
7,"('3PLiUG_DuC8_00095',)",0,142
7,"('3PLiUG_DuC8_00096',)",0,89
43,"('3PLiUG_DuC8_00097',)",0,135
43,"('3PLiUG_DuC8_00098',)",0,178
43,"('3PLiUG_DuC8_00099',)",0,146
45,"('3PLiUG_DuC8_00100',)",0,64
45,"('3PLiUG_DuC8_00101',)",0,161
45,"('3PLiUG_DuC8_00102',)",0,101
22,"('3PLiUG_DuC8_00103',)",0,109
22,"('3PLiUG_DuC8_00104',)",0,194
22,"('3PLiUG_DuC8_00105',)",0,123
35,"('3PLiUG_DuC8_00106',)",0,114
35,"('3PLiUG_DuC8_00107',)",0,165
35,"('3PLiUG_DuC8_00108',)",0,85
45,"('3PLiUG_DuC8_00109',)",0,75
45,"('3PLiUG_DuC8_00110',)",0,208
45,"('3PLiUG_DuC8_00111',)",0,80
45,"('3PLiUG_DuC8_00112',)",0,130
45,"('3PLiUG_DuC8_00113',)",0,271
45,"('3PLiUG_DuC8_00114',)",0,137
40,"('3PLiUG_DuC8_00115',)",0,66
40,"('3PLiUG_DuC8_00116',)",0,196
40,"('3PLiUG_DuC8_00117',)",0,96
7,"('3PLiUG_DuC8_00118',)",0,87
7,"('3PLiUG_DuC8_00119',)",0,226
7,"('3PLiUG_DuC8_00120',)",0,91
5,"('3PLiUG_DuC8_00121',)",0,59
5,"('3PLiUG_DuC8_00122',)",0,146
5,"('3PLiUG_DuC8_00123',)",0,83
43,"('3PLiUG_DuC8_00124',)",0,54
43,"('3PLiUG_DuC8_00125',)",0,121
43,"('3PLiUG_DuC8_00126',)",0,87
22,"('3PLiUG_DuC8_00127',)",0,176
22,"('3PLiUG_DuC8_00128',)",0,214
22,"('3PLiUG_DuC8_00129',)",0,122
43,"('3PLiUG_DuC8_00130',)",0,134
43,"('3PLiUG_DuC8_00131',)",0,199
43,"('3PLiUG_DuC8_00132',)",0,100
26,"('3PLiUG_DuC8_00133',)",0,130
26,"('3PLiUG_DuC8_00134',)",0,220
26,"('3PLiUG_DuC8_00135',)",0,96
12,"('3PLiUG_DuC8_00136',)",0,50
12,"('3PLiUG_DuC8_00137',)",0,128
12,"('3PLiUG_DuC8_00138',)",0,64
35,"('3PLiUG_DuC8_00139',)",0,46
35,"('3PLiUG_DuC8_00140',)",0,173
35,"('3PLiUG_DuC8_00141',)",0,79
22,"('3PLiUG_DuC8_00142',)",0,88
22,"('3PLiUG_DuC8_00143',)",0,203
22,"('3PLiUG_DuC8_00144',)",0,92
35,"('3PLiUG_DuC8_00145',)",0,59
35,"('3PLiUG_DuC8_00146',)",0,184
35,"('3PLiUG_DuC8_00147',)",0,67
35,"('3PLiUG_DuC8_00148',)",0,38
35,"('3PLiUG_DuC8_00149',)",0,156
35,"('3PLiUG_DuC8_00150',)",0,255
33,"('3PLiUG_DuC8_00151',)",0,51
33,"('3PLiUG_DuC8_00152',)",0,134
33,"('3PLiUG_DuC8_00153',)",0,82
22,"('3PLiUG_DuC8_00154',)",0,73
22,"('3PLiUG_DuC8_00155',)",0,186
22,"('3PLiUG_DuC8_00156',)",0,90
26,"('3PLiUG_DuC8_00157',)",0,87
26,"('3PLiUG_DuC8_00158',)",0,77
26,"('3PLiUG_DuC8_00159',)",0,156
26,"('3PLiUG_DuC8_00160',)",0,92
26,"('3PLiUG_DuC8_00161',)",0,83
7,"('3PLiUG_DuC8_00162',)",0,64
7,"('3PLiUG_DuC8_00163',)",0,193
7,"('3PLiUG_DuC8_00164',)",0,100
21,"('3PLiUG_DuC8_00165',)",0,125
21,"('3PLiUG_DuC8_00166',)",0,177
21,"('3PLiUG_DuC8_00167',)",0,100
40,"('3PLiUG_DuC8_00168',)",0,112
40,"('3PLiUG_DuC8_00169',)",0,186
40,"('3PLiUG_DuC8_00170',)",0,93
27,"('3PLiUG_DuC8_00171',)",0,58
27,"('3PLiUG_DuC8_00172',)",0,86
27,"('3PLiUG_DuC8_00173',)",0,96
45,"('3PLiUG_DuC8_00174',)",0,111
45,"('3PLiUG_DuC8_00175',)",0,179
45,"('3PLiUG_DuC8_00176',)",0,84
26,"('3PLiUG_DuC8_00177',)",0,68
26,"('3PLiUG_DuC8_00178',)",0,176
26,"('3PLiUG_DuC8_00179',)",0,98
22,"('3PLiUG_DuC8_00180',)",0,53
22,"('3PLiUG_DuC8_00181',)",0,75
22,"('3PLiUG_DuC8_00182',)",0,152
22,"('3PLiUG_DuC8_00183',)",0,101
22,"('3PLiUG_DuC8_00184',)",0,133
28,"('3PLiUG_DuC8_00185',)",0,78
28,"('3PLiUG_DuC8_00186',)",0,187
28,"('3PLiUG_DuC8_00187',)",0,84
22,"('3PLiUG_DuC8_00188',)",0,65
22,"('3PLiUG_DuC8_00189',)",0,142
35,"('3PLiUG_DuC8_00190',)",0,57
35,"('3PLiUG_DuC8_00191',)",0,180
35,"('3PLiUG_DuC8_00192',)",0,100
26,"('3PLiUG_DuC8_00193',)",0,50
26,"('3PLiUG_DuC8_00194',)",0,153
26,"('3PLiUG_DuC8_00195',)",0,89
22,"('3PLiUG_DuC8_00196',)",0,125
22,"('3PLiUG_DuC8_00197',)",0,190
22,"('3PLiUG_DuC8_00198',)",0,106
43,"('3PLiUG_DuC8_00199',)",0,81
43,"('3PLiUG_DuC8_00200',)",0,178
43,"('3PLiUG_DuC8_00201',)",0,101
22,"('3PLiUG_DuC8_00202',)",0,102
22,"('3PLiUG_DuC8_00203',)",0,192
22,"('3PLiUG_DuC8_00204',)",0,74
21,"('3PLiUG_DuC8_00205',)",0,146
21,"('3PLiUG_DuC8_00206',)",0,184
21,"('3PLiUG_DuC8_00207',)",0,103
28,"('3PLiUG_DuC8_00208',)",0,114
28,"('3PLiUG_DuC8_00209',)",0,197
28,"('3PLiUG_DuC8_00210',)",0,117
42,"('3PLiUG_DuC8_00211',)",0,75
42,"('3PLiUG_DuC8_00212',)",0,174
42,"('3PLiUG_DuC8_00213',)",0,94
28,"('3PLiUG_DuC8_00214',)",0,86
28,"('3PLiUG_DuC8_00215',)",0,172
28,"('3PLiUG_DuC8_00216',)",0,72
28,"('3PLiUG_DuC8_00217',)",0,92
28,"('3PLiUG_DuC8_00218',)",0,162
28,"('3PLiUG_DuC8_00219',)",0,99
23,"('3PLiUG_DuC8_00220',)",0,131
23,"('3PLiUG_DuC8_00221',)",0,167
23,"('3PLiUG_DuC8_00222',)",0,125
23,"('3PLiUG_DuC8_00223',)",0,140
45,"('3PLiUG_DuC8_00224',)",0,110
45,"('3PLiUG_DuC8_00225',)",0,232
45,"('3PLiUG_DuC8_00226',)",0,118
5,"('3PLiUG_DuC8_00227',)",0,63
5,"('3PLiUG_DuC8_00228',)",0,201
5,"('3PLiUG_DuC8_00229',)",0,111
7,"('3PLiUG_DuC8_00230',)",0,148
7,"('3PLiUG_DuC8_00231',)",0,231
7,"('3PLiUG_DuC8_00232',)",0,94
43,"('3PLiUG_DuC8_00233',)",0,89
43,"('3PLiUG_DuC8_00234',)",0,195
43,"('3PLiUG_DuC8_00235',)",0,114
23,"('3PLiUG_DuC8_00236',)",0,124
23,"('3PLiUG_DuC8_00237',)",0,217
23,"('3PLiUG_DuC8_00238',)",0,145
45,"('3PLiUG_DuC8_00239',)",0,107
45,"('3PLiUG_DuC8_00240',)",0,182
45,"('3PLiUG_DuC8_00241',)",0,107
7,"('3PLiUG_DuC8_00242',)",0,245
7,"('3PLiUG_DuC8_00243',)",0,185
7,"('3PLiUG_DuC8_00244',)",0,108
21,"('3PLiUG_DuC8_00245',)",0,124
21,"('3PLiUG_DuC8_00246',)",0,238
21,"('3PLiUG_DuC8_00247',)",0,125
7,"('3PLiUG_DuC8_00248',)",0,62
7,"('3PLiUG_DuC8_00249',)",0,172
7,"('3PLiUG_DuC8_00250',)",0,107
43,"('3PLiUG_DuC8_00251',)",0,140
43,"('3PLiUG_DuC8_00252',)",0,30
43,"('3PLiUG_DuC8_00253',)",0,151
7,"('3PLiUG_DuC8_00254',)",0,80
7,"('3PLiUG_DuC8_00255',)",0,184
7,"('3PLiUG_DuC8_00256',)",0,90
22,"('3PLiUG_DuC8_00257',)",0,112
22,"('3PLiUG_DuC8_00258',)",0,183
22,"('3PLiUG_DuC8_00259',)",0,91
7,"('3PLiUG_DuC8_00260',)",0,69
7,"('3PLiUG_DuC8_00261',)",0,183
7,"('3PLiUG_DuC8_00262',)",0,128
22,"('3PLiUG_DuC8_00263',)",0,112
22,"('3PLiUG_DuC8_00264',)",0,181
22,"('3PLiUG_DuC8_00265',)",0,129
7,"('3PLiUG_DuC8_00266',)",0,85
7,"('3PLiUG_DuC8_00267',)",0,198
7,"('3PLiUG_DuC8_00268',)",0,101
21,"('3PLiUG_DuC8_00269',)",0,75
21,"('3PLiUG_DuC8_00270',)",0,58
21,"('3PLiUG_DuC8_00271',)",0,144
21,"('3PLiUG_DuC8_00272',)",0,87
26,"('3PLiUG_DuC8_00273',)",0,112
26,"('3PLiUG_DuC8_00274',)",0,160
26,"('3PLiUG_DuC8_00275',)",0,150
26,"('3PLiUG_DuC8_00276',)",0,109
26,"('3PLiUG_DuC8_00277',)",0,182
26,"('3PLiUG_DuC8_00278',)",0,52
26,"('3PLiUG_DuC8_00279',)",0,106
7,"('3PLiUG_DuC8_00280',)",0,89
7,"('3PLiUG_DuC8_00281',)",0,182
7,"('3PLiUG_DuC8_00282',)",0,109
23,"('3PLiUG_DuC8_00283',)",0,80
23,"('3PLiUG_DuC8_00284',)",0,219
23,"('3PLiUG_DuC8_00285',)",0,142
26,"('3PLiUG_DuC8_00286',)",0,100
26,"('3PLiUG_DuC8_00287',)",0,57
43,"('3PLiUG_DuC8_00288',)",0,154
43,"('3PLiUG_DuC8_00289',)",0,193
43,"('3PLiUG_DuC8_00290',)",0,98
26,"('3PLiUG_DuC8_00291',)",0,126
26,"('3PLiUG_DuC8_00292',)",0,209
26,"('3PLiUG_DuC8_00293',)",0,109
12,"('3PLiUG_DuC8_00294',)",0,82
12,"('3PLiUG_DuC8_00295',)",0,150
12,"('3PLiUG_DuC8_00296',)",0,88
35,"('3PLiUG_DuC8_00297',)",0,91
35,"('3PLiUG_DuC8_00298',)",0,235
35,"('3PLiUG_DuC8_00299',)",0,130
22,"('3PLiUG_DuC8_00300',)",0,77
22,"('3PLiUG_DuC8_00301',)",0,202
22,"('3PLiUG_DuC8_00302',)",0,118
35,"('3PLiUG_DuC8_00303',)",0,53
35,"('3PLiUG_DuC8_00304',)",0,173
35,"('3PLiUG_DuC8_00305',)",0,76
35,"('3PLiUG_DuC8_00306',)",0,158
35,"('3PLiUG_DuC8_00307',)",0,174
33,"('3PLiUG_DuC8_00308',)",0,71
33,"('3PLiUG_DuC8_00309',)",0,127
33,"('3PLiUG_DuC8_00310',)",0,89
43,"('3PLiUG_DuC8_00311',)",0,92
43,"('3PLiUG_DuC8_00312',)",0,178
43,"('3PLiUG_DuC8_00313',)",0,94
22,"('3PLiUG_DuC8_00314',)",0,45
26,"('3PLiUG_DuC8_00315',)",0,51
26,"('3PLiUG_DuC8_00316',)",0,164
26,"('3PLiUG_DuC8_00317',)",0,91
26,"('3PLiUG_DuC8_00318',)",0,140
26,"('3PLiUG_DuC8_00319',)",0,108
26,"('3PLiUG_DuC8_00320',)",0,58
26,"('3PLiUG_DuC8_00321',)",0,184
26,"('3PLiUG_DuC8_00322',)",0,109
33,"('3PLiUG_DuC8_00323',)",0,75
33,"('3PLiUG_DuC8_00324',)",0,157
33,"('3PLiUG_DuC8_00325',)",0,94
33,"('3PLiUG_DuC8_00326',)",0,171
33,"('3PLiUG_DuC8_00327',)",0,165
33,"('3PLiUG_DuC8_00328',)",0,99
33,"('3PLiUG_DuC8_00329',)",0,177
33,"('3PLiUG_DuC8_00330',)",0,115
33,"('3PLiUG_DuC8_00331',)",0,76
33,"('3PLiUG_DuC8_00332',)",0,90
33,"('3PLiUG_DuC8_00333',)",0,161
33,"('3PLiUG_DuC8_00334',)",0,112
33,"('3PLiUG_DuC8_00335',)",0,114
33,"('3PLiUG_DuC8_00336',)",0,164
33,"('3PLiUG_DuC8_00337',)",0,96
22,"('3PLiUG_DuC8_00338',)",0,98
22,"('3PLiUG_DuC8_00339',)",0,171
22,"('3PLiUG_DuC8_00340',)",0,117
7,"('3PLiUG_DuC8_00341',)",0,59
7,"('3PLiUG_DuC8_00342',)",0,174
7,"('3PLiUG_DuC8_00343',)",0,99
7,"('3PLiUG_DuC8_00344',)",0,47
7,"('3PLiUG_DuC8_00345',)",0,176
7,"('3PLiUG_DuC8_00346',)",0,67
7,"('3PLiUG_DuC8_00347',)",0,81
7,"('3PLiUG_DuC8_00348',)",0,83
45,"('3PLiUG_DuC8_00349',)",0,85
45,"('3PLiUG_DuC8_00350',)",0,181
45,"('3PLiUG_DuC8_00351',)",0,118
22,"('3PLiUG_DuC8_00352',)",0,60
22,"('3PLiUG_DuC8_00353',)",0,143
22,"('3PLiUG_DuC8_00354',)",0,78
35,"('3PLiUG_DuC8_00355',)",0,75
35,"('3PLiUG_DuC8_00356',)",0,175
35,"('3PLiUG_DuC8_00357',)",0,100
45,"('3PLiUG_DuC8_00358',)",0,138
45,"('3PLiUG_DuC8_00359',)",0,246
45,"('3PLiUG_DuC8_00360',)",0,103
45,"('3PLiUG_DuC8_00361',)",0,137
45,"('3PLiUG_DuC8_00362',)",0,255
45,"('3PLiUG_DuC8_00363',)",0,127
40,"('3PLiUG_DuC8_00364',)",0,103
40,"('3PLiUG_DuC8_00365',)",0,204
40,"('3PLiUG_DuC8_00366',)",0,112
7,"('3PLiUG_DuC8_00367',)",0,69
7,"('3PLiUG_DuC8_00368',)",0,223
7,"('3PLiUG_DuC8_00369',)",0,83
5,"('3PLiUG_DuC8_00370',)",0,95
5,"('3PLiUG_DuC8_00371',)",0,181
5,"('3PLiUG_DuC8_00372',)",0,97
43,"('3PLiUG_DuC8_00373',)",0,134
43,"('3PLiUG_DuC8_00374',)",0,222
43,"('3PLiUG_DuC8_00375',)",0,89
15,"('zbAC7t15q3k_00000',)",0,99
15,"('zbAC7t15q3k_00001',)",0,223
15,"('zbAC7t15q3k_00002',)",0,145
29,"('zbAC7t15q3k_00003',)",0,38
29,"('zbAC7t15q3k_00004',)",0,129
29,"('zbAC7t15q3k_00005',)",0,82
19,"('zbAC7t15q3k_00006',)",0,68
19,"('zbAC7t15q3k_00007',)",0,189
19,"('zbAC7t15q3k_00008',)",0,110
19,"('zbAC7t15q3k_00009',)",0,185
36,"('zbAC7t15q3k_00010',)",0,101
36,"('zbAC7t15q3k_00011',)",0,170
36,"('zbAC7t15q3k_00012',)",0,83
36,"('zbAC7t15q3k_00013',)",0,224
36,"('zbAC7t15q3k_00014',)",0,189
36,"('zbAC7t15q3k_00015',)",0,109
19,"('zbAC7t15q3k_00016',)",0,49
19,"('zbAC7t15q3k_00017',)",0,146
19,"('zbAC7t15q3k_00018',)",0,63
36,"('zbAC7t15q3k_00019',)",0,55
36,"('zbAC7t15q3k_00020',)",0,145
36,"('zbAC7t15q3k_00021',)",0,91
36,"('zbAC7t15q3k_00022',)",0,268
15,"('zbAC7t15q3k_00023',)",0,124
15,"('zbAC7t15q3k_00024',)",0,188
15,"('zbAC7t15q3k_00025',)",0,133
19,"('zbAC7t15q3k_00026',)",0,137
19,"('zbAC7t15q3k_00027',)",0,193
19,"('zbAC7t15q3k_00028',)",0,150
36,"('zbAC7t15q3k_00029',)",0,64
36,"('zbAC7t15q3k_00030',)",0,119
36,"('zbAC7t15q3k_00031',)",0,69
36,"('zbAC7t15q3k_00032',)",0,57
36,"('zbAC7t15q3k_00033',)",0,159
36,"('zbAC7t15q3k_00034',)",0,86
15,"('zbAC7t15q3k_00035',)",0,46
15,"('zbAC7t15q3k_00036',)",0,144
15,"('zbAC7t15q3k_00037',)",0,73
15,"('zbAC7t15q3k_00038',)",0,70
15,"('zbAC7t15q3k_00039',)",0,29
15,"('zbAC7t15q3k_00040',)",0,168
15,"('zbAC7t15q3k_00041',)",0,177
16,"('zbAC7t15q3k_00042',)",0,56
16,"('zbAC7t15q3k_00043',)",0,74
16,"('zbAC7t15q3k_00044',)",0,140
46,"('zbAC7t15q3k_00045',)",0,59
46,"('zbAC7t15q3k_00046',)",0,176
46,"('zbAC7t15q3k_00047',)",0,92
46,"('zbAC7t15q3k_00048',)",0,74
46,"('zbAC7t15q3k_00049',)",0,161
46,"('zbAC7t15q3k_00050',)",0,56
46,"('zbAC7t15q3k_00051',)",0,276
35,"('zbAC7t15q3k_00052',)",0,75
35,"('zbAC7t15q3k_00053',)",0,220
35,"('zbAC7t15q3k_00054',)",0,111
5,"('zbAC7t15q3k_00055',)",0,112
5,"('zbAC7t15q3k_00056',)",0,162
5,"('zbAC7t15q3k_00057',)",0,118
5,"('zbAC7t15q3k_00058',)",0,50
5,"('zbAC7t15q3k_00059',)",0,146
5,"('zbAC7t15q3k_00060',)",0,107
35,"('zbAC7t15q3k_00061',)",0,63
35,"('zbAC7t15q3k_00062',)",0,140
35,"('zbAC7t15q3k_00063',)",0,73
28,"('zbAC7t15q3k_00064',)",0,83
28,"('zbAC7t15q3k_00065',)",0,157
28,"('zbAC7t15q3k_00066',)",0,100
5,"('zbAC7t15q3k_00067',)",0,78
5,"('zbAC7t15q3k_00068',)",0,158
5,"('zbAC7t15q3k_00069',)",0,124
12,"('zbAC7t15q3k_00070',)",0,110
12,"('zbAC7t15q3k_00071',)",0,215
12,"('zbAC7t15q3k_00072',)",0,133
6,"('zbAC7t15q3k_00073',)",0,78
6,"('zbAC7t15q3k_00074',)",0,181
6,"('zbAC7t15q3k_00075',)",0,133
45,"('zbAC7t15q3k_00076',)",0,67
45,"('zbAC7t15q3k_00077',)",0,168
45,"('zbAC7t15q3k_00078',)",0,97
45,"('zbAC7t15q3k_00079',)",0,202
45,"('zbAC7t15q3k_00080',)",0,72
45,"('zbAC7t15q3k_00081',)",0,176
45,"('zbAC7t15q3k_00082',)",0,131
11,"('zbAC7t15q3k_00083',)",0,67
11,"('zbAC7t15q3k_00084',)",0,202
11,"('zbAC7t15q3k_00085',)",0,117
28,"('zbAC7t15q3k_00086',)",0,29
28,"('zbAC7t15q3k_00087',)",0,43
28,"('zbAC7t15q3k_00088',)",0,139
28,"('zbAC7t15q3k_00089',)",0,92
35,"('zbAC7t15q3k_00090',)",0,90
35,"('zbAC7t15q3k_00091',)",0,169
35,"('zbAC7t15q3k_00092',)",0,108
45,"('zbAC7t15q3k_00093',)",0,102
45,"('zbAC7t15q3k_00094',)",0,44
45,"('zbAC7t15q3k_00095',)",0,140
45,"('zbAC7t15q3k_00096',)",0,82
26,"('zbAC7t15q3k_00097',)",0,60
26,"('zbAC7t15q3k_00098',)",0,161
26,"('zbAC7t15q3k_00099',)",0,107
26,"('zbAC7t15q3k_00100',)",0,62
6,"('zbAC7t15q3k_00101',)",0,55
6,"('zbAC7t15q3k_00102',)",0,130
6,"('zbAC7t15q3k_00103',)",0,84
6,"('zbAC7t15q3k_00104',)",0,66
11,"('zbAC7t15q3k_00105',)",0,64
11,"('zbAC7t15q3k_00106',)",0,35
11,"('zbAC7t15q3k_00107',)",0,150
45,"('zbAC7t15q3k_00108',)",0,93
45,"('zbAC7t15q3k_00109',)",0,87
45,"('zbAC7t15q3k_00110',)",0,210
45,"('zbAC7t15q3k_00111',)",0,181
45,"('zbAC7t15q3k_00112',)",0,83
45,"('zbAC7t15q3k_00113',)",0,186
45,"('zbAC7t15q3k_00114',)",0,115
45,"('zbAC7t15q3k_00115',)",0,171
45,"('zbAC7t15q3k_00116',)",0,74
45,"('zbAC7t15q3k_00117',)",0,174
45,"('zbAC7t15q3k_00118',)",0,127
45,"('zbAC7t15q3k_00119',)",0,48
45,"('zbAC7t15q3k_00120',)",0,146
45,"('zbAC7t15q3k_00121',)",0,60
28,"('zbAC7t15q3k_00122',)",0,67
28,"('zbAC7t15q3k_00123',)",0,178
28,"('zbAC7t15q3k_00124',)",0,118
35,"('zbAC7t15q3k_00125',)",0,82
35,"('zbAC7t15q3k_00126',)",0,139
35,"('zbAC7t15q3k_00127',)",0,186
35,"('zbAC7t15q3k_00128',)",0,106
28,"('zbAC7t15q3k_00129',)",0,45
28,"('zbAC7t15q3k_00130',)",0,131
28,"('zbAC7t15q3k_00131',)",0,103
6,"('zbAC7t15q3k_00132',)",0,94
6,"('zbAC7t15q3k_00133',)",0,117
6,"('zbAC7t15q3k_00134',)",0,182
6,"('zbAC7t15q3k_00135',)",0,142
6,"('zbAC7t15q3k_00136',)",0,57
6,"('zbAC7t15q3k_00137',)",0,161
6,"('zbAC7t15q3k_00138',)",0,95
6,"('zbAC7t15q3k_00139',)",0,87
6,"('zbAC7t15q3k_00140',)",0,83
6,"('zbAC7t15q3k_00141',)",0,183
6,"('zbAC7t15q3k_00142',)",0,98
23,"('zbAC7t15q3k_00143',)",0,238
23,"('zbAC7t15q3k_00144',)",0,80
23,"('zbAC7t15q3k_00145',)",0,183
6,"('zbAC7t15q3k_00146',)",0,85
6,"('zbAC7t15q3k_00147',)",0,41
6,"('zbAC7t15q3k_00148',)",0,133
6,"('zbAC7t15q3k_00149',)",0,99
6,"('zbAC7t15q3k_00150',)",0,74
6,"('zbAC7t15q3k_00151',)",0,180
6,"('zbAC7t15q3k_00152',)",0,143
36,"('ddV_Cpszpls_00000',)",0,64
36,"('ddV_Cpszpls_00001',)",0,158
36,"('ddV_Cpszpls_00002',)",0,73
36,"('ddV_Cpszpls_00003',)",0,82
36,"('ddV_Cpszpls_00004',)",0,193
36,"('ddV_Cpszpls_00005',)",0,93
15,"('ddV_Cpszpls_00006',)",0,93
15,"('ddV_Cpszpls_00007',)",0,189
15,"('ddV_Cpszpls_00008',)",0,68
15,"('ddV_Cpszpls_00009',)",0,96
15,"('ddV_Cpszpls_00010',)",0,198
15,"('ddV_Cpszpls_00011',)",0,134
15,"('ddV_Cpszpls_00012',)",0,68
15,"('ddV_Cpszpls_00013',)",0,171
15,"('ddV_Cpszpls_00014',)",0,106
15,"('ddV_Cpszpls_00015',)",0,93
15,"('ddV_Cpszpls_00016',)",0,413
15,"('ddV_Cpszpls_00017',)",0,199
15,"('ddV_Cpszpls_00018',)",0,85
15,"('ddV_Cpszpls_00019',)",0,134
15,"('ddV_Cpszpls_00020',)",0,212
15,"('ddV_Cpszpls_00021',)",0,102
46,"('ddV_Cpszpls_00022',)",0,104
46,"('ddV_Cpszpls_00023',)",0,179
46,"('ddV_Cpszpls_00024',)",0,95
46,"('ddV_Cpszpls_00025',)",0,66
46,"('ddV_Cpszpls_00026',)",0,182
46,"('ddV_Cpszpls_00027',)",0,72
46,"('ddV_Cpszpls_00028',)",0,85
46,"('ddV_Cpszpls_00029',)",0,178
46,"('ddV_Cpszpls_00030',)",0,72
46,"('ddV_Cpszpls_00031',)",0,287
46,"('ddV_Cpszpls_00032',)",0,242
46,"('ddV_Cpszpls_00033',)",0,109
46,"('ddV_Cpszpls_00034',)",0,136
46,"('ddV_Cpszpls_00035',)",0,180
46,"('ddV_Cpszpls_00036',)",0,100
46,"('ddV_Cpszpls_00037',)",0,105
46,"('ddV_Cpszpls_00038',)",0,188
46,"('ddV_Cpszpls_00039',)",0,115
46,"('ddV_Cpszpls_00040',)",0,102
46,"('ddV_Cpszpls_00041',)",0,197
46,"('ddV_Cpszpls_00042',)",0,96
26,"('ddV_Cpszpls_00043',)",0,114
26,"('ddV_Cpszpls_00044',)",0,224
26,"('ddV_Cpszpls_00045',)",0,129
33,"('ddV_Cpszpls_00046',)",0,91
33,"('ddV_Cpszpls_00047',)",0,196
33,"('ddV_Cpszpls_00048',)",0,114
26,"('ddV_Cpszpls_00049',)",0,53
26,"('ddV_Cpszpls_00050',)",0,182
26,"('ddV_Cpszpls_00051',)",0,91
33,"('ddV_Cpszpls_00052',)",0,68
33,"('ddV_Cpszpls_00053',)",0,169
33,"('ddV_Cpszpls_00054',)",0,108
21,"('ddV_Cpszpls_00055',)",0,111
21,"('ddV_Cpszpls_00056',)",0,178
21,"('ddV_Cpszpls_00057',)",0,93
26,"('ddV_Cpszpls_00058',)",0,128
26,"('ddV_Cpszpls_00059',)",0,246
26,"('ddV_Cpszpls_00060',)",0,226
35,"('ddV_Cpszpls_00061',)",0,87
35,"('ddV_Cpszpls_00062',)",0,193
35,"('ddV_Cpszpls_00063',)",0,140
35,"('ddV_Cpszpls_00064',)",0,60
33,"('ddV_Cpszpls_00065',)",0,34
33,"('ddV_Cpszpls_00066',)",0,162
33,"('ddV_Cpszpls_00067',)",0,86
28,"('ddV_Cpszpls_00068',)",0,60
28,"('ddV_Cpszpls_00069',)",0,155
28,"('ddV_Cpszpls_00070',)",0,110
26,"('ddV_Cpszpls_00071',)",0,104
26,"('ddV_Cpszpls_00072',)",0,199
26,"('ddV_Cpszpls_00073',)",0,120
22,"('ddV_Cpszpls_00074',)",0,89
22,"('ddV_Cpszpls_00075',)",0,187
22,"('ddV_Cpszpls_00076',)",0,113
26,"('ddV_Cpszpls_00077',)",0,76
26,"('ddV_Cpszpls_00078',)",0,176
26,"('ddV_Cpszpls_00079',)",0,100
26,"('ddV_Cpszpls_00080',)",0,80
26,"('ddV_Cpszpls_00081',)",0,181
26,"('ddV_Cpszpls_00082',)",0,177
21,"('ddV_Cpszpls_00083',)",0,122
21,"('ddV_Cpszpls_00084',)",0,178
21,"('ddV_Cpszpls_00085',)",0,126
22,"('ddV_Cpszpls_00086',)",0,48
22,"('ddV_Cpszpls_00087',)",0,153
22,"('ddV_Cpszpls_00088',)",0,115
35,"('ddV_Cpszpls_00089',)",0,76
35,"('ddV_Cpszpls_00090',)",0,186
35,"('ddV_Cpszpls_00091',)",0,122
35,"('ddV_Cpszpls_00092',)",0,100
35,"('ddV_Cpszpls_00093',)",0,151
35,"('ddV_Cpszpls_00094',)",0,145
15,"('ddV_Cpszpls_00095',)",0,48
15,"('ddV_Cpszpls_00096',)",0,150
15,"('ddV_Cpszpls_00097',)",0,97
7,"('ddV_Cpszpls_00098',)",0,82
7,"('ddV_Cpszpls_00099',)",0,189
7,"('ddV_Cpszpls_00100',)",0,94
21,"('ddV_Cpszpls_00101',)",0,48
21,"('ddV_Cpszpls_00102',)",0,151
21,"('ddV_Cpszpls_00103',)",0,144
43,"('ddV_Cpszpls_00104',)",0,161
43,"('ddV_Cpszpls_00105',)",0,204
43,"('ddV_Cpszpls_00106',)",0,186
43,"('ddV_Cpszpls_00107',)",0,80
22,"('ddV_Cpszpls_00108',)",0,39
22,"('ddV_Cpszpls_00109',)",0,159
22,"('ddV_Cpszpls_00110',)",0,78
26,"('ddV_Cpszpls_00111',)",0,71
26,"('ddV_Cpszpls_00112',)",0,170
26,"('ddV_Cpszpls_00113',)",0,111
28,"('ddV_Cpszpls_00114',)",0,72
28,"('ddV_Cpszpls_00115',)",0,160
28,"('ddV_Cpszpls_00116',)",0,109
21,"('ddV_Cpszpls_00117',)",0,128
21,"('ddV_Cpszpls_00118',)",0,199
21,"('ddV_Cpszpls_00119',)",0,162
35,"('ddV_Cpszpls_00120',)",0,131
35,"('ddV_Cpszpls_00121',)",0,207
35,"('ddV_Cpszpls_00122',)",0,134
22,"('ddV_Cpszpls_00123',)",0,57
22,"('ddV_Cpszpls_00124',)",0,159
22,"('ddV_Cpszpls_00125',)",0,94
33,"('ddV_Cpszpls_00126',)",0,288
33,"('ddV_Cpszpls_00127',)",0,229
33,"('ddV_Cpszpls_00128',)",0,155
33,"('ddV_Cpszpls_00129',)",0,96
33,"('ddV_Cpszpls_00130',)",0,187
33,"('ddV_Cpszpls_00131',)",0,130
28,"('ddV_Cpszpls_00132',)",0,69
28,"('ddV_Cpszpls_00133',)",0,203
28,"('ddV_Cpszpls_00134',)",0,144
22,"('ddV_Cpszpls_00135',)",0,97
22,"('ddV_Cpszpls_00136',)",0,190
22,"('ddV_Cpszpls_00137',)",0,108
22,"('ddV_Cpszpls_00138',)",0,57
22,"('ddV_Cpszpls_00139',)",0,160
22,"('ddV_Cpszpls_00140',)",0,142
46,"('ddV_Cpszpls_00141',)",0,89
46,"('ddV_Cpszpls_00142',)",0,173
46,"('ddV_Cpszpls_00143',)",0,112
46,"('ddV_Cpszpls_00144',)",0,88
46,"('ddV_Cpszpls_00145',)",0,212
46,"('ddV_Cpszpls_00146',)",0,88
46,"('ddV_Cpszpls_00147',)",0,40
46,"('ddV_Cpszpls_00148',)",0,145
46,"('ddV_Cpszpls_00149',)",0,71
46,"('ddV_Cpszpls_00150',)",0,114
46,"('ddV_Cpszpls_00151',)",0,91
46,"('ddV_Cpszpls_00152',)",0,222
46,"('ddV_Cpszpls_00153',)",0,62
46,"('ddV_Cpszpls_00154',)",0,135
46,"('ddV_Cpszpls_00155',)",0,238
46,"('ddV_Cpszpls_00156',)",0,126
46,"('ddV_Cpszpls_00157',)",0,219
46,"('ddV_Cpszpls_00158',)",0,170
46,"('ddV_Cpszpls_00159',)",0,88
46,"('ddV_Cpszpls_00160',)",0,140
46,"('ddV_Cpszpls_00161',)",0,205
46,"('ddV_Cpszpls_00162',)",0,72
26,"('ddV_Cpszpls_00163',)",0,56
26,"('ddV_Cpszpls_00164',)",0,170
26,"('ddV_Cpszpls_00165',)",0,86
33,"('ddV_Cpszpls_00166',)",0,85
33,"('ddV_Cpszpls_00167',)",0,202
33,"('ddV_Cpszpls_00168',)",0,98
26,"('ddV_Cpszpls_00169',)",0,149
26,"('ddV_Cpszpls_00170',)",0,199
26,"('ddV_Cpszpls_00171',)",0,106
33,"('ddV_Cpszpls_00172',)",0,62
33,"('ddV_Cpszpls_00173',)",0,180
33,"('ddV_Cpszpls_00174',)",0,85
21,"('ddV_Cpszpls_00175',)",0,70
21,"('ddV_Cpszpls_00176',)",0,170
21,"('ddV_Cpszpls_00177',)",0,110
26,"('ddV_Cpszpls_00178',)",0,88
26,"('ddV_Cpszpls_00179',)",0,174
26,"('ddV_Cpszpls_00180',)",0,86
35,"('ddV_Cpszpls_00181',)",0,103
35,"('ddV_Cpszpls_00182',)",0,214
35,"('ddV_Cpszpls_00183',)",0,205
33,"('ddV_Cpszpls_00184',)",0,106
33,"('ddV_Cpszpls_00185',)",0,188
33,"('ddV_Cpszpls_00186',)",0,115
28,"('ddV_Cpszpls_00187',)",0,74
28,"('ddV_Cpszpls_00188',)",0,173
28,"('ddV_Cpszpls_00189',)",0,111
26,"('ddV_Cpszpls_00190',)",0,103
26,"('ddV_Cpszpls_00191',)",0,136
26,"('ddV_Cpszpls_00192',)",0,69
22,"('ddV_Cpszpls_00193',)",0,111
22,"('ddV_Cpszpls_00194',)",0,193
22,"('ddV_Cpszpls_00195',)",0,134
26,"('ddV_Cpszpls_00196',)",0,155
26,"('ddV_Cpszpls_00197',)",0,173
26,"('ddV_Cpszpls_00198',)",0,87
26,"('ddV_Cpszpls_00199',)",0,158
26,"('ddV_Cpszpls_00200',)",0,175
21,"('ddV_Cpszpls_00201',)",0,140
21,"('ddV_Cpszpls_00202',)",0,90
21,"('ddV_Cpszpls_00203',)",0,158
22,"('ddV_Cpszpls_00204',)",0,165
22,"('ddV_Cpszpls_00205',)",0,151
22,"('ddV_Cpszpls_00206',)",0,229
35,"('ddV_Cpszpls_00207',)",0,133
35,"('ddV_Cpszpls_00208',)",0,197
35,"('ddV_Cpszpls_00209',)",0,147
35,"('ddV_Cpszpls_00210',)",0,78
36,"('ddV_Cpszpls_00211',)",0,190
36,"('ddV_Cpszpls_00212',)",0,82
36,"('ddV_Cpszpls_00213',)",0,83
36,"('ddV_Cpszpls_00214',)",0,167
36,"('ddV_Cpszpls_00215',)",0,175
36,"('ddV_Cpszpls_00216',)",0,134
15,"('ddV_Cpszpls_00217',)",0,100
15,"('ddV_Cpszpls_00218',)",0,145
15,"('ddV_Cpszpls_00219',)",0,73
15,"('ddV_Cpszpls_00220',)",0,62
15,"('ddV_Cpszpls_00221',)",0,181
15,"('ddV_Cpszpls_00222',)",0,83
15,"('ddV_Cpszpls_00223',)",0,86
15,"('ddV_Cpszpls_00224',)",0,189
15,"('ddV_Cpszpls_00225',)",0,74
15,"('ddV_Cpszpls_00226',)",0,94
15,"('ddV_Cpszpls_00227',)",0,179
15,"('ddV_Cpszpls_00228',)",0,89
46,"('fohMq9tOn6E_00000',)",0,128
46,"('fohMq9tOn6E_00001',)",0,114
47,"('fohMq9tOn6E_00002',)",0,62
47,"('fohMq9tOn6E_00003',)",0,99
31,"('fohMq9tOn6E_00004',)",0,126
31,"('fohMq9tOn6E_00005',)",0,126
36,"('fohMq9tOn6E_00006',)",0,189
36,"('fohMq9tOn6E_00007',)",0,97
47,"('fohMq9tOn6E_00008',)",0,58
47,"('fohMq9tOn6E_00009',)",0,118
31,"('fohMq9tOn6E_00010',)",0,178
31,"('fohMq9tOn6E_00011',)",0,118
36,"('fohMq9tOn6E_00012',)",0,57
36,"('fohMq9tOn6E_00013',)",0,85
0,"('fohMq9tOn6E_00014',)",0,61
0,"('fohMq9tOn6E_00015',)",0,96
0,"('fohMq9tOn6E_00016',)",0,74
0,"('fohMq9tOn6E_00017',)",0,165
32,"('fohMq9tOn6E_00018',)",0,34
32,"('fohMq9tOn6E_00019',)",0,28
32,"('fohMq9tOn6E_00020',)",0,26
32,"('fohMq9tOn6E_00021',)",0,46
0,"('fohMq9tOn6E_00022',)",0,117
0,"('fohMq9tOn6E_00023',)",0,73
0,"('fohMq9tOn6E_00024',)",0,81
0,"('fohMq9tOn6E_00025',)",0,115
47,"('fohMq9tOn6E_00026',)",0,63
47,"('fohMq9tOn6E_00027',)",0,130
46,"('fohMq9tOn6E_00028',)",0,49
46,"('fohMq9tOn6E_00029',)",0,76
46,"('fohMq9tOn6E_00030',)",0,89
20,"('fohMq9tOn6E_00031',)",0,65
20,"('fohMq9tOn6E_00032',)",0,104
20,"('fohMq9tOn6E_00033',)",0,252
20,"('fohMq9tOn6E_00034',)",0,103
20,"('fohMq9tOn6E_00035',)",0,140
20,"('fohMq9tOn6E_00036',)",0,156
31,"('fohMq9tOn6E_00037',)",0,120
31,"('fohMq9tOn6E_00038',)",0,140
36,"('fohMq9tOn6E_00039',)",0,96
36,"('fohMq9tOn6E_00040',)",0,121
0,"('fohMq9tOn6E_00041',)",0,64
0,"('fohMq9tOn6E_00042',)",0,115
19,"('fohMq9tOn6E_00043',)",0,107
19,"('fohMq9tOn6E_00044',)",0,105
33,"('fohMq9tOn6E_00045',)",0,96
33,"('fohMq9tOn6E_00046',)",0,132
32,"('fohMq9tOn6E_00047',)",0,77
32,"('fohMq9tOn6E_00048',)",0,118
3,"('fohMq9tOn6E_00049',)",0,79
3,"('fohMq9tOn6E_00050',)",0,129
8,"('fohMq9tOn6E_00051',)",0,73
8,"('fohMq9tOn6E_00052',)",0,95
34,"('fohMq9tOn6E_00053',)",0,124
34,"('fohMq9tOn6E_00054',)",0,86
4,"('fohMq9tOn6E_00055',)",0,322
4,"('fohMq9tOn6E_00056',)",0,163
4,"('fohMq9tOn6E_00057',)",0,53
20,"('fohMq9tOn6E_00058',)",0,66
20,"('fohMq9tOn6E_00059',)",0,102
31,"('fohMq9tOn6E_00060',)",0,129
31,"('fohMq9tOn6E_00061',)",0,85
25,"('fohMq9tOn6E_00062',)",0,58
25,"('fohMq9tOn6E_00063',)",0,109
0,"('fohMq9tOn6E_00064',)",0,142
0,"('fohMq9tOn6E_00065',)",0,78
25,"('fohMq9tOn6E_00066',)",0,136
25,"('fohMq9tOn6E_00067',)",0,112
24,"('fohMq9tOn6E_00068',)",0,61
24,"('fohMq9tOn6E_00069',)",0,101
19,"('fohMq9tOn6E_00070',)",0,92
19,"('fohMq9tOn6E_00071',)",0,101
7,"('fohMq9tOn6E_00072',)",0,101
7,"('fohMq9tOn6E_00073',)",0,154
4,"('fohMq9tOn6E_00074',)",0,76
4,"('fohMq9tOn6E_00075',)",0,63
32,"('fohMq9tOn6E_00076',)",0,58
32,"('fohMq9tOn6E_00077',)",0,26
32,"('fohMq9tOn6E_00078',)",0,43
7,"('fohMq9tOn6E_00079',)",0,95
7,"('fohMq9tOn6E_00080',)",0,158
17,"('fohMq9tOn6E_00081',)",0,104
17,"('fohMq9tOn6E_00082',)",0,100
24,"('fohMq9tOn6E_00083',)",0,99
24,"('fohMq9tOn6E_00084',)",0,116
33,"('fohMq9tOn6E_00085',)",0,74
33,"('fohMq9tOn6E_00086',)",0,92
24,"('fohMq9tOn6E_00087',)",0,105
24,"('fohMq9tOn6E_00088',)",0,167
25,"('fohMq9tOn6E_00089',)",0,61
25,"('fohMq9tOn6E_00090',)",0,92
24,"('fohMq9tOn6E_00091',)",0,53
24,"('fohMq9tOn6E_00092',)",0,83
34,"('fohMq9tOn6E_00093',)",0,65
34,"('fohMq9tOn6E_00094',)",0,78
19,"('fohMq9tOn6E_00095',)",0,75
19,"('fohMq9tOn6E_00096',)",0,104
3,"('fohMq9tOn6E_00097',)",0,113
3,"('fohMq9tOn6E_00098',)",0,105
8,"('fohMq9tOn6E_00099',)",0,114
8,"('fohMq9tOn6E_00100',)",0,82
25,"('fohMq9tOn6E_00101',)",0,69
25,"('fohMq9tOn6E_00102',)",0,78
34,"('fohMq9tOn6E_00103',)",0,138
34,"('fohMq9tOn6E_00104',)",0,81
8,"('fohMq9tOn6E_00105',)",0,165
8,"('fohMq9tOn6E_00106',)",0,122
4,"('fohMq9tOn6E_00107',)",0,52
4,"('fohMq9tOn6E_00108',)",0,77
32,"('fohMq9tOn6E_00109',)",0,73
32,"('fohMq9tOn6E_00110',)",0,77
29,"('fohMq9tOn6E_00111',)",0,83
29,"('fohMq9tOn6E_00112',)",0,128
21,"('fohMq9tOn6E_00113',)",0,245
21,"('fohMq9tOn6E_00114',)",0,60
21,"('fohMq9tOn6E_00115',)",0,162
25,"('fohMq9tOn6E_00116',)",0,225
25,"('fohMq9tOn6E_00117',)",0,153
34,"('fohMq9tOn6E_00118',)",0,116
34,"('fohMq9tOn6E_00119',)",0,92
27,"('fohMq9tOn6E_00120',)",0,106
27,"('fohMq9tOn6E_00121',)",0,142
34,"('fohMq9tOn6E_00122',)",0,203
34,"('fohMq9tOn6E_00123',)",0,153
31,"('fohMq9tOn6E_00124',)",0,178
31,"('fohMq9tOn6E_00125',)",0,146
4,"('fohMq9tOn6E_00126',)",0,49
4,"('fohMq9tOn6E_00127',)",0,69
32,"('fohMq9tOn6E_00128',)",0,113
32,"('fohMq9tOn6E_00129',)",0,95
34,"('fohMq9tOn6E_00130',)",0,121
34,"('fohMq9tOn6E_00131',)",0,118
34,"('fohMq9tOn6E_00132',)",0,76
34,"('fohMq9tOn6E_00133',)",0,91
8,"('fohMq9tOn6E_00134',)",0,47
8,"('fohMq9tOn6E_00135',)",0,64
34,"('fohMq9tOn6E_00136',)",0,198
34,"('fohMq9tOn6E_00137',)",0,118
32,"('fohMq9tOn6E_00138',)",0,140
32,"('fohMq9tOn6E_00139',)",0,89
34,"('fohMq9tOn6E_00140',)",0,102
34,"('fohMq9tOn6E_00141',)",0,117
26,"('ZAmJsIcfFOA_00000',)",0,67
26,"('ZAmJsIcfFOA_00001',)",0,159
26,"('ZAmJsIcfFOA_00002',)",0,134
26,"('ZAmJsIcfFOA_00003',)",0,155
26,"('ZAmJsIcfFOA_00004',)",0,134
26,"('ZAmJsIcfFOA_00005',)",0,84
26,"('ZAmJsIcfFOA_00006',)",0,124
26,"('ZAmJsIcfFOA_00007',)",0,168
26,"('ZAmJsIcfFOA_00008',)",0,106
26,"('ZAmJsIcfFOA_00009',)",0,102
26,"('ZAmJsIcfFOA_00010',)",0,176
26,"('ZAmJsIcfFOA_00011',)",0,101
9,"('ZAmJsIcfFOA_00012',)",0,122
9,"('ZAmJsIcfFOA_00013',)",0,186
9,"('ZAmJsIcfFOA_00014',)",0,100
26,"('ZAmJsIcfFOA_00015',)",0,100
26,"('ZAmJsIcfFOA_00016',)",0,189
26,"('ZAmJsIcfFOA_00017',)",0,190
33,"('ZAmJsIcfFOA_00018',)",0,86
33,"('ZAmJsIcfFOA_00019',)",0,161
33,"('ZAmJsIcfFOA_00020',)",0,184
26,"('ZAmJsIcfFOA_00021',)",0,101
26,"('ZAmJsIcfFOA_00022',)",0,195
26,"('ZAmJsIcfFOA_00023',)",0,113
26,"('ZAmJsIcfFOA_00024',)",0,84
26,"('ZAmJsIcfFOA_00025',)",0,153
26,"('ZAmJsIcfFOA_00026',)",0,165
33,"('ZAmJsIcfFOA_00027',)",0,95
33,"('ZAmJsIcfFOA_00028',)",0,155
33,"('ZAmJsIcfFOA_00029',)",0,116
26,"('ZAmJsIcfFOA_00030',)",0,120
26,"('ZAmJsIcfFOA_00031',)",0,177
26,"('ZAmJsIcfFOA_00032',)",0,136
26,"('ZAmJsIcfFOA_00033',)",0,125
26,"('ZAmJsIcfFOA_00034',)",0,186
26,"('ZAmJsIcfFOA_00035',)",0,150
26,"('ZAmJsIcfFOA_00036',)",0,121
26,"('ZAmJsIcfFOA_00037',)",0,200
26,"('ZAmJsIcfFOA_00038',)",0,173
26,"('ZAmJsIcfFOA_00039',)",0,102
26,"('ZAmJsIcfFOA_00040',)",0,187
26,"('ZAmJsIcfFOA_00041',)",0,128
26,"('ZAmJsIcfFOA_00042',)",0,90
26,"('ZAmJsIcfFOA_00043',)",0,149
26,"('ZAmJsIcfFOA_00044',)",0,107
33,"('ZAmJsIcfFOA_00045',)",0,96
33,"('ZAmJsIcfFOA_00046',)",0,164
33,"('ZAmJsIcfFOA_00047',)",0,104
26,"('ZAmJsIcfFOA_00048',)",0,81
26,"('ZAmJsIcfFOA_00049',)",0,152
26,"('ZAmJsIcfFOA_00050',)",0,156
26,"('ZAmJsIcfFOA_00051',)",0,100
26,"('ZAmJsIcfFOA_00052',)",0,200
26,"('ZAmJsIcfFOA_00053',)",0,158
26,"('ZAmJsIcfFOA_00054',)",0,122
26,"('ZAmJsIcfFOA_00055',)",0,170
26,"('ZAmJsIcfFOA_00056',)",0,110
33,"('ZAmJsIcfFOA_00057',)",0,211
33,"('ZAmJsIcfFOA_00058',)",0,161
33,"('ZAmJsIcfFOA_00059',)",0,261
33,"('ZAmJsIcfFOA_00060',)",0,110
33,"('ZAmJsIcfFOA_00061',)",0,121
33,"('ZAmJsIcfFOA_00062',)",0,95
9,"('ZAmJsIcfFOA_00063',)",0,91
9,"('ZAmJsIcfFOA_00064',)",0,217
9,"('ZAmJsIcfFOA_00065',)",0,129
7,"('ZAmJsIcfFOA_00066',)",0,78
7,"('ZAmJsIcfFOA_00067',)",0,164
7,"('ZAmJsIcfFOA_00068',)",0,134
12,"('ZAmJsIcfFOA_00069',)",0,104
12,"('ZAmJsIcfFOA_00070',)",0,114
12,"('ZAmJsIcfFOA_00071',)",0,136
35,"('ZAmJsIcfFOA_00072',)",0,183
35,"('ZAmJsIcfFOA_00073',)",0,158
35,"('ZAmJsIcfFOA_00074',)",0,109
12,"('ZAmJsIcfFOA_00075',)",0,76
12,"('ZAmJsIcfFOA_00076',)",0,166
12,"('ZAmJsIcfFOA_00077',)",0,125
7,"('ZAmJsIcfFOA_00078',)",0,96
7,"('ZAmJsIcfFOA_00079',)",0,143
7,"('ZAmJsIcfFOA_00080',)",0,128
5,"('ZAmJsIcfFOA_00081',)",0,82
5,"('ZAmJsIcfFOA_00082',)",0,207
33,"('ZAmJsIcfFOA_00083',)",0,145
33,"('ZAmJsIcfFOA_00084',)",0,163
33,"('ZAmJsIcfFOA_00085',)",0,171
35,"('ZAmJsIcfFOA_00086',)",0,183
35,"('ZAmJsIcfFOA_00087',)",0,76
35,"('ZAmJsIcfFOA_00088',)",0,169
35,"('ZAmJsIcfFOA_00089',)",0,143
35,"('ZAmJsIcfFOA_00090',)",0,192
35,"('ZAmJsIcfFOA_00091',)",0,204
35,"('ZAmJsIcfFOA_00092',)",0,181
35,"('ZAmJsIcfFOA_00093',)",0,142
35,"('ZAmJsIcfFOA_00094',)",0,121
26,"('ZAmJsIcfFOA_00095',)",0,191
26,"('ZAmJsIcfFOA_00096',)",0,165
26,"('ZAmJsIcfFOA_00097',)",0,171
16,"('ZAmJsIcfFOA_00098',)",0,60
16,"('ZAmJsIcfFOA_00099',)",0,149
16,"('ZAmJsIcfFOA_00100',)",0,154
12,"('ZAmJsIcfFOA_00101',)",0,64
12,"('ZAmJsIcfFOA_00102',)",0,139
12,"('ZAmJsIcfFOA_00103',)",0,87
9,"('ZAmJsIcfFOA_00104',)",0,148
9,"('ZAmJsIcfFOA_00105',)",0,164
9,"('ZAmJsIcfFOA_00106',)",0,284
7,"('ZAmJsIcfFOA_00107',)",0,102
7,"('ZAmJsIcfFOA_00108',)",0,203
7,"('ZAmJsIcfFOA_00109',)",0,134
35,"('ZAmJsIcfFOA_00110',)",0,62
35,"('ZAmJsIcfFOA_00111',)",0,171
35,"('ZAmJsIcfFOA_00112',)",0,101
26,"('ZAmJsIcfFOA_00113',)",0,76
26,"('ZAmJsIcfFOA_00114',)",0,175
26,"('ZAmJsIcfFOA_00115',)",0,116
35,"('ZAmJsIcfFOA_00116',)",0,157
35,"('ZAmJsIcfFOA_00117',)",0,144
35,"('ZAmJsIcfFOA_00118',)",0,121
43,"('ZAmJsIcfFOA_00119',)",0,96
43,"('ZAmJsIcfFOA_00120',)",0,184
43,"('ZAmJsIcfFOA_00121',)",0,125
12,"('ZAmJsIcfFOA_00122',)",0,109
12,"('ZAmJsIcfFOA_00123',)",0,81
12,"('ZAmJsIcfFOA_00124',)",0,158
12,"('ZAmJsIcfFOA_00125',)",0,79
12,"('ZAmJsIcfFOA_00126',)",0,169
12,"('ZAmJsIcfFOA_00127',)",0,129
26,"('ZAmJsIcfFOA_00128',)",0,78
26,"('ZAmJsIcfFOA_00129',)",0,152
26,"('ZAmJsIcfFOA_00130',)",0,131
35,"('ZAmJsIcfFOA_00131',)",0,87
35,"('ZAmJsIcfFOA_00132',)",0,181
35,"('ZAmJsIcfFOA_00133',)",0,93
35,"('ZAmJsIcfFOA_00134',)",0,117
35,"('ZAmJsIcfFOA_00135',)",0,169
35,"('ZAmJsIcfFOA_00136',)",0,128
35,"('ZAmJsIcfFOA_00137',)",0,63
35,"('ZAmJsIcfFOA_00138',)",0,147
35,"('ZAmJsIcfFOA_00139',)",0,112
35,"('ZAmJsIcfFOA_00140',)",0,126
9,"('ZAmJsIcfFOA_00141',)",0,171
9,"('ZAmJsIcfFOA_00142',)",0,109
9,"('ZAmJsIcfFOA_00143',)",0,82
7,"('ZAmJsIcfFOA_00144',)",0,133
7,"('ZAmJsIcfFOA_00145',)",0,96
7,"('ZAmJsIcfFOA_00146',)",0,109
26,"('ZAmJsIcfFOA_00147',)",0,312
26,"('ZAmJsIcfFOA_00148',)",0,151
26,"('ZAmJsIcfFOA_00149',)",0,241
5,"('ZAmJsIcfFOA_00150',)",0,74
5,"('ZAmJsIcfFOA_00151',)",0,182
5,"('ZAmJsIcfFOA_00152',)",0,137
9,"('ZAmJsIcfFOA_00153',)",0,135
9,"('ZAmJsIcfFOA_00154',)",0,173
9,"('ZAmJsIcfFOA_00155',)",0,117
9,"('ZAmJsIcfFOA_00156',)",0,98
9,"('ZAmJsIcfFOA_00157',)",0,167
9,"('ZAmJsIcfFOA_00158',)",0,134
1,"('ZAmJsIcfFOA_00159',)",0,114
1,"('ZAmJsIcfFOA_00160',)",0,147
1,"('ZAmJsIcfFOA_00161',)",0,169
14,"('ZAmJsIcfFOA_00162',)",0,113
14,"('ZAmJsIcfFOA_00163',)",0,170
14,"('ZAmJsIcfFOA_00164',)",0,179
7,"('ZAmJsIcfFOA_00165',)",0,82
7,"('ZAmJsIcfFOA_00166',)",0,159
7,"('ZAmJsIcfFOA_00167',)",0,118
12,"('ZAmJsIcfFOA_00168',)",0,137
12,"('ZAmJsIcfFOA_00169',)",0,114
12,"('ZAmJsIcfFOA_00170',)",0,113
35,"('ZAmJsIcfFOA_00171',)",0,196
35,"('ZAmJsIcfFOA_00172',)",0,114
35,"('ZAmJsIcfFOA_00173',)",0,157
12,"('ZAmJsIcfFOA_00174',)",0,91
12,"('ZAmJsIcfFOA_00175',)",0,216
12,"('ZAmJsIcfFOA_00176',)",0,188
12,"('ZAmJsIcfFOA_00177',)",0,74
33,"('ZAmJsIcfFOA_00178',)",0,180
33,"('ZAmJsIcfFOA_00179',)",0,130
33,"('ZAmJsIcfFOA_00180',)",0,68
9,"('ZAmJsIcfFOA_00181',)",0,188
9,"('ZAmJsIcfFOA_00182',)",0,94
9,"('ZAmJsIcfFOA_00183',)",0,112
12,"('ZAmJsIcfFOA_00184',)",0,69
12,"('ZAmJsIcfFOA_00185',)",0,158
12,"('ZAmJsIcfFOA_00186',)",0,168
7,"('ZAmJsIcfFOA_00187',)",0,114
7,"('ZAmJsIcfFOA_00188',)",0,182
7,"('ZAmJsIcfFOA_00189',)",0,112
7,"('ZAmJsIcfFOA_00190',)",0,84
7,"('ZAmJsIcfFOA_00191',)",0,186
35,"('ZAmJsIcfFOA_00192',)",0,166
35,"('ZAmJsIcfFOA_00193',)",0,97
35,"('ZAmJsIcfFOA_00194',)",0,222
45,"('ZAmJsIcfFOA_00195',)",0,84
45,"('ZAmJsIcfFOA_00196',)",0,172
45,"('ZAmJsIcfFOA_00197',)",0,110
26,"('ZAmJsIcfFOA_00198',)",0,46
26,"('ZAmJsIcfFOA_00199',)",0,135
26,"('ZAmJsIcfFOA_00200',)",0,121
12,"('ZAmJsIcfFOA_00201',)",0,56
12,"('ZAmJsIcfFOA_00202',)",0,157
12,"('ZAmJsIcfFOA_00203',)",0,96
12,"('ZAmJsIcfFOA_00204',)",0,58
12,"('ZAmJsIcfFOA_00205',)",0,137
12,"('ZAmJsIcfFOA_00206',)",0,89
7,"('ZAmJsIcfFOA_00207',)",0,87
7,"('ZAmJsIcfFOA_00208',)",0,188
7,"('ZAmJsIcfFOA_00209',)",0,105
26,"('ZAmJsIcfFOA_00210',)",0,98
26,"('ZAmJsIcfFOA_00211',)",0,187
26,"('ZAmJsIcfFOA_00212',)",0,133
14,"('ZAmJsIcfFOA_00213',)",0,107
14,"('ZAmJsIcfFOA_00214',)",0,225
14,"('ZAmJsIcfFOA_00215',)",0,167
12,"('ZAmJsIcfFOA_00216',)",0,112
12,"('ZAmJsIcfFOA_00217',)",0,228
12,"('ZAmJsIcfFOA_00218',)",0,132
14,"('ZAmJsIcfFOA_00219',)",0,74
14,"('ZAmJsIcfFOA_00220',)",0,138
14,"('ZAmJsIcfFOA_00221',)",0,192
35,"('ZAmJsIcfFOA_00222',)",0,82
35,"('ZAmJsIcfFOA_00223',)",0,168
35,"('ZAmJsIcfFOA_00224',)",0,134
35,"('ZAmJsIcfFOA_00225',)",0,180
35,"('ZAmJsIcfFOA_00226',)",0,110
35,"('ZAmJsIcfFOA_00227',)",0,117
7,"('ZAmJsIcfFOA_00228',)",0,93
7,"('ZAmJsIcfFOA_00229',)",0,216
7,"('ZAmJsIcfFOA_00230',)",0,160
7,"('ZAmJsIcfFOA_00231',)",0,99
7,"('ZAmJsIcfFOA_00232',)",0,76
7,"('ZAmJsIcfFOA_00233',)",0,128
12,"('ZAmJsIcfFOA_00234',)",0,66
12,"('ZAmJsIcfFOA_00235',)",0,252
12,"('ZAmJsIcfFOA_00236',)",0,141
12,"('ZAmJsIcfFOA_00237',)",0,166
12,"('ZAmJsIcfFOA_00238',)",0,155
12,"('ZAmJsIcfFOA_00239',)",0,117
12,"('ZAmJsIcfFOA_00240',)",0,70
12,"('ZAmJsIcfFOA_00241',)",0,188
12,"('ZAmJsIcfFOA_00242',)",0,119
12,"('ZAmJsIcfFOA_00243',)",0,104
9,"('ZAmJsIcfFOA_00244',)",0,156
9,"('ZAmJsIcfFOA_00245',)",0,97
9,"('ZAmJsIcfFOA_00246',)",0,84
35,"('ZAmJsIcfFOA_00247',)",0,117
35,"('ZAmJsIcfFOA_00248',)",0,165
35,"('ZAmJsIcfFOA_00249',)",0,119
14,"('ZAmJsIcfFOA_00250',)",0,157
14,"('ZAmJsIcfFOA_00251',)",0,118
14,"('ZAmJsIcfFOA_00252',)",0,106
35,"('ZAmJsIcfFOA_00253',)",0,85
35,"('ZAmJsIcfFOA_00254',)",0,225
35,"('ZAmJsIcfFOA_00255',)",0,173
7,"('ZAmJsIcfFOA_00256',)",0,197
7,"('ZAmJsIcfFOA_00257',)",0,177
7,"('ZAmJsIcfFOA_00258',)",0,151
35,"('ZAmJsIcfFOA_00259',)",0,56
35,"('ZAmJsIcfFOA_00260',)",0,137
35,"('ZAmJsIcfFOA_00261',)",0,84
9,"('ZAmJsIcfFOA_00262',)",0,101
9,"('ZAmJsIcfFOA_00263',)",0,209
9,"('ZAmJsIcfFOA_00264',)",0,205
44,"('ZAmJsIcfFOA_00265',)",0,63
44,"('ZAmJsIcfFOA_00266',)",0,146
44,"('ZAmJsIcfFOA_00267',)",0,113
12,"('ZAmJsIcfFOA_00268',)",0,128
12,"('ZAmJsIcfFOA_00269',)",0,130
12,"('ZAmJsIcfFOA_00270',)",0,109
35,"('ZAmJsIcfFOA_00271',)",0,90
35,"('ZAmJsIcfFOA_00272',)",0,199
35,"('ZAmJsIcfFOA_00273',)",0,130
35,"('ZAmJsIcfFOA_00274',)",0,83
35,"('ZAmJsIcfFOA_00275',)",0,239
35,"('ZAmJsIcfFOA_00276',)",0,151
43,"('ZAmJsIcfFOA_00277',)",0,95
43,"('ZAmJsIcfFOA_00278',)",0,174
43,"('ZAmJsIcfFOA_00279',)",0,115
43,"('ZAmJsIcfFOA_00280',)",0,74
43,"('ZAmJsIcfFOA_00281',)",0,133
43,"('ZAmJsIcfFOA_00282',)",0,138
43,"('ZAmJsIcfFOA_00283',)",0,102
5,"('ZAmJsIcfFOA_00284',)",0,148
5,"('ZAmJsIcfFOA_00285',)",0,84
5,"('ZAmJsIcfFOA_00286',)",0,110
5,"('ZAmJsIcfFOA_00287',)",0,68
5,"('ZAmJsIcfFOA_00288',)",0,176
5,"('ZAmJsIcfFOA_00289',)",0,114
5,"('ZAmJsIcfFOA_00290',)",0,129
5,"('ZAmJsIcfFOA_00291',)",0,169
5,"('ZAmJsIcfFOA_00292',)",0,144
5,"('ZAmJsIcfFOA_00293',)",0,56
5,"('ZAmJsIcfFOA_00294',)",0,146
5,"('ZAmJsIcfFOA_00295',)",0,152
5,"('ZAmJsIcfFOA_00296',)",0,62
5,"('ZAmJsIcfFOA_00297',)",0,158
5,"('ZAmJsIcfFOA_00298',)",0,78
5,"('ZAmJsIcfFOA_00299',)",0,48
5,"('ZAmJsIcfFOA_00300',)",0,144
5,"('ZAmJsIcfFOA_00301',)",0,74
44,"('ZAmJsIcfFOA_00302',)",0,86
44,"('ZAmJsIcfFOA_00303',)",0,184
44,"('ZAmJsIcfFOA_00304',)",0,209
26,"('ZAmJsIcfFOA_00305',)",0,61
26,"('ZAmJsIcfFOA_00306',)",0,157
26,"('ZAmJsIcfFOA_00307',)",0,124
26,"('ZAmJsIcfFOA_00308',)",0,88
26,"('ZAmJsIcfFOA_00309',)",0,172
26,"('ZAmJsIcfFOA_00310',)",0,150
7,"('ZAmJsIcfFOA_00311',)",0,80
7,"('ZAmJsIcfFOA_00312',)",0,287
7,"('ZAmJsIcfFOA_00313',)",0,70
5,"('ZAmJsIcfFOA_00314',)",0,147
5,"('ZAmJsIcfFOA_00315',)",0,167
5,"('ZAmJsIcfFOA_00316',)",0,198
5,"('ZAmJsIcfFOA_00317',)",0,92
5,"('ZAmJsIcfFOA_00318',)",0,195
5,"('ZAmJsIcfFOA_00319',)",0,136
5,"('ZAmJsIcfFOA_00320',)",0,164
2,"('ZAmJsIcfFOA_00321',)",0,177
2,"('ZAmJsIcfFOA_00322',)",0,226
2,"('ZAmJsIcfFOA_00323',)",0,235
5,"('ZAmJsIcfFOA_00324',)",0,64
5,"('ZAmJsIcfFOA_00325',)",0,174
5,"('ZAmJsIcfFOA_00326',)",0,129
5,"('ZAmJsIcfFOA_00327',)",0,108
5,"('ZAmJsIcfFOA_00328',)",0,207
5,"('ZAmJsIcfFOA_00329',)",0,141
5,"('ZAmJsIcfFOA_00330',)",0,183
5,"('ZAmJsIcfFOA_00331',)",0,222
5,"('ZAmJsIcfFOA_00332',)",0,209
7,"('ZAmJsIcfFOA_00333',)",0,96
7,"('ZAmJsIcfFOA_00334',)",0,203
7,"('ZAmJsIcfFOA_00335',)",0,152
5,"('ZAmJsIcfFOA_00336',)",0,106
5,"('ZAmJsIcfFOA_00337',)",0,151
5,"('ZAmJsIcfFOA_00338',)",0,284
5,"('ZAmJsIcfFOA_00339',)",0,69
5,"('ZAmJsIcfFOA_00340',)",0,166
5,"('ZAmJsIcfFOA_00341',)",0,121
5,"('ZAmJsIcfFOA_00342',)",0,79
5,"('ZAmJsIcfFOA_00343',)",0,188
5,"('ZAmJsIcfFOA_00344',)",0,131
5,"('ZAmJsIcfFOA_00345',)",0,61
5,"('ZAmJsIcfFOA_00346',)",0,134
5,"('ZAmJsIcfFOA_00347',)",0,95
5,"('ZAmJsIcfFOA_00348',)",0,106
5,"('ZAmJsIcfFOA_00349',)",0,157
5,"('ZAmJsIcfFOA_00350',)",0,191
5,"('ZAmJsIcfFOA_00351',)",0,138
5,"('ZAmJsIcfFOA_00352',)",0,176
5,"('ZAmJsIcfFOA_00353',)",0,146
5,"('ZAmJsIcfFOA_00354',)",0,213
5,"('ZAmJsIcfFOA_00355',)",0,90
5,"('ZAmJsIcfFOA_00356',)",0,212
5,"('ZAmJsIcfFOA_00357',)",0,180
5,"('ZAmJsIcfFOA_00358',)",0,97
5,"('ZAmJsIcfFOA_00359',)",0,169
5,"('ZAmJsIcfFOA_00360',)",0,263
5,"('ZAmJsIcfFOA_00361',)",0,61
5,"('ZAmJsIcfFOA_00362',)",0,146
5,"('ZAmJsIcfFOA_00363',)",0,104
19,"('zYHstCxnAPA_00000',)",0,197
19,"('zYHstCxnAPA_00001',)",0,238
19,"('zYHstCxnAPA_00002',)",0,178
19,"('zYHstCxnAPA_00003',)",0,218
19,"('zYHstCxnAPA_00004',)",0,218
19,"('zYHstCxnAPA_00005',)",0,229
19,"('zYHstCxnAPA_00006',)",0,234
19,"('zYHstCxnAPA_00007',)",0,258
29,"('zYHstCxnAPA_00008',)",0,350
29,"('zYHstCxnAPA_00009',)",0,327
29,"('zYHstCxnAPA_00010',)",0,111
29,"('zYHstCxnAPA_00011',)",0,203
29,"('zYHstCxnAPA_00012',)",0,195
29,"('zYHstCxnAPA_00013',)",0,203
19,"('zYHstCxnAPA_00014',)",0,96
19,"('zYHstCxnAPA_00015',)",0,321
19,"('zYHstCxnAPA_00016',)",0,278
19,"('zYHstCxnAPA_00017',)",0,205
19,"('zYHstCxnAPA_00018',)",0,224
19,"('zYHstCxnAPA_00019',)",0,229
19,"('zYHstCxnAPA_00020',)",0,359
19,"('zYHstCxnAPA_00021',)",0,248
15,"('zYHstCxnAPA_00022',)",0,159
15,"('zYHstCxnAPA_00023',)",0,223
29,"('zYHstCxnAPA_00024',)",0,162
29,"('zYHstCxnAPA_00025',)",0,218
29,"('zYHstCxnAPA_00026',)",0,199
29,"('zYHstCxnAPA_00027',)",0,214
29,"('zYHstCxnAPA_00028',)",0,208
29,"('zYHstCxnAPA_00029',)",0,183
36,"('zYHstCxnAPA_00030',)",0,118
36,"('zYHstCxnAPA_00031',)",0,205
15,"('zYHstCxnAPA_00032',)",0,128
15,"('zYHstCxnAPA_00033',)",0,185
19,"('zYHstCxnAPA_00034',)",0,367
19,"('zYHstCxnAPA_00035',)",0,151
31,"('zYHstCxnAPA_00036',)",0,196
31,"('zYHstCxnAPA_00037',)",0,238
15,"('zYHstCxnAPA_00038',)",0,239
15,"('zYHstCxnAPA_00039',)",0,140
15,"('zYHstCxnAPA_00040',)",0,145
15,"('zYHstCxnAPA_00041',)",0,141
46,"('zYHstCxnAPA_00042',)",0,215
46,"('zYHstCxnAPA_00043',)",0,178
15,"('zYHstCxnAPA_00044',)",0,219
15,"('zYHstCxnAPA_00045',)",0,128
15,"('zYHstCxnAPA_00046',)",0,195
15,"('zYHstCxnAPA_00047',)",0,338
19,"('zYHstCxnAPA_00048',)",0,213
19,"('zYHstCxnAPA_00049',)",0,95
19,"('zYHstCxnAPA_00050',)",0,156
19,"('zYHstCxnAPA_00051',)",0,251
19,"('zYHstCxnAPA_00052',)",0,246
19,"('zYHstCxnAPA_00053',)",0,304
47,"('zYHstCxnAPA_00054',)",0,236
47,"('zYHstCxnAPA_00055',)",0,117
47,"('zYHstCxnAPA_00056',)",0,185
47,"('zYHstCxnAPA_00057',)",0,100
36,"('zYHstCxnAPA_00058',)",0,183
36,"('zYHstCxnAPA_00059',)",0,280
36,"('zYHstCxnAPA_00060',)",0,268
36,"('zYHstCxnAPA_00061',)",0,389
36,"('zYHstCxnAPA_00062',)",0,236
36,"('zYHstCxnAPA_00063',)",0,413
36,"('zYHstCxnAPA_00064',)",0,176
36,"('zYHstCxnAPA_00065',)",0,147
36,"('zYHstCxnAPA_00066',)",0,124
36,"('zYHstCxnAPA_00067',)",0,101
36,"('zYHstCxnAPA_00068',)",0,182
36,"('zYHstCxnAPA_00069',)",0,134
36,"('zYHstCxnAPA_00070',)",0,237
36,"('zYHstCxnAPA_00071',)",0,254
36,"('zYHstCxnAPA_00072',)",0,659
46,"('zYHstCxnAPA_00073',)",0,225
46,"('zYHstCxnAPA_00074',)",0,224
36,"('zYHstCxnAPA_00075',)",0,115
36,"('zYHstCxnAPA_00076',)",0,239
36,"('zYHstCxnAPA_00077',)",0,115
36,"('zYHstCxnAPA_00078',)",0,197
3,"('zYHstCxnAPA_00079',)",0,128
3,"('zYHstCxnAPA_00080',)",0,72
17,"('zYHstCxnAPA_00081',)",0,172
17,"('zYHstCxnAPA_00082',)",0,151
46,"('zYHstCxnAPA_00083',)",0,239
46,"('zYHstCxnAPA_00084',)",0,175
46,"('zYHstCxnAPA_00085',)",0,226
46,"('zYHstCxnAPA_00086',)",0,115
15,"('zYHstCxnAPA_00087',)",0,204
15,"('zYHstCxnAPA_00088',)",0,95
0,"('zYHstCxnAPA_00089',)",0,202
0,"('zYHstCxnAPA_00090',)",0,165
46,"('zYHstCxnAPA_00091',)",0,286
46,"('zYHstCxnAPA_00092',)",0,88
46,"('zYHstCxnAPA_00093',)",0,193
46,"('zYHstCxnAPA_00094',)",0,146
47,"('zYHstCxnAPA_00095',)",0,211
47,"('zYHstCxnAPA_00096',)",0,330
32,"('zYHstCxnAPA_00097',)",0,224
32,"('zYHstCxnAPA_00098',)",0,87
46,"('zYHstCxnAPA_00099',)",0,177
46,"('zYHstCxnAPA_00100',)",0,110
46,"('zYHstCxnAPA_00101',)",0,207
46,"('zYHstCxnAPA_00102',)",0,103
46,"('zYHstCxnAPA_00103',)",0,222
19,"('zYHstCxnAPA_00104',)",0,214
19,"('zYHstCxnAPA_00105',)",0,225
17,"('zYHstCxnAPA_00106',)",0,455
17,"('zYHstCxnAPA_00107',)",0,232
17,"('zYHstCxnAPA_00108',)",0,253
17,"('zYHstCxnAPA_00109',)",0,224
17,"('zYHstCxnAPA_00110',)",0,161
17,"('zYHstCxnAPA_00111',)",0,169
17,"('zYHstCxnAPA_00112',)",0,247
36,"('zYHstCxnAPA_00113',)",0,73
36,"('zYHstCxnAPA_00114',)",0,184
36,"('zYHstCxnAPA_00115',)",0,277
17,"('zYHstCxnAPA_00116',)",0,215
17,"('zYHstCxnAPA_00117',)",0,146
17,"('zYHstCxnAPA_00118',)",0,211
17,"('zYHstCxnAPA_00119',)",0,189
17,"('zYHstCxnAPA_00120',)",0,203
17,"('zYHstCxnAPA_00121',)",0,378
17,"('zYHstCxnAPA_00122',)",0,96
38,"('zYHstCxnAPA_00123',)",0,202
38,"('zYHstCxnAPA_00124',)",0,108
37,"('zYHstCxnAPA_00125',)",0,213
37,"('zYHstCxnAPA_00126',)",0,249
17,"('zYHstCxnAPA_00127',)",0,196
17,"('zYHstCxnAPA_00128',)",0,446
0,"('zYHstCxnAPA_00129',)",0,212
0,"('zYHstCxnAPA_00130',)",0,190
32,"('zYHstCxnAPA_00131',)",0,256
32,"('zYHstCxnAPA_00132',)",0,218
17,"('zYHstCxnAPA_00133',)",0,119
17,"('zYHstCxnAPA_00134',)",0,248
17,"('zYHstCxnAPA_00135',)",0,215
17,"('zYHstCxnAPA_00136',)",0,379
17,"('zYHstCxnAPA_00137',)",0,293
17,"('zYHstCxnAPA_00138',)",0,286
46,"('zYHstCxnAPA_00139',)",0,228
46,"('zYHstCxnAPA_00140',)",0,171
19,"('zYHstCxnAPA_00141',)",0,246
19,"('zYHstCxnAPA_00142',)",0,105
17,"('zYHstCxnAPA_00143',)",0,198
17,"('zYHstCxnAPA_00144',)",0,290
17,"('zYHstCxnAPA_00145',)",0,247
17,"('zYHstCxnAPA_00146',)",0,143
0,"('zYHstCxnAPA_00147',)",0,204
0,"('zYHstCxnAPA_00148',)",0,281
17,"('zYHstCxnAPA_00149',)",0,250
17,"('zYHstCxnAPA_00150',)",0,190
37,"('zYHstCxnAPA_00151',)",0,228
37,"('zYHstCxnAPA_00152',)",0,267
17,"('zYHstCxnAPA_00153',)",0,263
17,"('zYHstCxnAPA_00154',)",0,207
17,"('zYHstCxnAPA_00155',)",0,236
17,"('zYHstCxnAPA_00156',)",0,215
0,"('zYHstCxnAPA_00157',)",0,204
0,"('zYHstCxnAPA_00158',)",0,94
24,"('zYHstCxnAPA_00159',)",0,173
24,"('zYHstCxnAPA_00160',)",0,244
25,"('zYHstCxnAPA_00161',)",0,203
25,"('zYHstCxnAPA_00162',)",0,278
24,"('zYHstCxnAPA_00163',)",0,262
24,"('zYHstCxnAPA_00164',)",0,229
25,"('zYHstCxnAPA_00165',)",0,254
25,"('zYHstCxnAPA_00166',)",0,270
31,"('zYHstCxnAPA_00167',)",0,240
31,"('zYHstCxnAPA_00168',)",0,130
31,"('zYHstCxnAPA_00169',)",0,217
31,"('zYHstCxnAPA_00170',)",0,101
24,"('zYHstCxnAPA_00171',)",0,198
24,"('zYHstCxnAPA_00172',)",0,194
24,"('zYHstCxnAPA_00173',)",0,227
24,"('zYHstCxnAPA_00174',)",0,200
31,"('zYHstCxnAPA_00175',)",0,216
31,"('zYHstCxnAPA_00176',)",0,418
38,"('zYHstCxnAPA_00177',)",0,303
38,"('zYHstCxnAPA_00178',)",0,203
24,"('zYHstCxnAPA_00179',)",0,188
24,"('zYHstCxnAPA_00180',)",0,139
1,"('zYHstCxnAPA_00181',)",0,211
1,"('zYHstCxnAPA_00182',)",0,217
34,"('zYHstCxnAPA_00183',)",0,224
34,"('zYHstCxnAPA_00184',)",0,126
24,"('zYHstCxnAPA_00185',)",0,177
24,"('zYHstCxnAPA_00186',)",0,119
24,"('zYHstCxnAPA_00187',)",0,208
24,"('zYHstCxnAPA_00188',)",0,306
31,"('zYHstCxnAPA_00189',)",0,554
31,"('zYHstCxnAPA_00190',)",0,407
31,"('zYHstCxnAPA_00191',)",0,252
31,"('zYHstCxnAPA_00192',)",0,159
24,"('zYHstCxnAPA_00193',)",0,217
24,"('zYHstCxnAPA_00194',)",0,203
25,"('zYHstCxnAPA_00195',)",0,212
25,"('zYHstCxnAPA_00196',)",0,148
24,"('zYHstCxnAPA_00197',)",0,221
24,"('zYHstCxnAPA_00198',)",0,362
24,"('zYHstCxnAPA_00199',)",0,237
24,"('zYHstCxnAPA_00200',)",0,188
34,"('zYHstCxnAPA_00201',)",0,224
34,"('zYHstCxnAPA_00202',)",0,374
3,"('zYHstCxnAPA_00203',)",0,271
3,"('zYHstCxnAPA_00204',)",0,223
24,"('zYHstCxnAPA_00205',)",0,218
24,"('zYHstCxnAPA_00206',)",0,129
31,"('zYHstCxnAPA_00207',)",0,263
31,"('zYHstCxnAPA_00208',)",0,156
31,"('zYHstCxnAPA_00209',)",0,197
31,"('zYHstCxnAPA_00210',)",0,281
31,"('zYHstCxnAPA_00211',)",0,214
31,"('zYHstCxnAPA_00212',)",0,228
34,"('zYHstCxnAPA_00213',)",0,264
34,"('zYHstCxnAPA_00214',)",0,281
31,"('zYHstCxnAPA_00215',)",0,270
31,"('zYHstCxnAPA_00216',)",0,162
18,"('zYHstCxnAPA_00217',)",0,260
18,"('zYHstCxnAPA_00218',)",0,219
3,"('zYHstCxnAPA_00219',)",0,197
3,"('zYHstCxnAPA_00220',)",0,142
3,"('zYHstCxnAPA_00221',)",0,187
3,"('zYHstCxnAPA_00222',)",0,90
24,"('zYHstCxnAPA_00223',)",0,201
24,"('zYHstCxnAPA_00224',)",0,257
44,"('zYHstCxnAPA_00225',)",0,213
44,"('zYHstCxnAPA_00226',)",0,102
44,"('zYHstCxnAPA_00227',)",0,187
44,"('zYHstCxnAPA_00228',)",0,135
24,"('zYHstCxnAPA_00229',)",0,189
24,"('zYHstCxnAPA_00230',)",0,155
3,"('zYHstCxnAPA_00231',)",0,195
3,"('zYHstCxnAPA_00232',)",0,433
3,"('zYHstCxnAPA_00233',)",0,199
3,"('zYHstCxnAPA_00234',)",0,154
24,"('zYHstCxnAPA_00235',)",0,232
24,"('zYHstCxnAPA_00236',)",0,162
24,"('zYHstCxnAPA_00237',)",0,243
24,"('zYHstCxnAPA_00238',)",0,308
34,"('zYHstCxnAPA_00239',)",0,246
34,"('zYHstCxnAPA_00240',)",0,242
24,"('zYHstCxnAPA_00241',)",0,254
24,"('zYHstCxnAPA_00242',)",0,191
3,"('zYHstCxnAPA_00243',)",0,249
3,"('zYHstCxnAPA_00244',)",0,160
3,"('zYHstCxnAPA_00245',)",0,195
3,"('zYHstCxnAPA_00246',)",0,200
3,"('zYHstCxnAPA_00247',)",0,220
3,"('zYHstCxnAPA_00248',)",0,118
3,"('zYHstCxnAPA_00249',)",0,180
3,"('zYHstCxnAPA_00250',)",0,244
3,"('zYHstCxnAPA_00251',)",0,262
3,"('zYHstCxnAPA_00252',)",0,107
8,"('zYHstCxnAPA_00253',)",0,212
8,"('zYHstCxnAPA_00254',)",0,162
41,"('zYHstCxnAPA_00255',)",0,245
41,"('zYHstCxnAPA_00256',)",0,230
34,"('zYHstCxnAPA_00257',)",0,235
34,"('zYHstCxnAPA_00258',)",0,261
24,"('zYHstCxnAPA_00259',)",0,227
24,"('zYHstCxnAPA_00260',)",0,244
24,"('zYHstCxnAPA_00261',)",0,224
24,"('zYHstCxnAPA_00262',)",0,339
24,"('zYHstCxnAPA_00263',)",0,222
24,"('zYHstCxnAPA_00264',)",0,199
3,"('zYHstCxnAPA_00265',)",0,251
3,"('zYHstCxnAPA_00266',)",0,123
3,"('zYHstCxnAPA_00267',)",0,207
3,"('zYHstCxnAPA_00268',)",0,230
44,"('zYHstCxnAPA_00269',)",0,253
44,"('zYHstCxnAPA_00270',)",0,173
44,"('zYHstCxnAPA_00271',)",0,248
44,"('zYHstCxnAPA_00272',)",0,134
38,"('zYHstCxnAPA_00273',)",0,191
38,"('zYHstCxnAPA_00274',)",0,222
34,"('zYHstCxnAPA_00275',)",0,214
34,"('zYHstCxnAPA_00276',)",0,92
44,"('zYHstCxnAPA_00277',)",0,172
44,"('zYHstCxnAPA_00278',)",0,139
44,"('zYHstCxnAPA_00279',)",0,183
44,"('zYHstCxnAPA_00280',)",0,110
41,"('zYHstCxnAPA_00281',)",0,239
41,"('zYHstCxnAPA_00282',)",0,435
31,"('zYHstCxnAPA_00283',)",0,276
31,"('zYHstCxnAPA_00284',)",0,100
3,"('zYHstCxnAPA_00285',)",0,195
3,"('zYHstCxnAPA_00286',)",0,199
31,"('zYHstCxnAPA_00287',)",0,227
31,"('zYHstCxnAPA_00288',)",0,177
3,"('zYHstCxnAPA_00289',)",0,239
3,"('zYHstCxnAPA_00290',)",0,96
41,"('zYHstCxnAPA_00291',)",0,178
41,"('zYHstCxnAPA_00292',)",0,178
24,"('zYHstCxnAPA_00293',)",0,237
24,"('zYHstCxnAPA_00294',)",0,174
31,"('zYHstCxnAPA_00295',)",0,267
31,"('zYHstCxnAPA_00296',)",0,104
34,"('zYHstCxnAPA_00297',)",0,159
34,"('zYHstCxnAPA_00298',)",0,243
41,"('zYHstCxnAPA_00299',)",0,241
41,"('zYHstCxnAPA_00300',)",0,320
44,"('zYHstCxnAPA_00301',)",0,257
44,"('zYHstCxnAPA_00302',)",0,181
24,"('zYHstCxnAPA_00303',)",0,259
24,"('zYHstCxnAPA_00304',)",0,159
18,"('zYHstCxnAPA_00305',)",0,219
18,"('zYHstCxnAPA_00306',)",0,248
3,"('zYHstCxnAPA_00307',)",0,293
3,"('zYHstCxnAPA_00308',)",0,109
18,"('zYHstCxnAPA_00309',)",0,213
18,"('zYHstCxnAPA_00310',)",0,787
3,"('zYHstCxnAPA_00311',)",0,293
3,"('zYHstCxnAPA_00312',)",0,261
41,"('zYHstCxnAPA_00313',)",0,224
41,"('zYHstCxnAPA_00314',)",0,87
31,"('zYHstCxnAPA_00315',)",0,199
31,"('zYHstCxnAPA_00316',)",0,107
31,"('zYHstCxnAPA_00317',)",0,225
24,"('zYHstCxnAPA_00318',)",0,167
24,"('zYHstCxnAPA_00319',)",0,194
38,"('zYHstCxnAPA_00320',)",0,129
38,"('zYHstCxnAPA_00321',)",0,209
31,"('zYHstCxnAPA_00322',)",0,195
31,"('zYHstCxnAPA_00323',)",0,329
18,"('zYHstCxnAPA_00324',)",0,260
18,"('zYHstCxnAPA_00325',)",0,286
39,"('zYHstCxnAPA_00326',)",0,117
39,"('zYHstCxnAPA_00327',)",0,200
39,"('zYHstCxnAPA_00328',)",0,137
24,"('zYHstCxnAPA_00329',)",0,266
24,"('zYHstCxnAPA_00330',)",0,161
18,"('zYHstCxnAPA_00331',)",0,210
18,"('zYHstCxnAPA_00332',)",0,158
44,"('zYHstCxnAPA_00333',)",0,230
44,"('zYHstCxnAPA_00334',)",0,116
41,"('zYHstCxnAPA_00335',)",0,195
41,"('zYHstCxnAPA_00336',)",0,98
1,"('zYHstCxnAPA_00337',)",0,215
1,"('zYHstCxnAPA_00338',)",0,84
18,"('zYHstCxnAPA_00339',)",0,208
18,"('zYHstCxnAPA_00340',)",0,101
1,"('zYHstCxnAPA_00341',)",0,124
1,"('zYHstCxnAPA_00342',)",0,242
38,"('zYHstCxnAPA_00343',)",0,244
38,"('zYHstCxnAPA_00344',)",0,235
31,"('zYHstCxnAPA_00345',)",0,257
31,"('zYHstCxnAPA_00346',)",0,258
1,"('zYHstCxnAPA_00347',)",0,139
1,"('zYHstCxnAPA_00348',)",0,236
34,"('zYHstCxnAPA_00349',)",0,124
34,"('zYHstCxnAPA_00350',)",0,243
34,"('zYHstCxnAPA_00351',)",0,228
21,"('zYHstCxnAPA_00352',)",0,263
21,"('zYHstCxnAPA_00353',)",0,238
1,"('zYHstCxnAPA_00354',)",0,110
1,"('zYHstCxnAPA_00355',)",0,220
44,"('zYHstCxnAPA_00356',)",0,105
44,"('zYHstCxnAPA_00357',)",0,171
41,"('zYHstCxnAPA_00358',)",0,108
41,"('zYHstCxnAPA_00359',)",0,213
44,"('zYHstCxnAPA_00360',)",0,220
44,"('zYHstCxnAPA_00361',)",0,260
19,"('zYHstCxnAPA_00362',)",0,119
19,"('zYHstCxnAPA_00363',)",0,218
31,"('zYHstCxnAPA_00364',)",0,122
31,"('zYHstCxnAPA_00365',)",0,210
31,"('zYHstCxnAPA_00366',)",0,143
31,"('zYHstCxnAPA_00367',)",0,218
31,"('zYHstCxnAPA_00368',)",0,201
31,"('zYHstCxnAPA_00369',)",0,231
31,"('zYHstCxnAPA_00370',)",0,106
31,"('zYHstCxnAPA_00371',)",0,210
19,"('zYHstCxnAPA_00372',)",0,232
19,"('zYHstCxnAPA_00373',)",0,211
19,"('zYHstCxnAPA_00374',)",0,362
19,"('zYHstCxnAPA_00375',)",0,109
19,"('zYHstCxnAPA_00376',)",0,190
19,"('zYHstCxnAPA_00377',)",0,260
19,"('zYHstCxnAPA_00378',)",0,297
19,"('zYHstCxnAPA_00379',)",0,102
19,"('zYHstCxnAPA_00380',)",0,202
19,"('zYHstCxnAPA_00381',)",0,185
19,"('zYHstCxnAPA_00382',)",0,261
31,"('zYHstCxnAPA_00383',)",0,263
31,"('zYHstCxnAPA_00384',)",0,252
31,"('zYHstCxnAPA_00385',)",0,137
19,"('zYHstCxnAPA_00386',)",0,248
19,"('zYHstCxnAPA_00387',)",0,124
19,"('zYHstCxnAPA_00388',)",0,234
19,"('zYHstCxnAPA_00389',)",0,192
19,"('zYHstCxnAPA_00390',)",0,215
19,"('zYHstCxnAPA_00391',)",0,112
19,"('zYHstCxnAPA_00392',)",0,197
19,"('zYHstCxnAPA_00393',)",0,179
19,"('zYHstCxnAPA_00394',)",0,107
31,"('zYHstCxnAPA_00395',)",0,195
31,"('zYHstCxnAPA_00396',)",0,184
31,"('zYHstCxnAPA_00397',)",0,233
15,"('zYHstCxnAPA_00398',)",0,279
15,"('zYHstCxnAPA_00399',)",0,266
15,"('zYHstCxnAPA_00400',)",0,265
31,"('zYHstCxnAPA_00401',)",0,278
31,"('zYHstCxnAPA_00402',)",0,149
31,"('zYHstCxnAPA_00403',)",0,247
15,"('zYHstCxnAPA_00404',)",0,235
15,"('zYHstCxnAPA_00405',)",0,213
15,"('zYHstCxnAPA_00406',)",0,285
19,"('zYHstCxnAPA_00407',)",0,260
19,"('zYHstCxnAPA_00408',)",0,137
19,"('zYHstCxnAPA_00409',)",0,207
15,"('zYHstCxnAPA_00410',)",0,184
15,"('zYHstCxnAPA_00411',)",0,115
15,"('zYHstCxnAPA_00412',)",0,237
31,"('zYHstCxnAPA_00413',)",0,220
31,"('zYHstCxnAPA_00414',)",0,186
31,"('zYHstCxnAPA_00415',)",0,263
19,"('zYHstCxnAPA_00416',)",0,243
19,"('zYHstCxnAPA_00417',)",0,197
19,"('zYHstCxnAPA_00418',)",0,211
19,"('zYHstCxnAPA_00419',)",0,206
19,"('zYHstCxnAPA_00420',)",0,455
19,"('zYHstCxnAPA_00421',)",0,238
19,"('zYHstCxnAPA_00422',)",0,281
19,"('zYHstCxnAPA_00423',)",0,113
19,"('zYHstCxnAPA_00424',)",0,206
19,"('zYHstCxnAPA_00425',)",0,193
36,"('zYHstCxnAPA_00426',)",0,130
36,"('zYHstCxnAPA_00427',)",0,231
19,"('zYHstCxnAPA_00428',)",0,217
19,"('zYHstCxnAPA_00429',)",0,106
46,"('zYHstCxnAPA_00430',)",0,156
46,"('zYHstCxnAPA_00431',)",0,307
15,"('zYHstCxnAPA_00432',)",0,358
15,"('zYHstCxnAPA_00433',)",0,231
15,"('zYHstCxnAPA_00434',)",0,236
15,"('zYHstCxnAPA_00435',)",0,400
46,"('zYHstCxnAPA_00436',)",0,260
46,"('zYHstCxnAPA_00437',)",0,231
19,"('zYHstCxnAPA_00438',)",0,108
19,"('zYHstCxnAPA_00439',)",0,210
46,"('zYHstCxnAPA_00440',)",0,181
46,"('zYHstCxnAPA_00441',)",0,201
46,"('zYHstCxnAPA_00442',)",0,259
46,"('zYHstCxnAPA_00443',)",0,246
46,"('zYHstCxnAPA_00444',)",0,136
46,"('zYHstCxnAPA_00445',)",0,203
46,"('zYHstCxnAPA_00446',)",0,131
46,"('zYHstCxnAPA_00447',)",0,292
46,"('zYHstCxnAPA_00448',)",0,257
31,"('zYHstCxnAPA_00449',)",0,168
31,"('zYHstCxnAPA_00450',)",0,241
31,"('zYHstCxnAPA_00451',)",0,163
31,"('zYHstCxnAPA_00452',)",0,233
15,"('zYHstCxnAPA_00453',)",0,146
15,"('zYHstCxnAPA_00454',)",0,245
17,"('zYHstCxnAPA_00455',)",0,173
17,"('zYHstCxnAPA_00456',)",0,240
31,"('zYHstCxnAPA_00457',)",0,120
31,"('zYHstCxnAPA_00458',)",0,222
31,"('zYHstCxnAPA_00459',)",0,127
31,"('zYHstCxnAPA_00460',)",0,226
31,"('zYHstCxnAPA_00461',)",0,127
31,"('zYHstCxnAPA_00462',)",0,275
0,"('zYHstCxnAPA_00463',)",0,248
0,"('zYHstCxnAPA_00464',)",0,278
17,"('zYHstCxnAPA_00465',)",0,87
17,"('zYHstCxnAPA_00466',)",0,204
31,"('zYHstCxnAPA_00467',)",0,99
31,"('zYHstCxnAPA_00468',)",0,176
46,"('zYHstCxnAPA_00469',)",0,83
46,"('zYHstCxnAPA_00470',)",0,141
15,"('zYHstCxnAPA_00471',)",0,122
15,"('zYHstCxnAPA_00472',)",0,148
15,"('zYHstCxnAPA_00473',)",0,193
15,"('zYHstCxnAPA_00474',)",0,170
15,"('zYHstCxnAPA_00475',)",0,214
15,"('zYHstCxnAPA_00476',)",0,279
31,"('zYHstCxnAPA_00477',)",0,371
31,"('zYHstCxnAPA_00478',)",0,124
31,"('zYHstCxnAPA_00479',)",0,256
31,"('zYHstCxnAPA_00480',)",0,230
15,"('zYHstCxnAPA_00481',)",0,276
15,"('zYHstCxnAPA_00482',)",0,151
46,"('zYHstCxnAPA_00483',)",0,272
46,"('zYHstCxnAPA_00484',)",0,108
46,"('zYHstCxnAPA_00485',)",0,249
46,"('zYHstCxnAPA_00486',)",0,343
46,"('zYHstCxnAPA_00487',)",0,294
46,"('zYHstCxnAPA_00488',)",0,113
15,"('zYHstCxnAPA_00489',)",0,274
15,"('zYHstCxnAPA_00490',)",0,130
15,"('zYHstCxnAPA_00491',)",0,283
15,"('zYHstCxnAPA_00492',)",0,188
46,"('zYHstCxnAPA_00493',)",0,246
46,"('zYHstCxnAPA_00494',)",0,110
46,"('zYHstCxnAPA_00495',)",0,249
46,"('zYHstCxnAPA_00496',)",0,139
46,"('zYHstCxnAPA_00497',)",0,228
46,"('zYHstCxnAPA_00498',)",0,137
46,"('zYHstCxnAPA_00499',)",0,285
46,"('zYHstCxnAPA_00500',)",0,130
15,"('zYHstCxnAPA_00501',)",0,256
15,"('zYHstCxnAPA_00502',)",0,177
15,"('zYHstCxnAPA_00503',)",0,273
15,"('zYHstCxnAPA_00504',)",0,204
19,"('zYHstCxnAPA_00505',)",0,316
19,"('zYHstCxnAPA_00506',)",0,135
46,"('zYHstCxnAPA_00507',)",0,236
46,"('zYHstCxnAPA_00508',)",0,155
31,"('zYHstCxnAPA_00509',)",0,220
15,"('zYHstCxnAPA_00510',)",0,221
15,"('zYHstCxnAPA_00511',)",0,279
46,"('zYHstCxnAPA_00512',)",0,213
46,"('zYHstCxnAPA_00513',)",0,279
46,"('zYHstCxnAPA_00514',)",0,128
46,"('zYHstCxnAPA_00515',)",0,256
46,"('zYHstCxnAPA_00516',)",0,136
46,"('zYHstCxnAPA_00517',)",0,285
46,"('zYHstCxnAPA_00518',)",0,197
46,"('zYHstCxnAPA_00519',)",0,295
17,"('zYHstCxnAPA_00520',)",0,157
17,"('zYHstCxnAPA_00521',)",0,228
17,"('zYHstCxnAPA_00522',)",0,157
17,"('zYHstCxnAPA_00523',)",0,276
17,"('zYHstCxnAPA_00524',)",0,126
17,"('zYHstCxnAPA_00525',)",0,216
17,"('zYHstCxnAPA_00526',)",0,114
17,"('zYHstCxnAPA_00527',)",0,212
31,"('zYHstCxnAPA_00528',)",0,221
31,"('zYHstCxnAPA_00529',)",0,284
31,"('zYHstCxnAPA_00530',)",0,255
31,"('zYHstCxnAPA_00531',)",0,323
31,"('zYHstCxnAPA_00532',)",0,110
31,"('zYHstCxnAPA_00533',)",0,205
31,"('zYHstCxnAPA_00534',)",0,99
31,"('zYHstCxnAPA_00535',)",0,329
31,"('zYHstCxnAPA_00536',)",0,270
31,"('zYHstCxnAPA_00537',)",0,274
31,"('zYHstCxnAPA_00538',)",0,299
19,"('zYHstCxnAPA_00539',)",0,258
19,"('zYHstCxnAPA_00540',)",0,348
31,"('zYHstCxnAPA_00541',)",0,354
31,"('zYHstCxnAPA_00542',)",0,275
0,"('zYHstCxnAPA_00543',)",0,119
0,"('zYHstCxnAPA_00544',)",0,274
17,"('zYHstCxnAPA_00545',)",0,275
17,"('zYHstCxnAPA_00546',)",0,257
17,"('zYHstCxnAPA_00547',)",0,306
17,"('zYHstCxnAPA_00548',)",0,169
24,"('zYHstCxnAPA_00549',)",0,201
24,"('zYHstCxnAPA_00550',)",0,199
31,"('zYHstCxnAPA_00551',)",0,138
31,"('zYHstCxnAPA_00552',)",0,254
34,"('zYHstCxnAPA_00553',)",0,209
34,"('zYHstCxnAPA_00554',)",0,132
21,"('zYHstCxnAPA_00555',)",0,79
21,"('zYHstCxnAPA_00556',)",0,254
34,"('zYHstCxnAPA_00557',)",0,188
34,"('zYHstCxnAPA_00558',)",0,296
33,"('zYHstCxnAPA_00559',)",0,340
33,"('zYHstCxnAPA_00560',)",0,254
33,"('zYHstCxnAPA_00561',)",0,326
33,"('zYHstCxnAPA_00562',)",0,270
24,"('zYHstCxnAPA_00563',)",0,756
24,"('zYHstCxnAPA_00564',)",0,132
24,"('zYHstCxnAPA_00565',)",0,249
24,"('zYHstCxnAPA_00566',)",0,148
34,"('zYHstCxnAPA_00567',)",0,232
34,"('zYHstCxnAPA_00568',)",0,180
27,"('zYHstCxnAPA_00569',)",0,230
27,"('zYHstCxnAPA_00570',)",0,349
34,"('zYHstCxnAPA_00571',)",0,286
34,"('zYHstCxnAPA_00572',)",0,144
8,"('zYHstCxnAPA_00573',)",0,234
8,"('zYHstCxnAPA_00574',)",0,136
24,"('zYHstCxnAPA_00575',)",0,190
24,"('zYHstCxnAPA_00576',)",0,159
24,"('zYHstCxnAPA_00577',)",0,278
24,"('zYHstCxnAPA_00578',)",0,105
24,"('zYHstCxnAPA_00579',)",0,219
24,"('zYHstCxnAPA_00580',)",0,227
27,"('zYHstCxnAPA_00581',)",0,302
27,"('zYHstCxnAPA_00582',)",0,260
24,"('zYHstCxnAPA_00583',)",0,264
24,"('zYHstCxnAPA_00584',)",0,311
34,"('zYHstCxnAPA_00585',)",0,278
34,"('zYHstCxnAPA_00586',)",0,235
33,"('zYHstCxnAPA_00587',)",0,256
33,"('zYHstCxnAPA_00588',)",0,121
7,"('zYHstCxnAPA_00589',)",0,276
7,"('zYHstCxnAPA_00590',)",0,133
27,"('zYHstCxnAPA_00591',)",0,315
27,"('zYHstCxnAPA_00592',)",0,140
27,"('zYHstCxnAPA_00593',)",0,265
27,"('zYHstCxnAPA_00594',)",0,304
27,"('zYHstCxnAPA_00595',)",0,349
8,"('zYHstCxnAPA_00596',)",0,481
8,"('zYHstCxnAPA_00597',)",0,308
21,"('zYHstCxnAPA_00598',)",0,114
21,"('zYHstCxnAPA_00599',)",0,259
33,"('zYHstCxnAPA_00600',)",0,234
33,"('zYHstCxnAPA_00601',)",0,266
24,"('zYHstCxnAPA_00602',)",0,214
24,"('zYHstCxnAPA_00603',)",0,245
24,"('zYHstCxnAPA_00604',)",0,151
24,"('zYHstCxnAPA_00605',)",0,508
24,"('zYHstCxnAPA_00606',)",0,302
24,"('zYHstCxnAPA_00607',)",0,299
34,"('zYHstCxnAPA_00608',)",0,143
34,"('zYHstCxnAPA_00609',)",0,271
7,"('zYHstCxnAPA_00610',)",0,123
7,"('zYHstCxnAPA_00611',)",0,254
7,"('zYHstCxnAPA_00612',)",0,105
7,"('zYHstCxnAPA_00613',)",0,216
34,"('zYHstCxnAPA_00614',)",0,420
34,"('zYHstCxnAPA_00615',)",0,353
34,"('zYHstCxnAPA_00616',)",0,78
34,"('zYHstCxnAPA_00617',)",0,151
34,"('zYHstCxnAPA_00618',)",0,291
34,"('zYHstCxnAPA_00619',)",0,249
34,"('zYHstCxnAPA_00620',)",0,305
34,"('zYHstCxnAPA_00621',)",0,116
27,"('zYHstCxnAPA_00622',)",0,231
27,"('zYHstCxnAPA_00623',)",0,249
7,"('zYHstCxnAPA_00624',)",0,299
7,"('zYHstCxnAPA_00625',)",0,129
30,"('zYHstCxnAPA_00626',)",0,241
30,"('zYHstCxnAPA_00627',)",0,99
26,"('zYHstCxnAPA_00628',)",0,195
26,"('zYHstCxnAPA_00629',)",0,158
26,"('zYHstCxnAPA_00630',)",0,249
26,"('zYHstCxnAPA_00631',)",0,153
34,"('zYHstCxnAPA_00632',)",0,301
34,"('zYHstCxnAPA_00633',)",0,195
44,"('zYHstCxnAPA_00634',)",0,261
44,"('zYHstCxnAPA_00635',)",0,120
7,"('zYHstCxnAPA_00636',)",0,228
7,"('zYHstCxnAPA_00637',)",0,137
7,"('zYHstCxnAPA_00638',)",0,233
7,"('zYHstCxnAPA_00639',)",0,129
7,"('zYHstCxnAPA_00640',)",0,281
7,"('zYHstCxnAPA_00641',)",0,223
21,"('zYHstCxnAPA_00642',)",0,267
21,"('zYHstCxnAPA_00643',)",0,288
34,"('zYHstCxnAPA_00644',)",0,305
34,"('zYHstCxnAPA_00645',)",0,125
24,"('zYHstCxnAPA_00646',)",0,253
24,"('zYHstCxnAPA_00647',)",0,104
34,"('zYHstCxnAPA_00648',)",0,271
34,"('zYHstCxnAPA_00649',)",0,168
21,"('zYHstCxnAPA_00650',)",0,347
21,"('zYHstCxnAPA_00651',)",0,172
3,"('zYHstCxnAPA_00652',)",0,261
3,"('zYHstCxnAPA_00653',)",0,203
3,"('zYHstCxnAPA_00654',)",0,272
3,"('zYHstCxnAPA_00655',)",0,180
3,"('zYHstCxnAPA_00656',)",0,302
26,"('zYHstCxnAPA_00657',)",0,131
43,"('zYHstCxnAPA_00658',)",0,243
43,"('zYHstCxnAPA_00659',)",0,200
44,"('zYHstCxnAPA_00660',)",0,204
44,"('zYHstCxnAPA_00661',)",0,441
34,"('zYHstCxnAPA_00662',)",0,253
34,"('zYHstCxnAPA_00663',)",0,160
44,"('zYHstCxnAPA_00664',)",0,259
44,"('zYHstCxnAPA_00665',)",0,150
26,"('zYHstCxnAPA_00666',)",0,235
26,"('zYHstCxnAPA_00667',)",0,139
7,"('zYHstCxnAPA_00668',)",0,254
7,"('zYHstCxnAPA_00669',)",0,402
34,"('zYHstCxnAPA_00670',)",0,252
34,"('zYHstCxnAPA_00671',)",0,134
34,"('zYHstCxnAPA_00672',)",0,304
34,"('zYHstCxnAPA_00673',)",0,493
8,"('zYHstCxnAPA_00674',)",0,307
8,"('zYHstCxnAPA_00675',)",0,232
8,"('zYHstCxnAPA_00676',)",0,382
30,"('zYHstCxnAPA_00677',)",0,118
30,"('zYHstCxnAPA_00678',)",0,247
30,"('zYHstCxnAPA_00679',)",0,177
34,"('zYHstCxnAPA_00680',)",0,241
34,"('zYHstCxnAPA_00681',)",0,144
8,"('zYHstCxnAPA_00682',)",0,262
8,"('zYHstCxnAPA_00683',)",0,141
8,"('zYHstCxnAPA_00684',)",0,233
8,"('zYHstCxnAPA_00685',)",0,79
8,"('zYHstCxnAPA_00686',)",0,226
8,"('zYHstCxnAPA_00687',)",0,87
27,"('zYHstCxnAPA_00688',)",0,191
27,"('zYHstCxnAPA_00689',)",0,328
39,"('zYHstCxnAPA_00690',)",0,316
39,"('zYHstCxnAPA_00691',)",0,428
26,"('zYHstCxnAPA_00692',)",0,367
26,"('zYHstCxnAPA_00693',)",0,150
7,"('zYHstCxnAPA_00694',)",0,235
7,"('zYHstCxnAPA_00695',)",0,125
43,"('zYHstCxnAPA_00696',)",0,260
43,"('zYHstCxnAPA_00697',)",0,175
7,"('zYHstCxnAPA_00698',)",0,321
7,"('zYHstCxnAPA_00699',)",0,456
8,"('zYHstCxnAPA_00700',)",0,237
8,"('zYHstCxnAPA_00701',)",0,91
34,"('zYHstCxnAPA_00702',)",0,278
34,"('zYHstCxnAPA_00703',)",0,184
43,"('zYHstCxnAPA_00704',)",0,230
43,"('zYHstCxnAPA_00705',)",0,142
44,"('zYHstCxnAPA_00706',)",0,199
44,"('zYHstCxnAPA_00707',)",0,128
27,"('zYHstCxnAPA_00708',)",0,276
27,"('zYHstCxnAPA_00709',)",0,202
43,"('zYHstCxnAPA_00710',)",0,339
43,"('zYHstCxnAPA_00711',)",0,153
44,"('zYHstCxnAPA_00712',)",0,239
44,"('zYHstCxnAPA_00713',)",0,143
44,"('zYHstCxnAPA_00714',)",0,229
44,"('zYHstCxnAPA_00715',)",0,240
8,"('zYHstCxnAPA_00716',)",0,311
8,"('zYHstCxnAPA_00717',)",0,227
7,"('zYHstCxnAPA_00718',)",0,234
7,"('zYHstCxnAPA_00719',)",0,179
21,"('zYHstCxnAPA_00720',)",0,298
21,"('zYHstCxnAPA_00721',)",0,228
21,"('zYHstCxnAPA_00722',)",0,237
21,"('zYHstCxnAPA_00723',)",0,226
7,"('zYHstCxnAPA_00724',)",0,354
7,"('zYHstCxnAPA_00725',)",0,191
33,"('zYHstCxnAPA_00726',)",0,269
33,"('zYHstCxnAPA_00727',)",0,114
8,"('zYHstCxnAPA_00728',)",0,249
8,"('zYHstCxnAPA_00729',)",0,183
8,"('zYHstCxnAPA_00730',)",0,294
8,"('zYHstCxnAPA_00731',)",0,153
34,"('zYHstCxnAPA_00732',)",0,228
34,"('zYHstCxnAPA_00733',)",0,206
44,"('zYHstCxnAPA_00734',)",0,256
44,"('zYHstCxnAPA_00735',)",0,187
43,"('zYHstCxnAPA_00736',)",0,242
43,"('zYHstCxnAPA_00737',)",0,142
8,"('zYHstCxnAPA_00738',)",0,248
8,"('zYHstCxnAPA_00739',)",0,98
8,"('zYHstCxnAPA_00740',)",0,205
8,"('zYHstCxnAPA_00741',)",0,131
44,"('zYHstCxnAPA_00742',)",0,258
44,"('zYHstCxnAPA_00743',)",0,112
21,"('zYHstCxnAPA_00744',)",0,199
21,"('zYHstCxnAPA_00745',)",0,116
8,"('zYHstCxnAPA_00746',)",0,338
8,"('zYHstCxnAPA_00747',)",0,246
44,"('zYHstCxnAPA_00748',)",0,317
44,"('zYHstCxnAPA_00749',)",0,176
44,"('zYHstCxnAPA_00750',)",0,232
44,"('zYHstCxnAPA_00751',)",0,141
44,"('zYHstCxnAPA_00752',)",0,278
44,"('zYHstCxnAPA_00753',)",0,225
44,"('zYHstCxnAPA_00754',)",0,253
44,"('zYHstCxnAPA_00755',)",0,147
43,"('zYHstCxnAPA_00756',)",0,241
43,"('zYHstCxnAPA_00757',)",0,118
33,"('zYHstCxnAPA_00758',)",0,216
33,"('zYHstCxnAPA_00759',)",0,219
21,"('zYHstCxnAPA_00760',)",0,284
21,"('zYHstCxnAPA_00761',)",0,103
33,"('zYHstCxnAPA_00762',)",0,348
33,"('zYHstCxnAPA_00763',)",0,130
17,"('zYHstCxnAPA_00764',)",0,267
17,"('zYHstCxnAPA_00765',)",0,249
1,"('zYHstCxnAPA_00766',)",0,245
1,"('zYHstCxnAPA_00767',)",0,110
21,"('zYHstCxnAPA_00768',)",0,201
21,"('zYHstCxnAPA_00769',)",0,292
21,"('zYHstCxnAPA_00770',)",0,339
21,"('zYHstCxnAPA_00771',)",0,111
21,"('zYHstCxnAPA_00772',)",0,199
21,"('zYHstCxnAPA_00773',)",0,517
34,"('zYHstCxnAPA_00774',)",0,277
34,"('zYHstCxnAPA_00775',)",0,199
8,"('zYHstCxnAPA_00776',)",0,267
8,"('zYHstCxnAPA_00777',)",0,128
34,"('zYHstCxnAPA_00778',)",0,227
34,"('zYHstCxnAPA_00779',)",0,219
44,"('zYHstCxnAPA_00780',)",0,340
44,"('zYHstCxnAPA_00781',)",0,152
43,"('zYHstCxnAPA_00782',)",0,135
43,"('zYHstCxnAPA_00783',)",0,124
1,"('zYHstCxnAPA_00784',)",0,201
1,"('zYHstCxnAPA_00785',)",0,111
8,"('zYHstCxnAPA_00786',)",0,232
8,"('zYHstCxnAPA_00787',)",0,294
21,"('zYHstCxnAPA_00788',)",0,315
21,"('zYHstCxnAPA_00789',)",0,113
21,"('zYHstCxnAPA_00790',)",0,231
21,"('zYHstCxnAPA_00791',)",0,230
34,"('zYHstCxnAPA_00792',)",0,101
34,"('zYHstCxnAPA_00793',)",0,139
21,"('zYHstCxnAPA_00794',)",0,186
21,"('zYHstCxnAPA_00795',)",0,118
2,"('zYHstCxnAPA_00796',)",0,268
2,"('zYHstCxnAPA_00797',)",0,301
8,"('zYHstCxnAPA_00798',)",0,218
8,"('zYHstCxnAPA_00799',)",0,132
21,"('zYHstCxnAPA_00800',)",0,228
21,"('zYHstCxnAPA_00801',)",0,113
1,"('zYHstCxnAPA_00802',)",0,229
1,"('zYHstCxnAPA_00803',)",0,162
1,"('zYHstCxnAPA_00804',)",0,275
1,"('zYHstCxnAPA_00805',)",0,196
34,"('zYHstCxnAPA_00806',)",0,265
34,"('zYHstCxnAPA_00807',)",0,124
27,"('zYHstCxnAPA_00808',)",0,238
27,"('zYHstCxnAPA_00809',)",0,223
33,"('zYHstCxnAPA_00810',)",0,314
33,"('zYHstCxnAPA_00811',)",0,124
1,"('zYHstCxnAPA_00812',)",0,224
1,"('zYHstCxnAPA_00813',)",0,146
21,"('zYHstCxnAPA_00814',)",0,212
21,"('zYHstCxnAPA_00815',)",0,119
2,"('zYHstCxnAPA_00816',)",0,219
2,"('zYHstCxnAPA_00817',)",0,400
44,"('czXA41QTops_00000',)",0,154
44,"('czXA41QTops_00001',)",0,187
26,"('czXA41QTops_00002',)",0,97
26,"('czXA41QTops_00003',)",0,185
33,"('czXA41QTops_00004',)",0,234
33,"('czXA41QTops_00005',)",0,223
26,"('czXA41QTops_00006',)",0,139
26,"('czXA41QTops_00007',)",0,203
26,"('czXA41QTops_00008',)",0,64
26,"('czXA41QTops_00009',)",0,145
35,"('czXA41QTops_00010',)",0,141
35,"('czXA41QTops_00011',)",0,179
7,"('czXA41QTops_00012',)",0,83
7,"('czXA41QTops_00013',)",0,172
7,"('czXA41QTops_00014',)",0,79
12,"('czXA41QTops_00015',)",0,149
12,"('czXA41QTops_00016',)",0,178
12,"('czXA41QTops_00017',)",0,69
35,"('czXA41QTops_00018',)",0,91
35,"('czXA41QTops_00019',)",0,180
35,"('czXA41QTops_00020',)",0,93
35,"('czXA41QTops_00021',)",0,233
35,"('czXA41QTops_00022',)",0,120
35,"('czXA41QTops_00023',)",0,78
35,"('czXA41QTops_00024',)",0,171
35,"('czXA41QTops_00025',)",0,164
35,"('czXA41QTops_00026',)",0,95
26,"('czXA41QTops_00027',)",0,88
26,"('czXA41QTops_00028',)",0,183
26,"('czXA41QTops_00029',)",0,115
9,"('czXA41QTops_00030',)",0,144
9,"('czXA41QTops_00031',)",0,202
26,"('czXA41QTops_00032',)",0,122
26,"('czXA41QTops_00033',)",0,169
26,"('czXA41QTops_00034',)",0,100
12,"('czXA41QTops_00035',)",0,100
12,"('czXA41QTops_00036',)",0,210
9,"('czXA41QTops_00037',)",0,209
9,"('czXA41QTops_00038',)",0,161
9,"('czXA41QTops_00039',)",0,145
9,"('czXA41QTops_00040',)",0,66
9,"('czXA41QTops_00041',)",0,150
9,"('czXA41QTops_00042',)",0,70
35,"('czXA41QTops_00043',)",0,145
35,"('czXA41QTops_00044',)",0,177
35,"('czXA41QTops_00045',)",0,132
12,"('czXA41QTops_00046',)",0,134
12,"('czXA41QTops_00047',)",0,121
12,"('czXA41QTops_00048',)",0,113
12,"('czXA41QTops_00049',)",0,187
12,"('czXA41QTops_00050',)",0,126
44,"('czXA41QTops_00051',)",0,97
44,"('czXA41QTops_00052',)",0,192
44,"('czXA41QTops_00053',)",0,117
5,"('czXA41QTops_00054',)",0,128
5,"('czXA41QTops_00055',)",0,200
5,"('czXA41QTops_00056',)",0,187
5,"('czXA41QTops_00057',)",0,94
5,"('czXA41QTops_00058',)",0,98
5,"('czXA41QTops_00059',)",0,111
5,"('czXA41QTops_00060',)",0,188
5,"('czXA41QTops_00061',)",0,91
5,"('czXA41QTops_00062',)",0,99
5,"('czXA41QTops_00063',)",0,176
5,"('czXA41QTops_00064',)",0,63
5,"('czXA41QTops_00065',)",0,183
5,"('czXA41QTops_00066',)",0,138
5,"('czXA41QTops_00067',)",0,57
12,"('czXA41QTops_00068',)",0,165
12,"('czXA41QTops_00069',)",0,183
12,"('czXA41QTops_00070',)",0,66
35,"('czXA41QTops_00071',)",0,50
35,"('czXA41QTops_00072',)",0,130
35,"('czXA41QTops_00073',)",0,74
35,"('czXA41QTops_00074',)",0,91
35,"('czXA41QTops_00075',)",0,127
35,"('czXA41QTops_00076',)",0,83
9,"('czXA41QTops_00077',)",0,230
9,"('czXA41QTops_00078',)",0,139
9,"('czXA41QTops_00079',)",0,119
9,"('czXA41QTops_00080',)",0,108
9,"('czXA41QTops_00081',)",0,154
9,"('czXA41QTops_00082',)",0,122
9,"('czXA41QTops_00083',)",0,165
9,"('czXA41QTops_00084',)",0,163
9,"('czXA41QTops_00085',)",0,94
35,"('czXA41QTops_00086',)",0,105
35,"('czXA41QTops_00087',)",0,165
35,"('czXA41QTops_00088',)",0,100
44,"('czXA41QTops_00089',)",0,101
44,"('czXA41QTops_00090',)",0,186
26,"('czXA41QTops_00091',)",0,134
26,"('czXA41QTops_00092',)",0,120
33,"('czXA41QTops_00093',)",0,188
33,"('czXA41QTops_00094',)",0,73
26,"('czXA41QTops_00095',)",0,160
26,"('czXA41QTops_00096',)",0,88
26,"('czXA41QTops_00097',)",0,197
9,"('czXA41QTops_00098',)",0,84
9,"('czXA41QTops_00099',)",0,190
26,"('czXA41QTops_00100',)",0,120
26,"('czXA41QTops_00101',)",0,152
26,"('czXA41QTops_00102',)",0,211
12,"('czXA41QTops_00103',)",0,82
12,"('czXA41QTops_00104',)",0,173
26,"('czXA41QTops_00105',)",0,105
26,"('czXA41QTops_00106',)",0,96
26,"('czXA41QTops_00107',)",0,183
26,"('czXA41QTops_00108',)",0,118
26,"('czXA41QTops_00109',)",0,274
26,"('czXA41QTops_00110',)",0,104
35,"('czXA41QTops_00111',)",0,197
35,"('czXA41QTops_00112',)",0,98
19,"('db7DmpqzGmc_00000',)",0,104
19,"('db7DmpqzGmc_00001',)",0,173
19,"('db7DmpqzGmc_00002',)",0,174
29,"('db7DmpqzGmc_00003',)",0,35
29,"('db7DmpqzGmc_00004',)",0,104
29,"('db7DmpqzGmc_00005',)",0,167
36,"('db7DmpqzGmc_00006',)",0,65
36,"('db7DmpqzGmc_00007',)",0,79
36,"('db7DmpqzGmc_00008',)",0,130
29,"('db7DmpqzGmc_00009',)",0,69
29,"('db7DmpqzGmc_00010',)",0,128
29,"('db7DmpqzGmc_00011',)",0,145
29,"('db7DmpqzGmc_00012',)",0,55
29,"('db7DmpqzGmc_00013',)",0,83
29,"('db7DmpqzGmc_00014',)",0,163
29,"('db7DmpqzGmc_00015',)",0,50
29,"('db7DmpqzGmc_00016',)",0,26
29,"('db7DmpqzGmc_00017',)",0,93
29,"('db7DmpqzGmc_00018',)",0,145
36,"('db7DmpqzGmc_00019',)",0,127
36,"('db7DmpqzGmc_00020',)",0,95
36,"('db7DmpqzGmc_00021',)",0,141
29,"('db7DmpqzGmc_00022',)",0,122
29,"('db7DmpqzGmc_00023',)",0,78
29,"('db7DmpqzGmc_00024',)",0,92
29,"('db7DmpqzGmc_00025',)",0,84
29,"('db7DmpqzGmc_00026',)",0,96
29,"('db7DmpqzGmc_00027',)",0,156
15,"('db7DmpqzGmc_00028',)",0,111
15,"('db7DmpqzGmc_00029',)",0,75
15,"('db7DmpqzGmc_00030',)",0,128
36,"('db7DmpqzGmc_00031',)",0,75
36,"('db7DmpqzGmc_00032',)",0,106
36,"('db7DmpqzGmc_00033',)",0,199
29,"('db7DmpqzGmc_00034',)",0,61
29,"('db7DmpqzGmc_00035',)",0,50
29,"('db7DmpqzGmc_00036',)",0,69
29,"('db7DmpqzGmc_00037',)",0,143
46,"('db7DmpqzGmc_00038',)",0,90
46,"('db7DmpqzGmc_00039',)",0,26
46,"('db7DmpqzGmc_00040',)",0,151
46,"('db7DmpqzGmc_00041',)",0,95
0,"('db7DmpqzGmc_00042',)",0,85
0,"('db7DmpqzGmc_00043',)",0,103
0,"('db7DmpqzGmc_00044',)",0,83
46,"('db7DmpqzGmc_00045',)",0,92
46,"('db7DmpqzGmc_00046',)",0,158
46,"('db7DmpqzGmc_00047',)",0,176
46,"('db7DmpqzGmc_00048',)",0,201
46,"('db7DmpqzGmc_00049',)",0,151
46,"('db7DmpqzGmc_00050',)",0,148
46,"('db7DmpqzGmc_00051',)",0,52
46,"('db7DmpqzGmc_00052',)",0,121
46,"('db7DmpqzGmc_00053',)",0,101
37,"('db7DmpqzGmc_00054',)",0,124
37,"('db7DmpqzGmc_00055',)",0,117
37,"('db7DmpqzGmc_00056',)",0,90
37,"('db7DmpqzGmc_00057',)",0,138
33,"('db7DmpqzGmc_00058',)",0,58
33,"('db7DmpqzGmc_00059',)",0,84
33,"('db7DmpqzGmc_00060',)",0,101
7,"('db7DmpqzGmc_00061',)",0,48
7,"('db7DmpqzGmc_00062',)",0,89
7,"('db7DmpqzGmc_00063',)",0,137
7,"('db7DmpqzGmc_00064',)",0,49
7,"('db7DmpqzGmc_00065',)",0,87
7,"('db7DmpqzGmc_00066',)",0,99
34,"('db7DmpqzGmc_00067',)",0,102
34,"('db7DmpqzGmc_00068',)",0,113
34,"('db7DmpqzGmc_00069',)",0,140
7,"('db7DmpqzGmc_00070',)",0,73
7,"('db7DmpqzGmc_00071',)",0,103
7,"('db7DmpqzGmc_00072',)",0,145
33,"('db7DmpqzGmc_00073',)",0,106
33,"('db7DmpqzGmc_00074',)",0,105
33,"('db7DmpqzGmc_00075',)",0,165
26,"('db7DmpqzGmc_00076',)",0,159
26,"('db7DmpqzGmc_00077',)",0,219
26,"('db7DmpqzGmc_00078',)",0,236
7,"('db7DmpqzGmc_00079',)",0,53
7,"('db7DmpqzGmc_00080',)",0,91
7,"('db7DmpqzGmc_00081',)",0,141
33,"('db7DmpqzGmc_00082',)",0,40
33,"('db7DmpqzGmc_00083',)",0,74
33,"('db7DmpqzGmc_00084',)",0,90
33,"('db7DmpqzGmc_00085',)",0,154
21,"('db7DmpqzGmc_00086',)",0,63
21,"('db7DmpqzGmc_00087',)",0,142
21,"('db7DmpqzGmc_00088',)",0,164
43,"('db7DmpqzGmc_00089',)",0,102
43,"('db7DmpqzGmc_00090',)",0,158
43,"('db7DmpqzGmc_00091',)",0,138
43,"('db7DmpqzGmc_00092',)",0,59
43,"('db7DmpqzGmc_00093',)",0,116
43,"('db7DmpqzGmc_00094',)",0,172
7,"('db7DmpqzGmc_00095',)",0,71
7,"('db7DmpqzGmc_00096',)",0,84
7,"('db7DmpqzGmc_00097',)",0,160
43,"('db7DmpqzGmc_00098',)",0,59
43,"('db7DmpqzGmc_00099',)",0,99
43,"('db7DmpqzGmc_00100',)",0,163
7,"('db7DmpqzGmc_00101',)",0,77
7,"('db7DmpqzGmc_00102',)",0,116
7,"('db7DmpqzGmc_00103',)",0,192
7,"('db7DmpqzGmc_00104',)",0,37
7,"('db7DmpqzGmc_00105',)",0,34
7,"('db7DmpqzGmc_00106',)",0,103
7,"('db7DmpqzGmc_00107',)",0,55
21,"('db7DmpqzGmc_00108',)",0,98
21,"('db7DmpqzGmc_00109',)",0,142
21,"('db7DmpqzGmc_00110',)",0,200
43,"('db7DmpqzGmc_00111',)",0,68
43,"('db7DmpqzGmc_00112',)",0,124
43,"('db7DmpqzGmc_00113',)",0,87
43,"('db7DmpqzGmc_00114',)",0,134
43,"('db7DmpqzGmc_00115',)",0,96
43,"('db7DmpqzGmc_00116',)",0,146
43,"('db7DmpqzGmc_00117',)",0,96
21,"('db7DmpqzGmc_00118',)",0,82
21,"('db7DmpqzGmc_00119',)",0,138
21,"('db7DmpqzGmc_00120',)",0,175
21,"('db7DmpqzGmc_00121',)",0,53
21,"('db7DmpqzGmc_00122',)",0,127
21,"('db7DmpqzGmc_00123',)",0,166
21,"('db7DmpqzGmc_00124',)",0,108
21,"('db7DmpqzGmc_00125',)",0,173
21,"('db7DmpqzGmc_00126',)",0,151
33,"('db7DmpqzGmc_00127',)",0,61
33,"('db7DmpqzGmc_00128',)",0,24
33,"('db7DmpqzGmc_00129',)",0,93
33,"('db7DmpqzGmc_00130',)",0,142
21,"('db7DmpqzGmc_00131',)",0,134
21,"('db7DmpqzGmc_00132',)",0,231
21,"('db7DmpqzGmc_00133',)",0,195
21,"('db7DmpqzGmc_00134',)",0,32
21,"('db7DmpqzGmc_00135',)",0,41
21,"('db7DmpqzGmc_00136',)",0,81
21,"('db7DmpqzGmc_00137',)",0,145
33,"('db7DmpqzGmc_00138',)",0,54
33,"('db7DmpqzGmc_00139',)",0,87
33,"('db7DmpqzGmc_00140',)",0,81
7,"('db7DmpqzGmc_00141',)",0,58
7,"('db7DmpqzGmc_00142',)",0,74
7,"('db7DmpqzGmc_00143',)",0,79
7,"('db7DmpqzGmc_00144',)",0,122
19,"('db7DmpqzGmc_00145',)",0,68
19,"('db7DmpqzGmc_00146',)",0,130
19,"('db7DmpqzGmc_00147',)",0,114
29,"('db7DmpqzGmc_00148',)",0,125
29,"('db7DmpqzGmc_00149',)",0,167
29,"('db7DmpqzGmc_00150',)",0,219
36,"('db7DmpqzGmc_00151',)",0,163
36,"('db7DmpqzGmc_00152',)",0,76
36,"('db7DmpqzGmc_00153',)",0,140
29,"('db7DmpqzGmc_00154',)",0,70
29,"('db7DmpqzGmc_00155',)",0,112
29,"('db7DmpqzGmc_00156',)",0,140
29,"('db7DmpqzGmc_00157',)",0,97
29,"('db7DmpqzGmc_00158',)",0,161
29,"('db7DmpqzGmc_00159',)",0,174
29,"('db7DmpqzGmc_00160',)",0,86
29,"('db7DmpqzGmc_00161',)",0,95
29,"('db7DmpqzGmc_00162',)",0,205
46,"('db7DmpqzGmc_00163',)",0,44
46,"('db7DmpqzGmc_00164',)",0,69
46,"('db7DmpqzGmc_00165',)",0,81
0,"('db7DmpqzGmc_00166',)",0,187
0,"('db7DmpqzGmc_00167',)",0,81
0,"('db7DmpqzGmc_00168',)",0,50
46,"('db7DmpqzGmc_00169',)",0,105
46,"('db7DmpqzGmc_00170',)",0,55
46,"('db7DmpqzGmc_00171',)",0,151
46,"('db7DmpqzGmc_00172',)",0,152
46,"('db7DmpqzGmc_00173',)",0,85
46,"('db7DmpqzGmc_00174',)",0,142
46,"('db7DmpqzGmc_00175',)",0,130
46,"('db7DmpqzGmc_00176',)",0,131
46,"('db7DmpqzGmc_00177',)",0,93
46,"('db7DmpqzGmc_00178',)",0,101
37,"('db7DmpqzGmc_00179',)",0,78
37,"('db7DmpqzGmc_00180',)",0,159
37,"('db7DmpqzGmc_00181',)",0,108
37,"('db7DmpqzGmc_00182',)",0,142
26,"('db7DmpqzGmc_00183',)",0,76
26,"('db7DmpqzGmc_00184',)",0,118
26,"('db7DmpqzGmc_00185',)",0,175
7,"('db7DmpqzGmc_00186',)",0,75
7,"('db7DmpqzGmc_00187',)",0,107
7,"('db7DmpqzGmc_00188',)",0,157
33,"('db7DmpqzGmc_00189',)",0,85
33,"('db7DmpqzGmc_00190',)",0,111
33,"('db7DmpqzGmc_00191',)",0,118
33,"('db7DmpqzGmc_00192',)",0,137
21,"('db7DmpqzGmc_00193',)",0,118
21,"('db7DmpqzGmc_00194',)",0,153
21,"('db7DmpqzGmc_00195',)",0,207
43,"('db7DmpqzGmc_00196',)",0,86
43,"('db7DmpqzGmc_00197',)",0,135
43,"('db7DmpqzGmc_00198',)",0,118
43,"('db7DmpqzGmc_00199',)",0,98
43,"('db7DmpqzGmc_00200',)",0,135
43,"('db7DmpqzGmc_00201',)",0,215
33,"('db7DmpqzGmc_00202',)",0,38
33,"('db7DmpqzGmc_00203',)",0,57
33,"('db7DmpqzGmc_00204',)",0,66
7,"('db7DmpqzGmc_00205',)",0,46
7,"('db7DmpqzGmc_00206',)",0,69
7,"('db7DmpqzGmc_00207',)",0,119
7,"('db7DmpqzGmc_00208',)",0,176
7,"('db7DmpqzGmc_00209',)",0,87
7,"('db7DmpqzGmc_00210',)",0,92
34,"('db7DmpqzGmc_00211',)",0,60
34,"('db7DmpqzGmc_00212',)",0,97
34,"('db7DmpqzGmc_00213',)",0,150
7,"('db7DmpqzGmc_00214',)",0,166
7,"('db7DmpqzGmc_00215',)",0,64
7,"('db7DmpqzGmc_00216',)",0,129
33,"('db7DmpqzGmc_00217',)",0,55
29,"('db7DmpqzGmc_00218',)",0,73
29,"('db7DmpqzGmc_00219',)",0,139
29,"('db7DmpqzGmc_00220',)",0,136
36,"('db7DmpqzGmc_00221',)",0,58
36,"('db7DmpqzGmc_00222',)",0,87
36,"('db7DmpqzGmc_00223',)",0,152
29,"('db7DmpqzGmc_00224',)",0,104
29,"('db7DmpqzGmc_00225',)",0,115
29,"('db7DmpqzGmc_00226',)",0,132
29,"('db7DmpqzGmc_00227',)",0,92
29,"('db7DmpqzGmc_00228',)",0,164
29,"('db7DmpqzGmc_00229',)",0,188
15,"('db7DmpqzGmc_00230',)",0,61
15,"('db7DmpqzGmc_00231',)",0,81
15,"('db7DmpqzGmc_00232',)",0,139
26,"('RWNrARSbRCY_00000',)",0,84
26,"('RWNrARSbRCY_00001',)",0,113
26,"('RWNrARSbRCY_00002',)",0,180
5,"('RWNrARSbRCY_00003',)",0,62
5,"('RWNrARSbRCY_00004',)",0,127
5,"('RWNrARSbRCY_00005',)",0,171
26,"('RWNrARSbRCY_00006',)",0,140
26,"('RWNrARSbRCY_00007',)",0,150
26,"('RWNrARSbRCY_00008',)",0,229
26,"('RWNrARSbRCY_00009',)",0,95
26,"('RWNrARSbRCY_00010',)",0,94
26,"('RWNrARSbRCY_00011',)",0,150
26,"('RWNrARSbRCY_00012',)",0,70
26,"('RWNrARSbRCY_00013',)",0,98
26,"('RWNrARSbRCY_00014',)",0,178
26,"('RWNrARSbRCY_00015',)",0,92
26,"('RWNrARSbRCY_00016',)",0,98
26,"('RWNrARSbRCY_00017',)",0,171
35,"('RWNrARSbRCY_00018',)",0,93
35,"('RWNrARSbRCY_00019',)",0,104
35,"('RWNrARSbRCY_00020',)",0,179
12,"('RWNrARSbRCY_00021',)",0,94
12,"('RWNrARSbRCY_00022',)",0,128
12,"('RWNrARSbRCY_00023',)",0,102
7,"('RWNrARSbRCY_00024',)",0,214
7,"('RWNrARSbRCY_00025',)",0,122
7,"('RWNrARSbRCY_00026',)",0,185
35,"('RWNrARSbRCY_00027',)",0,107
35,"('RWNrARSbRCY_00028',)",0,142
35,"('RWNrARSbRCY_00029',)",0,192
35,"('RWNrARSbRCY_00030',)",0,88
35,"('RWNrARSbRCY_00031',)",0,112
35,"('RWNrARSbRCY_00032',)",0,216
35,"('RWNrARSbRCY_00033',)",0,229
35,"('RWNrARSbRCY_00034',)",0,113
35,"('RWNrARSbRCY_00035',)",0,133
35,"('RWNrARSbRCY_00036',)",0,195
26,"('RWNrARSbRCY_00037',)",0,174
26,"('RWNrARSbRCY_00038',)",0,117
26,"('RWNrARSbRCY_00039',)",0,124
33,"('RWNrARSbRCY_00040',)",0,201
33,"('RWNrARSbRCY_00041',)",0,112
33,"('RWNrARSbRCY_00042',)",0,173
9,"('RWNrARSbRCY_00043',)",0,195
9,"('RWNrARSbRCY_00044',)",0,116
9,"('RWNrARSbRCY_00045',)",0,195
12,"('RWNrARSbRCY_00046',)",0,239
12,"('RWNrARSbRCY_00047',)",0,128
12,"('RWNrARSbRCY_00048',)",0,175
9,"('RWNrARSbRCY_00049',)",0,52
9,"('RWNrARSbRCY_00050',)",0,133
9,"('RWNrARSbRCY_00051',)",0,158
9,"('RWNrARSbRCY_00052',)",0,59
9,"('RWNrARSbRCY_00053',)",0,116
9,"('RWNrARSbRCY_00054',)",0,108
9,"('RWNrARSbRCY_00055',)",0,124
35,"('RWNrARSbRCY_00056',)",0,227
35,"('RWNrARSbRCY_00057',)",0,104
35,"('RWNrARSbRCY_00058',)",0,73
14,"('RWNrARSbRCY_00059',)",0,128
14,"('RWNrARSbRCY_00060',)",0,126
14,"('RWNrARSbRCY_00061',)",0,189
12,"('RWNrARSbRCY_00062',)",0,135
12,"('RWNrARSbRCY_00063',)",0,130
12,"('RWNrARSbRCY_00064',)",0,131
12,"('RWNrARSbRCY_00065',)",0,196
12,"('RWNrARSbRCY_00066',)",0,171
12,"('RWNrARSbRCY_00067',)",0,194
44,"('RWNrARSbRCY_00068',)",0,126
44,"('RWNrARSbRCY_00069',)",0,60
44,"('RWNrARSbRCY_00070',)",0,101
5,"('RWNrARSbRCY_00071',)",0,84
5,"('RWNrARSbRCY_00072',)",0,136
5,"('RWNrARSbRCY_00073',)",0,205
5,"('RWNrARSbRCY_00074',)",0,192
5,"('RWNrARSbRCY_00075',)",0,217
5,"('RWNrARSbRCY_00076',)",0,73
5,"('RWNrARSbRCY_00077',)",0,124
5,"('RWNrARSbRCY_00078',)",0,169
5,"('RWNrARSbRCY_00079',)",0,84
5,"('RWNrARSbRCY_00080',)",0,127
5,"('RWNrARSbRCY_00081',)",0,218
5,"('RWNrARSbRCY_00082',)",0,112
5,"('RWNrARSbRCY_00083',)",0,109
5,"('RWNrARSbRCY_00084',)",0,98
35,"('RWNrARSbRCY_00085',)",0,110
35,"('RWNrARSbRCY_00086',)",0,52
35,"('RWNrARSbRCY_00087',)",0,170
12,"('RWNrARSbRCY_00088',)",0,226
12,"('RWNrARSbRCY_00089',)",0,99
12,"('RWNrARSbRCY_00090',)",0,74
7,"('RWNrARSbRCY_00091',)",0,155
7,"('RWNrARSbRCY_00092',)",0,112
7,"('RWNrARSbRCY_00093',)",0,157
35,"('RWNrARSbRCY_00094',)",0,77
35,"('RWNrARSbRCY_00095',)",0,133
35,"('RWNrARSbRCY_00096',)",0,209
35,"('RWNrARSbRCY_00097',)",0,118
35,"('RWNrARSbRCY_00098',)",0,42
9,"('RWNrARSbRCY_00099',)",0,69
9,"('RWNrARSbRCY_00100',)",0,119
9,"('RWNrARSbRCY_00101',)",0,184
12,"('RWNrARSbRCY_00102',)",0,98
12,"('RWNrARSbRCY_00103',)",0,137
12,"('RWNrARSbRCY_00104',)",0,179
9,"('RWNrARSbRCY_00105',)",0,226
9,"('RWNrARSbRCY_00106',)",0,151
9,"('RWNrARSbRCY_00107',)",0,258
9,"('RWNrARSbRCY_00108',)",0,75
26,"('RWNrARSbRCY_00109',)",0,104
26,"('RWNrARSbRCY_00110',)",0,145
26,"('RWNrARSbRCY_00111',)",0,149
5,"('RWNrARSbRCY_00112',)",0,100
5,"('RWNrARSbRCY_00113',)",0,122
5,"('RWNrARSbRCY_00114',)",0,187
26,"('RWNrARSbRCY_00115',)",0,190
26,"('RWNrARSbRCY_00116',)",0,148
26,"('RWNrARSbRCY_00117',)",0,208
26,"('RWNrARSbRCY_00118',)",0,165
35,"('RWNrARSbRCY_00119',)",0,150
35,"('RWNrARSbRCY_00120',)",0,191
35,"('RWNrARSbRCY_00121',)",0,204
35,"('RWNrARSbRCY_00122',)",0,48
35,"('RWNrARSbRCY_00123',)",0,96
35,"('RWNrARSbRCY_00124',)",0,107
35,"('RWNrARSbRCY_00125',)",0,149
35,"('RWNrARSbRCY_00126',)",0,76
35,"('RWNrARSbRCY_00127',)",0,83
26,"('RWNrARSbRCY_00128',)",0,95
26,"('RWNrARSbRCY_00129',)",0,135
26,"('RWNrARSbRCY_00130',)",0,75
26,"('RWNrARSbRCY_00131',)",0,63
26,"('RWNrARSbRCY_00132',)",0,93
26,"('RWNrARSbRCY_00133',)",0,133
26,"('RWNrARSbRCY_00134',)",0,117
26,"('RWNrARSbRCY_00135',)",0,154
26,"('RWNrARSbRCY_00136',)",0,213
26,"('RWNrARSbRCY_00137',)",0,196
26,"('RWNrARSbRCY_00138',)",0,134
26,"('RWNrARSbRCY_00139',)",0,205
26,"('RWNrARSbRCY_00140',)",0,105
33,"('9BC6ssCjyfg_00000',)",0,210
33,"('9BC6ssCjyfg_00001',)",0,134
33,"('9BC6ssCjyfg_00002',)",0,141
33,"('9BC6ssCjyfg_00003',)",0,95
33,"('9BC6ssCjyfg_00004',)",0,99
33,"('9BC6ssCjyfg_00005',)",0,140
33,"('9BC6ssCjyfg_00006',)",0,167
33,"('9BC6ssCjyfg_00007',)",0,193
33,"('9BC6ssCjyfg_00008',)",0,293
33,"('9BC6ssCjyfg_00009',)",0,223
33,"('9BC6ssCjyfg_00010',)",0,204
33,"('9BC6ssCjyfg_00011',)",0,162
7,"('9BC6ssCjyfg_00012',)",0,51
7,"('9BC6ssCjyfg_00013',)",0,160
7,"('9BC6ssCjyfg_00014',)",0,145
33,"('9BC6ssCjyfg_00015',)",0,85
33,"('9BC6ssCjyfg_00016',)",0,189
33,"('9BC6ssCjyfg_00017',)",0,183
26,"('9BC6ssCjyfg_00018',)",0,136
26,"('9BC6ssCjyfg_00019',)",0,139
26,"('9BC6ssCjyfg_00020',)",0,207
43,"('9BC6ssCjyfg_00021',)",0,45
43,"('9BC6ssCjyfg_00022',)",0,56
43,"('9BC6ssCjyfg_00023',)",0,193
43,"('9BC6ssCjyfg_00024',)",0,181
26,"('9BC6ssCjyfg_00025',)",0,77
26,"('9BC6ssCjyfg_00026',)",0,104
26,"('9BC6ssCjyfg_00027',)",0,187
7,"('9BC6ssCjyfg_00028',)",0,113
7,"('9BC6ssCjyfg_00029',)",0,174
7,"('9BC6ssCjyfg_00030',)",0,156
43,"('9BC6ssCjyfg_00031',)",0,72
43,"('9BC6ssCjyfg_00032',)",0,170
43,"('9BC6ssCjyfg_00033',)",0,157
7,"('9BC6ssCjyfg_00034',)",0,70
7,"('9BC6ssCjyfg_00035',)",0,134
7,"('9BC6ssCjyfg_00036',)",0,145
7,"('9BC6ssCjyfg_00037',)",0,132
7,"('9BC6ssCjyfg_00038',)",0,157
7,"('9BC6ssCjyfg_00039',)",0,157
26,"('9BC6ssCjyfg_00040',)",0,85
26,"('9BC6ssCjyfg_00041',)",0,231
26,"('9BC6ssCjyfg_00042',)",0,188
7,"('9BC6ssCjyfg_00043',)",0,125
7,"('9BC6ssCjyfg_00044',)",0,94
7,"('9BC6ssCjyfg_00045',)",0,149
43,"('9BC6ssCjyfg_00046',)",0,139
43,"('9BC6ssCjyfg_00047',)",0,255
43,"('9BC6ssCjyfg_00048',)",0,178
33,"('9BC6ssCjyfg_00049',)",0,48
33,"('9BC6ssCjyfg_00050',)",0,118
33,"('9BC6ssCjyfg_00051',)",0,93
43,"('9BC6ssCjyfg_00052',)",0,80
43,"('9BC6ssCjyfg_00053',)",0,136
43,"('9BC6ssCjyfg_00054',)",0,137
43,"('9BC6ssCjyfg_00055',)",0,95
43,"('9BC6ssCjyfg_00056',)",0,194
21,"('9BC6ssCjyfg_00057',)",0,101
21,"('9BC6ssCjyfg_00058',)",0,179
21,"('9BC6ssCjyfg_00059',)",0,184
43,"('9BC6ssCjyfg_00060',)",0,145
43,"('9BC6ssCjyfg_00061',)",0,183
43,"('9BC6ssCjyfg_00062',)",0,194
26,"('9BC6ssCjyfg_00063',)",0,132
26,"('9BC6ssCjyfg_00064',)",0,149
26,"('9BC6ssCjyfg_00065',)",0,179
26,"('9BC6ssCjyfg_00066',)",0,64
26,"('9BC6ssCjyfg_00067',)",0,108
26,"('9BC6ssCjyfg_00068',)",0,124
26,"('9BC6ssCjyfg_00069',)",0,87
26,"('9BC6ssCjyfg_00070',)",0,232
26,"('9BC6ssCjyfg_00071',)",0,155
21,"('9BC6ssCjyfg_00072',)",0,85
21,"('9BC6ssCjyfg_00073',)",0,190
21,"('9BC6ssCjyfg_00074',)",0,165
7,"('9BC6ssCjyfg_00075',)",0,57
7,"('9BC6ssCjyfg_00076',)",0,95
7,"('9BC6ssCjyfg_00077',)",0,132
21,"('9BC6ssCjyfg_00078',)",0,95
21,"('9BC6ssCjyfg_00079',)",0,252
21,"('9BC6ssCjyfg_00080',)",0,216
21,"('9BC6ssCjyfg_00081',)",0,44
21,"('9BC6ssCjyfg_00082',)",0,149
21,"('9BC6ssCjyfg_00083',)",0,133
22,"('9BC6ssCjyfg_00084',)",0,78
22,"('9BC6ssCjyfg_00085',)",0,187
22,"('9BC6ssCjyfg_00086',)",0,181
7,"('9BC6ssCjyfg_00087',)",0,88
7,"('9BC6ssCjyfg_00088',)",0,174
7,"('9BC6ssCjyfg_00089',)",0,149
35,"('9BC6ssCjyfg_00090',)",0,61
35,"('9BC6ssCjyfg_00091',)",0,139
35,"('9BC6ssCjyfg_00092',)",0,158
35,"('9BC6ssCjyfg_00093',)",0,61
35,"('9BC6ssCjyfg_00094',)",0,183
35,"('9BC6ssCjyfg_00095',)",0,161
35,"('9BC6ssCjyfg_00096',)",0,52
35,"('9BC6ssCjyfg_00097',)",0,163
35,"('9BC6ssCjyfg_00098',)",0,131
26,"('9BC6ssCjyfg_00099',)",0,75
26,"('9BC6ssCjyfg_00100',)",0,179
26,"('9BC6ssCjyfg_00101',)",0,227
22,"('9BC6ssCjyfg_00102',)",0,51
22,"('9BC6ssCjyfg_00103',)",0,165
22,"('9BC6ssCjyfg_00104',)",0,227
45,"('9BC6ssCjyfg_00105',)",0,57
45,"('9BC6ssCjyfg_00106',)",0,149
45,"('9BC6ssCjyfg_00107',)",0,151
40,"('9BC6ssCjyfg_00108',)",0,97
40,"('9BC6ssCjyfg_00109',)",0,227
40,"('9BC6ssCjyfg_00110',)",0,213
7,"('9BC6ssCjyfg_00111',)",0,114
7,"('9BC6ssCjyfg_00112',)",0,122
7,"('9BC6ssCjyfg_00113',)",0,158
12,"('9BC6ssCjyfg_00114',)",0,67
12,"('9BC6ssCjyfg_00115',)",0,141
12,"('9BC6ssCjyfg_00116',)",0,132
35,"('9BC6ssCjyfg_00117',)",0,73
35,"('9BC6ssCjyfg_00118',)",0,147
35,"('9BC6ssCjyfg_00119',)",0,195
45,"('9BC6ssCjyfg_00120',)",0,93
45,"('9BC6ssCjyfg_00121',)",0,181
45,"('9BC6ssCjyfg_00122',)",0,96
22,"('9BC6ssCjyfg_00123',)",0,123
22,"('9BC6ssCjyfg_00124',)",0,237
22,"('9BC6ssCjyfg_00125',)",0,152
45,"('9BC6ssCjyfg_00126',)",0,115
45,"('9BC6ssCjyfg_00127',)",0,165
45,"('9BC6ssCjyfg_00128',)",0,161
22,"('9BC6ssCjyfg_00129',)",0,106
22,"('9BC6ssCjyfg_00130',)",0,202
22,"('9BC6ssCjyfg_00131',)",0,190
45,"('9BC6ssCjyfg_00132',)",0,102
45,"('9BC6ssCjyfg_00133',)",0,185
45,"('9BC6ssCjyfg_00134',)",0,164
12,"('9BC6ssCjyfg_00135',)",0,63
12,"('9BC6ssCjyfg_00136',)",0,142
12,"('9BC6ssCjyfg_00137',)",0,162
35,"('9BC6ssCjyfg_00138',)",0,104
35,"('9BC6ssCjyfg_00139',)",0,144
35,"('9BC6ssCjyfg_00140',)",0,156
35,"('9BC6ssCjyfg_00141',)",0,67
35,"('9BC6ssCjyfg_00142',)",0,175
35,"('9BC6ssCjyfg_00143',)",0,149
12,"('9BC6ssCjyfg_00144',)",0,85
12,"('9BC6ssCjyfg_00145',)",0,133
12,"('9BC6ssCjyfg_00146',)",0,264
26,"('9BC6ssCjyfg_00147',)",0,56
26,"('9BC6ssCjyfg_00148',)",0,132
26,"('9BC6ssCjyfg_00149',)",0,138
28,"('9BC6ssCjyfg_00150',)",0,88
45,"('9BC6ssCjyfg_00151',)",0,64
45,"('9BC6ssCjyfg_00152',)",0,153
45,"('9BC6ssCjyfg_00153',)",0,117
22,"('9BC6ssCjyfg_00154',)",0,114
22,"('9BC6ssCjyfg_00155',)",0,149
22,"('9BC6ssCjyfg_00156',)",0,195
22,"('9BC6ssCjyfg_00157',)",0,78
22,"('9BC6ssCjyfg_00158',)",0,423
28,"('9BC6ssCjyfg_00159',)",0,76
28,"('9BC6ssCjyfg_00160',)",0,189
28,"('9BC6ssCjyfg_00161',)",0,200
23,"('9BC6ssCjyfg_00162',)",0,95
23,"('9BC6ssCjyfg_00163',)",0,187
23,"('9BC6ssCjyfg_00164',)",0,205
28,"('9BC6ssCjyfg_00165',)",0,64
28,"('9BC6ssCjyfg_00166',)",0,164
28,"('9BC6ssCjyfg_00167',)",0,168
28,"('9BC6ssCjyfg_00168',)",0,164
28,"('9BC6ssCjyfg_00169',)",0,181
28,"('9BC6ssCjyfg_00170',)",0,73
28,"('9BC6ssCjyfg_00171',)",0,152
28,"('9BC6ssCjyfg_00172',)",0,111
28,"('9BC6ssCjyfg_00173',)",0,70
28,"('9BC6ssCjyfg_00174',)",0,179
28,"('9BC6ssCjyfg_00175',)",0,223
0,"('9BC6ssCjyfg_00176',)",0,128
0,"('9BC6ssCjyfg_00177',)",0,158
0,"('9BC6ssCjyfg_00178',)",0,153
36,"('9BC6ssCjyfg_00179',)",0,62
36,"('9BC6ssCjyfg_00180',)",0,144
36,"('9BC6ssCjyfg_00181',)",0,136
36,"('9BC6ssCjyfg_00182',)",0,183
36,"('9BC6ssCjyfg_00183',)",0,109
36,"('9BC6ssCjyfg_00184',)",0,139
15,"('9BC6ssCjyfg_00185',)",0,48
15,"('9BC6ssCjyfg_00186',)",0,132
15,"('9BC6ssCjyfg_00187',)",0,107
15,"('9BC6ssCjyfg_00188',)",0,129
15,"('9BC6ssCjyfg_00189',)",0,140
15,"('9BC6ssCjyfg_00190',)",0,172
19,"('9BC6ssCjyfg_00191',)",0,112
19,"('9BC6ssCjyfg_00192',)",0,184
19,"('9BC6ssCjyfg_00193',)",0,217
46,"('9BC6ssCjyfg_00194',)",0,87
46,"('9BC6ssCjyfg_00195',)",0,245
46,"('9BC6ssCjyfg_00196',)",0,81
46,"('9BC6ssCjyfg_00197',)",0,137
46,"('9BC6ssCjyfg_00198',)",0,187
29,"('9BC6ssCjyfg_00199',)",0,77
29,"('9BC6ssCjyfg_00200',)",0,179
29,"('9BC6ssCjyfg_00201',)",0,142
46,"('9BC6ssCjyfg_00202',)",0,75
46,"('9BC6ssCjyfg_00203',)",0,174
46,"('9BC6ssCjyfg_00204',)",0,120
46,"('9BC6ssCjyfg_00205',)",0,92
46,"('9BC6ssCjyfg_00206',)",0,130
46,"('9BC6ssCjyfg_00207',)",0,172
46,"('9BC6ssCjyfg_00208',)",0,118
46,"('9BC6ssCjyfg_00209',)",0,156
46,"('9BC6ssCjyfg_00210',)",0,203
33,"('9BC6ssCjyfg_00211',)",0,50
33,"('9BC6ssCjyfg_00212',)",0,258
7,"('9BC6ssCjyfg_00213',)",0,112
7,"('9BC6ssCjyfg_00214',)",0,136
7,"('9BC6ssCjyfg_00215',)",0,173
7,"('9BC6ssCjyfg_00216',)",0,114
7,"('9BC6ssCjyfg_00217',)",0,172
7,"('9BC6ssCjyfg_00218',)",0,115
33,"('9BC6ssCjyfg_00219',)",0,60
33,"('9BC6ssCjyfg_00220',)",0,117
33,"('9BC6ssCjyfg_00221',)",0,134
33,"('9BC6ssCjyfg_00222',)",0,51
33,"('9BC6ssCjyfg_00223',)",0,184
33,"('9BC6ssCjyfg_00224',)",0,120
33,"('9BC6ssCjyfg_00225',)",0,43
33,"('9BC6ssCjyfg_00226',)",0,240
26,"('9BC6ssCjyfg_00227',)",0,70
26,"('9BC6ssCjyfg_00228',)",0,187
26,"('9BC6ssCjyfg_00229',)",0,166
26,"('9BC6ssCjyfg_00230',)",0,122
26,"('9BC6ssCjyfg_00231',)",0,420
43,"('9BC6ssCjyfg_00232',)",0,61
43,"('9BC6ssCjyfg_00233',)",0,129
43,"('9BC6ssCjyfg_00234',)",0,155
26,"('9BC6ssCjyfg_00235',)",0,108
26,"('9BC6ssCjyfg_00236',)",0,303
26,"('9BC6ssCjyfg_00237',)",0,61
26,"('9BC6ssCjyfg_00238',)",0,152
26,"('9BC6ssCjyfg_00239',)",0,174
21,"('9BC6ssCjyfg_00240',)",0,80
21,"('9BC6ssCjyfg_00241',)",0,183
21,"('9BC6ssCjyfg_00242',)",0,205
7,"('9BC6ssCjyfg_00243',)",0,74
7,"('9BC6ssCjyfg_00244',)",0,122
7,"('9BC6ssCjyfg_00245',)",0,143
21,"('9BC6ssCjyfg_00246',)",0,119
21,"('9BC6ssCjyfg_00247',)",0,175
21,"('9BC6ssCjyfg_00248',)",0,195
2,"('9BC6ssCjyfg_00249',)",0,77
2,"('9BC6ssCjyfg_00250',)",0,359
22,"('9BC6ssCjyfg_00251',)",0,87
22,"('9BC6ssCjyfg_00252',)",0,183
22,"('9BC6ssCjyfg_00253',)",0,205
22,"('9BC6ssCjyfg_00254',)",0,72
22,"('9BC6ssCjyfg_00255',)",0,393
22,"('9BC6ssCjyfg_00256',)",0,193
19,"('vlfy4cny75s_00000',)",0,132
19,"('vlfy4cny75s_00001',)",0,204
19,"('vlfy4cny75s_00002',)",0,203
15,"('vlfy4cny75s_00003',)",0,76
15,"('vlfy4cny75s_00004',)",0,126
15,"('vlfy4cny75s_00005',)",0,203
15,"('vlfy4cny75s_00006',)",0,72
15,"('vlfy4cny75s_00007',)",0,127
15,"('vlfy4cny75s_00008',)",0,171
15,"('vlfy4cny75s_00009',)",0,162
15,"('vlfy4cny75s_00010',)",0,146
15,"('vlfy4cny75s_00011',)",0,193
15,"('vlfy4cny75s_00012',)",0,79
15,"('vlfy4cny75s_00013',)",0,114
15,"('vlfy4cny75s_00014',)",0,189
15,"('vlfy4cny75s_00015',)",0,250
29,"('vlfy4cny75s_00016',)",0,65
29,"('vlfy4cny75s_00017',)",0,79
29,"('vlfy4cny75s_00018',)",0,135
16,"('vlfy4cny75s_00019',)",0,122
16,"('vlfy4cny75s_00020',)",0,148
16,"('vlfy4cny75s_00021',)",0,163
29,"('vlfy4cny75s_00022',)",0,52
29,"('vlfy4cny75s_00023',)",0,94
29,"('vlfy4cny75s_00024',)",0,181
46,"('vlfy4cny75s_00025',)",0,70
46,"('vlfy4cny75s_00026',)",0,96
46,"('vlfy4cny75s_00027',)",0,168
17,"('vlfy4cny75s_00028',)",0,60
17,"('vlfy4cny75s_00029',)",0,128
17,"('vlfy4cny75s_00030',)",0,198
15,"('vlfy4cny75s_00031',)",0,139
15,"('vlfy4cny75s_00032',)",0,212
15,"('vlfy4cny75s_00033',)",0,218
35,"('vlfy4cny75s_00034',)",0,105
35,"('vlfy4cny75s_00035',)",0,138
35,"('vlfy4cny75s_00036',)",0,210
35,"('vlfy4cny75s_00037',)",0,76
35,"('vlfy4cny75s_00038',)",0,123
35,"('vlfy4cny75s_00039',)",0,172
26,"('vlfy4cny75s_00040',)",0,196
26,"('vlfy4cny75s_00041',)",0,123
26,"('vlfy4cny75s_00042',)",0,198
42,"('vlfy4cny75s_00043',)",0,46
42,"('vlfy4cny75s_00044',)",0,79
42,"('vlfy4cny75s_00045',)",0,118
22,"('vlfy4cny75s_00046',)",0,49
22,"('vlfy4cny75s_00047',)",0,129
22,"('vlfy4cny75s_00048',)",0,169
35,"('vlfy4cny75s_00049',)",0,78
35,"('vlfy4cny75s_00050',)",0,123
35,"('vlfy4cny75s_00051',)",0,168
35,"('vlfy4cny75s_00052',)",0,80
35,"('vlfy4cny75s_00053',)",0,115
35,"('vlfy4cny75s_00054',)",0,186
45,"('vlfy4cny75s_00055',)",0,48
45,"('vlfy4cny75s_00056',)",0,112
45,"('vlfy4cny75s_00057',)",0,176
45,"('vlfy4cny75s_00058',)",0,76
45,"('vlfy4cny75s_00059',)",0,116
45,"('vlfy4cny75s_00060',)",0,186
40,"('vlfy4cny75s_00061',)",0,105
40,"('vlfy4cny75s_00062',)",0,115
40,"('vlfy4cny75s_00063',)",0,170
35,"('vlfy4cny75s_00064',)",0,161
35,"('vlfy4cny75s_00065',)",0,203
35,"('vlfy4cny75s_00066',)",0,288
35,"('vlfy4cny75s_00067',)",0,113
35,"('vlfy4cny75s_00068',)",0,141
35,"('vlfy4cny75s_00069',)",0,171
35,"('vlfy4cny75s_00070',)",0,76
40,"('vlfy4cny75s_00071',)",0,135
40,"('vlfy4cny75s_00072',)",0,127
40,"('vlfy4cny75s_00073',)",0,48
28,"('vlfy4cny75s_00074',)",0,46
28,"('vlfy4cny75s_00075',)",0,75
28,"('vlfy4cny75s_00076',)",0,128
28,"('vlfy4cny75s_00077',)",0,60
28,"('vlfy4cny75s_00078',)",0,140
28,"('vlfy4cny75s_00079',)",0,191
45,"('vlfy4cny75s_00080',)",0,97
45,"('vlfy4cny75s_00081',)",0,158
45,"('vlfy4cny75s_00082',)",0,283
45,"('vlfy4cny75s_00083',)",0,110
45,"('vlfy4cny75s_00084',)",0,180
45,"('vlfy4cny75s_00085',)",0,238
42,"('vlfy4cny75s_00086',)",0,80
42,"('vlfy4cny75s_00087',)",0,131
42,"('vlfy4cny75s_00088',)",0,102
45,"('vlfy4cny75s_00089',)",0,66
45,"('vlfy4cny75s_00090',)",0,162
45,"('vlfy4cny75s_00091',)",0,204
45,"('vlfy4cny75s_00092',)",0,47
45,"('vlfy4cny75s_00093',)",0,129
45,"('vlfy4cny75s_00094',)",0,176
45,"('vlfy4cny75s_00095',)",0,131
22,"('vlfy4cny75s_00096',)",0,178
22,"('vlfy4cny75s_00097',)",0,288
22,"('vlfy4cny75s_00098',)",0,89
22,"('vlfy4cny75s_00099',)",0,116
22,"('vlfy4cny75s_00100',)",0,114
22,"('vlfy4cny75s_00101',)",0,206
22,"('vlfy4cny75s_00102',)",0,63
22,"('vlfy4cny75s_00103',)",0,117
22,"('vlfy4cny75s_00104',)",0,184
28,"('vlfy4cny75s_00105',)",0,86
28,"('vlfy4cny75s_00106',)",0,144
28,"('vlfy4cny75s_00107',)",0,172
28,"('vlfy4cny75s_00108',)",0,61
28,"('vlfy4cny75s_00109',)",0,102
28,"('vlfy4cny75s_00110',)",0,132
28,"('vlfy4cny75s_00111',)",0,83
28,"('vlfy4cny75s_00112',)",0,142
22,"('vlfy4cny75s_00113',)",0,243
22,"('vlfy4cny75s_00114',)",0,93
22,"('vlfy4cny75s_00115',)",0,163
15,"('vlfy4cny75s_00116',)",0,258
15,"('vlfy4cny75s_00117',)",0,434
15,"('vlfy4cny75s_00118',)",0,101
29,"('vlfy4cny75s_00119',)",0,131
29,"('vlfy4cny75s_00120',)",0,121
29,"('vlfy4cny75s_00121',)",0,147
29,"('vlfy4cny75s_00122',)",0,76
15,"('vlfy4cny75s_00123',)",0,133
15,"('vlfy4cny75s_00124',)",0,158
15,"('vlfy4cny75s_00125',)",0,157
16,"('vlfy4cny75s_00126',)",0,135
16,"('vlfy4cny75s_00127',)",0,225
16,"('vlfy4cny75s_00128',)",0,71
29,"('vlfy4cny75s_00129',)",0,209
29,"('vlfy4cny75s_00130',)",0,135
29,"('vlfy4cny75s_00131',)",0,34
46,"('vlfy4cny75s_00132',)",0,276
46,"('vlfy4cny75s_00133',)",0,120
46,"('vlfy4cny75s_00134',)",0,200
17,"('vlfy4cny75s_00135',)",0,73
17,"('vlfy4cny75s_00136',)",0,103
17,"('vlfy4cny75s_00137',)",0,166
15,"('vlfy4cny75s_00138',)",0,65
15,"('vlfy4cny75s_00139',)",0,110
15,"('vlfy4cny75s_00140',)",0,224
35,"('vlfy4cny75s_00141',)",0,82
35,"('vlfy4cny75s_00142',)",0,103
35,"('vlfy4cny75s_00143',)",0,141
35,"('vlfy4cny75s_00144',)",0,97
35,"('vlfy4cny75s_00145',)",0,139
35,"('vlfy4cny75s_00146',)",0,231
26,"('vlfy4cny75s_00147',)",0,79
45,"('vlfy4cny75s_00148',)",0,156
45,"('vlfy4cny75s_00149',)",0,226
45,"('vlfy4cny75s_00150',)",0,54
40,"('vlfy4cny75s_00151',)",0,128
40,"('vlfy4cny75s_00152',)",0,176
40,"('vlfy4cny75s_00153',)",0,99
35,"('vlfy4cny75s_00154',)",0,131
35,"('vlfy4cny75s_00155',)",0,215
35,"('vlfy4cny75s_00156',)",0,70
35,"('vlfy4cny75s_00157',)",0,110
35,"('vlfy4cny75s_00158',)",0,167
35,"('vlfy4cny75s_00159',)",0,101
35,"('vlfy4cny75s_00160',)",0,163
35,"('vlfy4cny75s_00161',)",0,243
19,"('vlfy4cny75s_00162',)",0,272
19,"('vlfy4cny75s_00163',)",0,125
19,"('vlfy4cny75s_00164',)",0,146
15,"('vlfy4cny75s_00165',)",0,109
15,"('vlfy4cny75s_00166',)",0,41
15,"('vlfy4cny75s_00167',)",0,76
15,"('vlfy4cny75s_00168',)",0,127
15,"('vlfy4cny75s_00169',)",0,40
15,"('vlfy4cny75s_00170',)",0,94
15,"('vlfy4cny75s_00171',)",0,199
15,"('vlfy4cny75s_00172',)",0,50
15,"('vlfy4cny75s_00173',)",0,143
15,"('vlfy4cny75s_00174',)",0,58
15,"('vlfy4cny75s_00175',)",0,120
15,"('vlfy4cny75s_00176',)",0,166
15,"('vlfy4cny75s_00177',)",0,44
42,"('vlfy4cny75s_00178',)",0,92
42,"('vlfy4cny75s_00179',)",0,106
42,"('vlfy4cny75s_00180',)",0,287
22,"('vlfy4cny75s_00181',)",0,88
22,"('vlfy4cny75s_00182',)",0,122
22,"('vlfy4cny75s_00183',)",0,164
35,"('vlfy4cny75s_00184',)",0,125
35,"('vlfy4cny75s_00185',)",0,85
35,"('vlfy4cny75s_00186',)",0,152
35,"('vlfy4cny75s_00187',)",0,49
35,"('vlfy4cny75s_00188',)",0,98
35,"('vlfy4cny75s_00189',)",0,219
38,"('S9aCrmtAV8o_00000',)",0,170
38,"('S9aCrmtAV8o_00001',)",0,208
31,"('S9aCrmtAV8o_00002',)",0,248
31,"('S9aCrmtAV8o_00003',)",0,210
24,"('S9aCrmtAV8o_00004',)",0,180
24,"('S9aCrmtAV8o_00005',)",0,228
24,"('S9aCrmtAV8o_00006',)",0,143
24,"('S9aCrmtAV8o_00007',)",0,199
31,"('S9aCrmtAV8o_00008',)",0,98
31,"('S9aCrmtAV8o_00009',)",0,182
3,"('S9aCrmtAV8o_00010',)",0,241
3,"('S9aCrmtAV8o_00011',)",0,259
24,"('S9aCrmtAV8o_00012',)",0,284
24,"('S9aCrmtAV8o_00013',)",0,304
24,"('S9aCrmtAV8o_00014',)",0,276
24,"('S9aCrmtAV8o_00015',)",0,134
24,"('S9aCrmtAV8o_00016',)",0,221
24,"('S9aCrmtAV8o_00017',)",0,261
24,"('S9aCrmtAV8o_00018',)",0,253
24,"('S9aCrmtAV8o_00019',)",0,106
24,"('S9aCrmtAV8o_00020',)",0,211
34,"('S9aCrmtAV8o_00021',)",0,172
34,"('S9aCrmtAV8o_00022',)",0,193
3,"('S9aCrmtAV8o_00023',)",0,108
3,"('S9aCrmtAV8o_00024',)",0,212
24,"('S9aCrmtAV8o_00025',)",0,282
24,"('S9aCrmtAV8o_00026',)",0,275
44,"('S9aCrmtAV8o_00027',)",0,160
44,"('S9aCrmtAV8o_00028',)",0,237
34,"('S9aCrmtAV8o_00029',)",0,144
34,"('S9aCrmtAV8o_00030',)",0,184
3,"('S9aCrmtAV8o_00031',)",0,391
3,"('S9aCrmtAV8o_00032',)",0,250
41,"('S9aCrmtAV8o_00033',)",0,119
41,"('S9aCrmtAV8o_00034',)",0,202
3,"('S9aCrmtAV8o_00035',)",0,166
3,"('S9aCrmtAV8o_00036',)",0,64
3,"('S9aCrmtAV8o_00037',)",0,197
31,"('S9aCrmtAV8o_00038',)",0,92
31,"('S9aCrmtAV8o_00039',)",0,153
34,"('S9aCrmtAV8o_00040',)",0,190
34,"('S9aCrmtAV8o_00041',)",0,199
3,"('S9aCrmtAV8o_00042',)",0,229
3,"('S9aCrmtAV8o_00043',)",0,236
3,"('S9aCrmtAV8o_00044',)",0,373
3,"('S9aCrmtAV8o_00045',)",0,94
3,"('S9aCrmtAV8o_00046',)",0,171
8,"('S9aCrmtAV8o_00047',)",0,404
8,"('S9aCrmtAV8o_00048',)",0,237
44,"('S9aCrmtAV8o_00049',)",0,220
44,"('S9aCrmtAV8o_00050',)",0,246
18,"('S9aCrmtAV8o_00051',)",0,200
18,"('S9aCrmtAV8o_00052',)",0,194
38,"('S9aCrmtAV8o_00053',)",0,198
38,"('S9aCrmtAV8o_00054',)",0,192
3,"('S9aCrmtAV8o_00055',)",0,91
3,"('S9aCrmtAV8o_00056',)",0,181
24,"('S9aCrmtAV8o_00057',)",0,194
24,"('S9aCrmtAV8o_00058',)",0,184
24,"('S9aCrmtAV8o_00059',)",0,94
24,"('S9aCrmtAV8o_00060',)",0,186
44,"('S9aCrmtAV8o_00061',)",0,298
44,"('S9aCrmtAV8o_00062',)",0,303
44,"('S9aCrmtAV8o_00063',)",0,159
44,"('S9aCrmtAV8o_00064',)",0,218
18,"('S9aCrmtAV8o_00065',)",0,159
18,"('S9aCrmtAV8o_00066',)",0,292
34,"('S9aCrmtAV8o_00067',)",0,75
34,"('S9aCrmtAV8o_00068',)",0,172
44,"('S9aCrmtAV8o_00069',)",0,214
44,"('S9aCrmtAV8o_00070',)",0,207
44,"('S9aCrmtAV8o_00071',)",0,190
44,"('S9aCrmtAV8o_00072',)",0,206
24,"('S9aCrmtAV8o_00073',)",0,109
24,"('S9aCrmtAV8o_00074',)",0,215
44,"('S9aCrmtAV8o_00075',)",0,317
44,"('S9aCrmtAV8o_00076',)",0,349
31,"('S9aCrmtAV8o_00077',)",0,301
31,"('S9aCrmtAV8o_00078',)",0,225
1,"('S9aCrmtAV8o_00079',)",0,224
1,"('S9aCrmtAV8o_00080',)",0,255
1,"('S9aCrmtAV8o_00081',)",0,134
1,"('S9aCrmtAV8o_00082',)",0,237
1,"('S9aCrmtAV8o_00083',)",0,310
1,"('S9aCrmtAV8o_00084',)",0,247
18,"('S9aCrmtAV8o_00085',)",0,163
18,"('S9aCrmtAV8o_00086',)",0,245
18,"('S9aCrmtAV8o_00087',)",0,277
18,"('S9aCrmtAV8o_00088',)",0,249
1,"('S9aCrmtAV8o_00089',)",0,214
1,"('S9aCrmtAV8o_00090',)",0,256
34,"('S9aCrmtAV8o_00091',)",0,256
34,"('S9aCrmtAV8o_00092',)",0,209
34,"('S9aCrmtAV8o_00093',)",0,107
34,"('S9aCrmtAV8o_00094',)",0,221
7,"('S9aCrmtAV8o_00095',)",0,123
7,"('S9aCrmtAV8o_00096',)",0,224
27,"('S9aCrmtAV8o_00097',)",0,210
27,"('S9aCrmtAV8o_00098',)",0,202
7,"('S9aCrmtAV8o_00099',)",0,127
7,"('S9aCrmtAV8o_00100',)",0,224
24,"('S9aCrmtAV8o_00101',)",0,190
24,"('S9aCrmtAV8o_00102',)",0,240
27,"('S9aCrmtAV8o_00103',)",0,254
27,"('S9aCrmtAV8o_00104',)",0,253
33,"('S9aCrmtAV8o_00105',)",0,254
33,"('S9aCrmtAV8o_00106',)",0,258
8,"('S9aCrmtAV8o_00107',)",0,131
8,"('S9aCrmtAV8o_00108',)",0,200
21,"('S9aCrmtAV8o_00109',)",0,348
21,"('S9aCrmtAV8o_00110',)",0,255
34,"('S9aCrmtAV8o_00111',)",0,230
34,"('S9aCrmtAV8o_00112',)",0,213
33,"('S9aCrmtAV8o_00113',)",0,162
33,"('S9aCrmtAV8o_00114',)",0,200
8,"('S9aCrmtAV8o_00115',)",0,123
8,"('S9aCrmtAV8o_00116',)",0,236
43,"('S9aCrmtAV8o_00117',)",0,267
43,"('S9aCrmtAV8o_00118',)",0,241
21,"('S9aCrmtAV8o_00119',)",0,458
21,"('S9aCrmtAV8o_00120',)",0,236
43,"('S9aCrmtAV8o_00121',)",0,193
43,"('S9aCrmtAV8o_00122',)",0,269
34,"('S9aCrmtAV8o_00123',)",0,95
34,"('S9aCrmtAV8o_00124',)",0,177
7,"('S9aCrmtAV8o_00125',)",0,149
7,"('S9aCrmtAV8o_00126',)",0,203
26,"('S9aCrmtAV8o_00127',)",0,159
26,"('S9aCrmtAV8o_00128',)",0,154
26,"('S9aCrmtAV8o_00129',)",0,221
21,"('S9aCrmtAV8o_00130',)",0,163
21,"('S9aCrmtAV8o_00131',)",0,254
7,"('S9aCrmtAV8o_00132',)",0,167
7,"('S9aCrmtAV8o_00133',)",0,252
27,"('S9aCrmtAV8o_00134',)",0,628
27,"('S9aCrmtAV8o_00135',)",0,148
27,"('S9aCrmtAV8o_00136',)",0,254
7,"('S9aCrmtAV8o_00137',)",0,277
7,"('S9aCrmtAV8o_00138',)",0,255
26,"('S9aCrmtAV8o_00139',)",0,146
26,"('S9aCrmtAV8o_00140',)",0,252
44,"('S9aCrmtAV8o_00141',)",0,122
44,"('S9aCrmtAV8o_00142',)",0,215
33,"('S9aCrmtAV8o_00143',)",0,360
33,"('S9aCrmtAV8o_00144',)",0,210
7,"('S9aCrmtAV8o_00145',)",0,151
7,"('S9aCrmtAV8o_00146',)",0,254
21,"('S9aCrmtAV8o_00147',)",0,254
21,"('S9aCrmtAV8o_00148',)",0,189
8,"('S9aCrmtAV8o_00149',)",0,161
8,"('S9aCrmtAV8o_00150',)",0,258
43,"('S9aCrmtAV8o_00151',)",0,116
43,"('S9aCrmtAV8o_00152',)",0,192
43,"('S9aCrmtAV8o_00153',)",0,282
43,"('S9aCrmtAV8o_00154',)",0,224
43,"('S9aCrmtAV8o_00155',)",0,268
43,"('S9aCrmtAV8o_00156',)",0,201
26,"('S9aCrmtAV8o_00157',)",0,225
26,"('S9aCrmtAV8o_00158',)",0,231
44,"('S9aCrmtAV8o_00159',)",0,287
44,"('S9aCrmtAV8o_00160',)",0,325
43,"('S9aCrmtAV8o_00161',)",0,154
43,"('S9aCrmtAV8o_00162',)",0,209
44,"('S9aCrmtAV8o_00163',)",0,321
44,"('S9aCrmtAV8o_00164',)",0,265
21,"('S9aCrmtAV8o_00165',)",0,234
21,"('S9aCrmtAV8o_00166',)",0,223
21,"('S9aCrmtAV8o_00167',)",0,142
21,"('S9aCrmtAV8o_00168',)",0,132
43,"('S9aCrmtAV8o_00169',)",0,110
43,"('S9aCrmtAV8o_00170',)",0,180
33,"('S9aCrmtAV8o_00171',)",0,97
33,"('S9aCrmtAV8o_00172',)",0,59
33,"('S9aCrmtAV8o_00173',)",0,141
44,"('S9aCrmtAV8o_00174',)",0,407
44,"('S9aCrmtAV8o_00175',)",0,268
21,"('S9aCrmtAV8o_00176',)",0,204
21,"('S9aCrmtAV8o_00177',)",0,240
21,"('S9aCrmtAV8o_00178',)",0,193
21,"('S9aCrmtAV8o_00179',)",0,212
34,"('S9aCrmtAV8o_00180',)",0,201
34,"('S9aCrmtAV8o_00181',)",0,249
33,"('S9aCrmtAV8o_00182',)",0,260
33,"('S9aCrmtAV8o_00183',)",0,192
21,"('S9aCrmtAV8o_00184',)",0,189
21,"('S9aCrmtAV8o_00185',)",0,226
21,"('S9aCrmtAV8o_00186',)",0,330
21,"('S9aCrmtAV8o_00187',)",0,247
19,"('siEI_jaSmd4_00000',)",0,74
19,"('siEI_jaSmd4_00001',)",0,55
19,"('siEI_jaSmd4_00002',)",0,54
36,"('siEI_jaSmd4_00003',)",0,70
20,"('siEI_jaSmd4_00004',)",0,163
31,"('siEI_jaSmd4_00005',)",0,119
19,"('siEI_jaSmd4_00006',)",0,59
19,"('siEI_jaSmd4_00007',)",0,63
20,"('siEI_jaSmd4_00008',)",0,290
19,"('siEI_jaSmd4_00009',)",0,53
19,"('siEI_jaSmd4_00010',)",0,81
19,"('siEI_jaSmd4_00011',)",0,71
31,"('siEI_jaSmd4_00012',)",0,180
31,"('siEI_jaSmd4_00013',)",0,118
31,"('siEI_jaSmd4_00014',)",0,86
0,"('siEI_jaSmd4_00015',)",0,124
19,"('siEI_jaSmd4_00016',)",0,190
24,"('siEI_jaSmd4_00017',)",0,119
19,"('siEI_jaSmd4_00018',)",0,94
15,"('siEI_jaSmd4_00019',)",0,144
46,"('siEI_jaSmd4_00020',)",0,78
31,"('siEI_jaSmd4_00021',)",0,112
19,"('siEI_jaSmd4_00022',)",0,202
31,"('siEI_jaSmd4_00023',)",0,107
29,"('siEI_jaSmd4_00024',)",0,121
29,"('siEI_jaSmd4_00025',)",0,183
15,"('siEI_jaSmd4_00026',)",0,141
46,"('siEI_jaSmd4_00027',)",0,56
46,"('siEI_jaSmd4_00028',)",0,48
16,"('siEI_jaSmd4_00029',)",0,100
46,"('siEI_jaSmd4_00030',)",0,160
15,"('siEI_jaSmd4_00031',)",0,76
15,"('siEI_jaSmd4_00032',)",0,154
15,"('siEI_jaSmd4_00033',)",0,145
47,"('siEI_jaSmd4_00034',)",0,121
46,"('siEI_jaSmd4_00035',)",0,120
31,"('siEI_jaSmd4_00036',)",0,211
15,"('siEI_jaSmd4_00037',)",0,126
31,"('siEI_jaSmd4_00038',)",0,42
20,"('siEI_jaSmd4_00039',)",0,123
31,"('siEI_jaSmd4_00040',)",0,42
36,"('siEI_jaSmd4_00041',)",0,65
46,"('siEI_jaSmd4_00042',)",0,125
15,"('siEI_jaSmd4_00043',)",0,103
20,"('siEI_jaSmd4_00044',)",0,70
31,"('siEI_jaSmd4_00045',)",0,66
0,"('siEI_jaSmd4_00046',)",0,173
47,"('siEI_jaSmd4_00047',)",0,102
0,"('siEI_jaSmd4_00048',)",0,85
0,"('siEI_jaSmd4_00049',)",0,41
0,"('siEI_jaSmd4_00050',)",0,70
46,"('siEI_jaSmd4_00051',)",0,136
15,"('siEI_jaSmd4_00052',)",0,66
37,"('siEI_jaSmd4_00053',)",0,136
17,"('siEI_jaSmd4_00054',)",0,200
15,"('siEI_jaSmd4_00055',)",0,105
16,"('siEI_jaSmd4_00056',)",0,94
36,"('siEI_jaSmd4_00057',)",0,86
18,"('siEI_jaSmd4_00058',)",0,74
46,"('siEI_jaSmd4_00059',)",0,73
18,"('siEI_jaSmd4_00060',)",0,64
34,"('siEI_jaSmd4_00061',)",0,70
24,"('siEI_jaSmd4_00062',)",0,190
17,"('siEI_jaSmd4_00063',)",0,181
46,"('siEI_jaSmd4_00064',)",0,62
34,"('siEI_jaSmd4_00065',)",0,157
34,"('siEI_jaSmd4_00066',)",0,95
34,"('siEI_jaSmd4_00067',)",0,35
46,"('siEI_jaSmd4_00068',)",0,36
32,"('siEI_jaSmd4_00069',)",0,144
24,"('siEI_jaSmd4_00070',)",0,67
34,"('siEI_jaSmd4_00071',)",0,73
34,"('siEI_jaSmd4_00072',)",0,220
34,"('siEI_jaSmd4_00073',)",0,180
27,"('siEI_jaSmd4_00074',)",0,150
27,"('siEI_jaSmd4_00075',)",0,69
8,"('siEI_jaSmd4_00076',)",0,29
44,"('siEI_jaSmd4_00077',)",0,102
34,"('siEI_jaSmd4_00078',)",0,104
24,"('siEI_jaSmd4_00079',)",0,153
34,"('siEI_jaSmd4_00080',)",0,53
19,"('siEI_jaSmd4_00081',)",0,72
20,"('siEI_jaSmd4_00082',)",0,114
34,"('siEI_jaSmd4_00083',)",0,99
24,"('siEI_jaSmd4_00084',)",0,184
24,"('siEI_jaSmd4_00085',)",0,69
24,"('siEI_jaSmd4_00086',)",0,181
24,"('siEI_jaSmd4_00087',)",0,53
8,"('siEI_jaSmd4_00088',)",0,54
8,"('siEI_jaSmd4_00089',)",0,112
34,"('siEI_jaSmd4_00090',)",0,35
34,"('siEI_jaSmd4_00091',)",0,166
24,"('siEI_jaSmd4_00092',)",0,249
8,"('siEI_jaSmd4_00093',)",0,58
1,"('siEI_jaSmd4_00094',)",0,24
32,"('siEI_jaSmd4_00095',)",0,158
32,"('siEI_jaSmd4_00096',)",0,98
4,"('siEI_jaSmd4_00097',)",0,61
0,"('siEI_jaSmd4_00098',)",0,43
29,"('siEI_jaSmd4_00099',)",0,182
8,"('siEI_jaSmd4_00100',)",0,138
4,"('siEI_jaSmd4_00101',)",0,66
34,"('siEI_jaSmd4_00102',)",0,103
18,"('siEI_jaSmd4_00103',)",0,138
34,"('siEI_jaSmd4_00104',)",0,127
1,"('siEI_jaSmd4_00105',)",0,67
4,"('siEI_jaSmd4_00106',)",0,83
4,"('siEI_jaSmd4_00107',)",0,113
44,"('siEI_jaSmd4_00108',)",0,53
27,"('siEI_jaSmd4_00109',)",0,78
0,"('siEI_jaSmd4_00110',)",0,54
35,"('l6ZoMjD1UtA_00000',)",0,285
35,"('l6ZoMjD1UtA_00001',)",0,100
35,"('l6ZoMjD1UtA_00002',)",0,123
7,"('l6ZoMjD1UtA_00003',)",0,145
7,"('l6ZoMjD1UtA_00004',)",0,101
7,"('l6ZoMjD1UtA_00005',)",0,103
7,"('l6ZoMjD1UtA_00006',)",0,125
22,"('l6ZoMjD1UtA_00007',)",0,62
22,"('l6ZoMjD1UtA_00008',)",0,137
22,"('l6ZoMjD1UtA_00009',)",0,166
35,"('l6ZoMjD1UtA_00010',)",0,81
35,"('l6ZoMjD1UtA_00011',)",0,146
35,"('l6ZoMjD1UtA_00012',)",0,200
35,"('l6ZoMjD1UtA_00013',)",0,80
35,"('l6ZoMjD1UtA_00014',)",0,118
35,"('l6ZoMjD1UtA_00015',)",0,82
35,"('l6ZoMjD1UtA_00016',)",0,69
22,"('l6ZoMjD1UtA_00017',)",0,156
22,"('l6ZoMjD1UtA_00018',)",0,183
22,"('l6ZoMjD1UtA_00019',)",0,261
22,"('l6ZoMjD1UtA_00020',)",0,37
12,"('l6ZoMjD1UtA_00021',)",0,75
12,"('l6ZoMjD1UtA_00022',)",0,129
12,"('l6ZoMjD1UtA_00023',)",0,205
45,"('l6ZoMjD1UtA_00024',)",0,50
45,"('l6ZoMjD1UtA_00025',)",0,95
45,"('l6ZoMjD1UtA_00026',)",0,152
45,"('l6ZoMjD1UtA_00027',)",0,128
45,"('l6ZoMjD1UtA_00028',)",0,165
45,"('l6ZoMjD1UtA_00029',)",0,166
42,"('l6ZoMjD1UtA_00030',)",0,97
42,"('l6ZoMjD1UtA_00031',)",0,149
42,"('l6ZoMjD1UtA_00032',)",0,179
42,"('l6ZoMjD1UtA_00033',)",0,292
40,"('l6ZoMjD1UtA_00034',)",0,69
40,"('l6ZoMjD1UtA_00035',)",0,115
40,"('l6ZoMjD1UtA_00036',)",0,122
40,"('l6ZoMjD1UtA_00037',)",0,168
35,"('l6ZoMjD1UtA_00038',)",0,198
35,"('l6ZoMjD1UtA_00039',)",0,111
35,"('l6ZoMjD1UtA_00040',)",0,104
45,"('l6ZoMjD1UtA_00041',)",0,93
45,"('l6ZoMjD1UtA_00042',)",0,128
45,"('l6ZoMjD1UtA_00043',)",0,159
35,"('l6ZoMjD1UtA_00044',)",0,71
35,"('l6ZoMjD1UtA_00045',)",0,111
35,"('l6ZoMjD1UtA_00046',)",0,153
45,"('l6ZoMjD1UtA_00047',)",0,79
45,"('l6ZoMjD1UtA_00048',)",0,149
45,"('l6ZoMjD1UtA_00049',)",0,181
45,"('l6ZoMjD1UtA_00050',)",0,48
45,"('l6ZoMjD1UtA_00051',)",0,119
45,"('l6ZoMjD1UtA_00052',)",0,148
45,"('l6ZoMjD1UtA_00053',)",0,73
45,"('l6ZoMjD1UtA_00054',)",0,112
45,"('l6ZoMjD1UtA_00055',)",0,98
45,"('l6ZoMjD1UtA_00056',)",0,195
22,"('l6ZoMjD1UtA_00057',)",0,96
22,"('l6ZoMjD1UtA_00058',)",0,118
22,"('l6ZoMjD1UtA_00059',)",0,194
35,"('l6ZoMjD1UtA_00060',)",0,45
35,"('l6ZoMjD1UtA_00061',)",0,76
35,"('l6ZoMjD1UtA_00062',)",0,88
42,"('l6ZoMjD1UtA_00063',)",0,47
42,"('l6ZoMjD1UtA_00064',)",0,123
42,"('l6ZoMjD1UtA_00065',)",0,149
28,"('l6ZoMjD1UtA_00066',)",0,76
28,"('l6ZoMjD1UtA_00067',)",0,148
28,"('l6ZoMjD1UtA_00068',)",0,185
7,"('l6ZoMjD1UtA_00069',)",0,46
7,"('l6ZoMjD1UtA_00070',)",0,93
7,"('l6ZoMjD1UtA_00071',)",0,104
12,"('l6ZoMjD1UtA_00072',)",0,73
12,"('l6ZoMjD1UtA_00073',)",0,130
12,"('l6ZoMjD1UtA_00074',)",0,133
5,"('l6ZoMjD1UtA_00075',)",0,61
5,"('l6ZoMjD1UtA_00076',)",0,107
5,"('l6ZoMjD1UtA_00077',)",0,181
28,"('l6ZoMjD1UtA_00078',)",0,82
28,"('l6ZoMjD1UtA_00079',)",0,132
28,"('l6ZoMjD1UtA_00080',)",0,171
28,"('l6ZoMjD1UtA_00081',)",0,94
28,"('l6ZoMjD1UtA_00082',)",0,144
28,"('l6ZoMjD1UtA_00083',)",0,119
7,"('l6ZoMjD1UtA_00084',)",0,78
7,"('l6ZoMjD1UtA_00085',)",0,137
7,"('l6ZoMjD1UtA_00086',)",0,126
28,"('l6ZoMjD1UtA_00087',)",0,117
28,"('l6ZoMjD1UtA_00088',)",0,188
28,"('l6ZoMjD1UtA_00089',)",0,226
28,"('l6ZoMjD1UtA_00090',)",0,72
28,"('l6ZoMjD1UtA_00091',)",0,175
28,"('l6ZoMjD1UtA_00092',)",0,114
28,"('l6ZoMjD1UtA_00093',)",0,64
28,"('l6ZoMjD1UtA_00094',)",0,115
28,"('l6ZoMjD1UtA_00095',)",0,185
22,"('l6ZoMjD1UtA_00096',)",0,62
22,"('l6ZoMjD1UtA_00097',)",0,65
22,"('l6ZoMjD1UtA_00098',)",0,116
22,"('l6ZoMjD1UtA_00099',)",0,160
12,"('l6ZoMjD1UtA_00100',)",0,68
12,"('l6ZoMjD1UtA_00101',)",0,118
12,"('l6ZoMjD1UtA_00102',)",0,101
22,"('l6ZoMjD1UtA_00103',)",0,95
22,"('l6ZoMjD1UtA_00104',)",0,141
22,"('l6ZoMjD1UtA_00105',)",0,190
22,"('l6ZoMjD1UtA_00106',)",0,106
22,"('l6ZoMjD1UtA_00107',)",0,164
22,"('l6ZoMjD1UtA_00108',)",0,185
23,"('l6ZoMjD1UtA_00109',)",0,86
23,"('l6ZoMjD1UtA_00110',)",0,141
23,"('l6ZoMjD1UtA_00111',)",0,142
23,"('l6ZoMjD1UtA_00112',)",0,194
35,"('l6ZoMjD1UtA_00113',)",0,59
35,"('l6ZoMjD1UtA_00114',)",0,99
35,"('l6ZoMjD1UtA_00115',)",0,142
45,"('l6ZoMjD1UtA_00116',)",0,106
45,"('l6ZoMjD1UtA_00117',)",0,160
45,"('l6ZoMjD1UtA_00118',)",0,198
45,"('l6ZoMjD1UtA_00119',)",0,90
45,"('l6ZoMjD1UtA_00120',)",0,74
45,"('l6ZoMjD1UtA_00121',)",0,258
45,"('l6ZoMjD1UtA_00122',)",0,138
45,"('l6ZoMjD1UtA_00123',)",0,72
45,"('l6ZoMjD1UtA_00124',)",0,132
45,"('l6ZoMjD1UtA_00125',)",0,164
45,"('l6ZoMjD1UtA_00126',)",0,155
45,"('l6ZoMjD1UtA_00127',)",0,209
35,"('l6ZoMjD1UtA_00128',)",0,188
35,"('l6ZoMjD1UtA_00129',)",0,81
35,"('l6ZoMjD1UtA_00130',)",0,133
7,"('l6ZoMjD1UtA_00131',)",0,103
7,"('l6ZoMjD1UtA_00132',)",0,81
22,"('l6ZoMjD1UtA_00133',)",0,53
22,"('l6ZoMjD1UtA_00134',)",0,101
22,"('l6ZoMjD1UtA_00135',)",0,187
35,"('l6ZoMjD1UtA_00136',)",0,141
35,"('l6ZoMjD1UtA_00137',)",0,63
35,"('l6ZoMjD1UtA_00138',)",0,89
35,"('l6ZoMjD1UtA_00139',)",0,94
28,"('l6ZoMjD1UtA_00140',)",0,156
28,"('l6ZoMjD1UtA_00141',)",0,130
28,"('l6ZoMjD1UtA_00142',)",0,156
7,"('l6ZoMjD1UtA_00143',)",0,47
7,"('l6ZoMjD1UtA_00144',)",0,115
7,"('l6ZoMjD1UtA_00145',)",0,99
12,"('l6ZoMjD1UtA_00146',)",0,28
12,"('l6ZoMjD1UtA_00147',)",0,150
22,"('l6ZoMjD1UtA_00148',)",0,67
22,"('l6ZoMjD1UtA_00149',)",0,130
22,"('l6ZoMjD1UtA_00150',)",0,195
35,"('l6ZoMjD1UtA_00151',)",0,65
35,"('l6ZoMjD1UtA_00152',)",0,119
35,"('l6ZoMjD1UtA_00153',)",0,212
35,"('l6ZoMjD1UtA_00154',)",0,69
35,"('l6ZoMjD1UtA_00155',)",0,113
35,"('l6ZoMjD1UtA_00156',)",0,139
22,"('l6ZoMjD1UtA_00157',)",0,98
22,"('l6ZoMjD1UtA_00158',)",0,153
22,"('l6ZoMjD1UtA_00159',)",0,219
12,"('l6ZoMjD1UtA_00160',)",0,51
12,"('l6ZoMjD1UtA_00161',)",0,90
12,"('l6ZoMjD1UtA_00162',)",0,163
45,"('l6ZoMjD1UtA_00163',)",0,98
45,"('l6ZoMjD1UtA_00164',)",0,125
45,"('l6ZoMjD1UtA_00165',)",0,190
45,"('l6ZoMjD1UtA_00166',)",0,34
45,"('l6ZoMjD1UtA_00167',)",0,101
45,"('l6ZoMjD1UtA_00168',)",0,151
45,"('l6ZoMjD1UtA_00169',)",0,170
42,"('l6ZoMjD1UtA_00170',)",0,64
42,"('l6ZoMjD1UtA_00171',)",0,149
42,"('l6ZoMjD1UtA_00172',)",0,168
42,"('l6ZoMjD1UtA_00173',)",0,169
40,"('l6ZoMjD1UtA_00174',)",0,61
40,"('l6ZoMjD1UtA_00175',)",0,115
40,"('l6ZoMjD1UtA_00176',)",0,118
40,"('l6ZoMjD1UtA_00177',)",0,165
35,"('l6ZoMjD1UtA_00178',)",0,64
35,"('l6ZoMjD1UtA_00179',)",0,120
35,"('l6ZoMjD1UtA_00180',)",0,118
35,"('l6ZoMjD1UtA_00181',)",0,165
7,"('DB4lpBDPnTY_00000',)",0,253
31,"('DB4lpBDPnTY_00001',)",0,150
34,"('DB4lpBDPnTY_00002',)",0,133
24,"('DB4lpBDPnTY_00003',)",0,134
34,"('DB4lpBDPnTY_00004',)",0,234
24,"('DB4lpBDPnTY_00005',)",0,166
31,"('DB4lpBDPnTY_00006',)",0,213
24,"('DB4lpBDPnTY_00007',)",0,105
34,"('DB4lpBDPnTY_00008',)",0,212
34,"('DB4lpBDPnTY_00009',)",0,169
43,"('DB4lpBDPnTY_00010',)",0,211
34,"('DB4lpBDPnTY_00011',)",0,127
27,"('DB4lpBDPnTY_00012',)",0,86
21,"('DB4lpBDPnTY_00013',)",0,107
34,"('DB4lpBDPnTY_00014',)",0,35
34,"('DB4lpBDPnTY_00015',)",0,84
34,"('DB4lpBDPnTY_00016',)",0,106
27,"('DB4lpBDPnTY_00017',)",0,183
27,"('DB4lpBDPnTY_00018',)",0,132
21,"('DB4lpBDPnTY_00019',)",0,97
15,"('DB4lpBDPnTY_00020',)",0,88
8,"('DB4lpBDPnTY_00021',)",0,115
33,"('DB4lpBDPnTY_00022',)",0,43
8,"('DB4lpBDPnTY_00023',)",0,46
8,"('DB4lpBDPnTY_00024',)",0,179
8,"('DB4lpBDPnTY_00025',)",0,45
8,"('DB4lpBDPnTY_00026',)",0,145
8,"('DB4lpBDPnTY_00027',)",0,142
8,"('DB4lpBDPnTY_00028',)",0,160
33,"('DB4lpBDPnTY_00029',)",0,171
3,"('DB4lpBDPnTY_00030',)",0,140
46,"('DB4lpBDPnTY_00031',)",0,125
44,"('DB4lpBDPnTY_00032',)",0,75
8,"('DB4lpBDPnTY_00033',)",0,70
44,"('DB4lpBDPnTY_00034',)",0,172
44,"('DB4lpBDPnTY_00035',)",0,74
44,"('DB4lpBDPnTY_00036',)",0,50
44,"('DB4lpBDPnTY_00037',)",0,220
0,"('DB4lpBDPnTY_00038',)",0,64
0,"('DB4lpBDPnTY_00039',)",0,109
44,"('DB4lpBDPnTY_00040',)",0,129
44,"('DB4lpBDPnTY_00041',)",0,168
1,"('DB4lpBDPnTY_00042',)",0,99
1,"('DB4lpBDPnTY_00043',)",0,119
1,"('DB4lpBDPnTY_00044',)",0,208
21,"('DB4lpBDPnTY_00045',)",0,63
21,"('DB4lpBDPnTY_00046',)",0,97
46,"('5i1begTTucc_00000',)",0,141
46,"('5i1begTTucc_00001',)",0,123
7,"('5i1begTTucc_00002',)",0,49
7,"('5i1begTTucc_00003',)",0,98
21,"('5i1begTTucc_00004',)",0,118
21,"('5i1begTTucc_00005',)",0,175
33,"('5i1begTTucc_00006',)",0,65
33,"('5i1begTTucc_00007',)",0,97
8,"('5i1begTTucc_00008',)",0,107
8,"('5i1begTTucc_00009',)",0,121
31,"('5i1begTTucc_00010',)",0,115
31,"('5i1begTTucc_00011',)",0,140
21,"('5i1begTTucc_00012',)",0,154
21,"('5i1begTTucc_00013',)",0,211
34,"('5i1begTTucc_00014',)",0,207
34,"('5i1begTTucc_00015',)",0,196
21,"('5i1begTTucc_00016',)",0,60
21,"('5i1begTTucc_00017',)",0,76
21,"('5i1begTTucc_00018',)",0,119
34,"('5i1begTTucc_00019',)",0,188
34,"('5i1begTTucc_00020',)",0,164
34,"('5i1begTTucc_00021',)",0,84
34,"('5i1begTTucc_00022',)",0,135
26,"('5i1begTTucc_00023',)",0,146
26,"('5i1begTTucc_00024',)",0,202
7,"('5i1begTTucc_00025',)",0,148
7,"('5i1begTTucc_00026',)",0,151
26,"('5i1begTTucc_00027',)",0,126
26,"('5i1begTTucc_00028',)",0,197
44,"('5i1begTTucc_00029',)",0,123
44,"('5i1begTTucc_00030',)",0,157
24,"('5i1begTTucc_00031',)",0,71
24,"('5i1begTTucc_00032',)",0,114
26,"('5i1begTTucc_00033',)",0,143
22,"('5i1begTTucc_00034',)",0,140
22,"('5i1begTTucc_00035',)",0,144
33,"('5i1begTTucc_00036',)",0,143
33,"('5i1begTTucc_00037',)",0,169
27,"('5i1begTTucc_00038',)",0,109
27,"('5i1begTTucc_00039',)",0,163
33,"('5i1begTTucc_00040',)",0,199
33,"('5i1begTTucc_00041',)",0,119
8,"('5i1begTTucc_00042',)",0,192
8,"('5i1begTTucc_00043',)",0,115
7,"('5i1begTTucc_00044',)",0,97
7,"('5i1begTTucc_00045',)",0,137
35,"('5i1begTTucc_00046',)",0,173
35,"('5i1begTTucc_00047',)",0,111
33,"('5i1begTTucc_00048',)",0,83
33,"('5i1begTTucc_00049',)",0,114
7,"('5i1begTTucc_00050',)",0,80
7,"('5i1begTTucc_00051',)",0,116
24,"('5i1begTTucc_00052',)",0,90
24,"('5i1begTTucc_00053',)",0,107
34,"('5i1begTTucc_00054',)",0,135
34,"('5i1begTTucc_00055',)",0,218
43,"('5i1begTTucc_00056',)",0,103
43,"('5i1begTTucc_00057',)",0,152
21,"('5i1begTTucc_00058',)",0,122
21,"('5i1begTTucc_00059',)",0,154
7,"('5i1begTTucc_00060',)",0,55
7,"('5i1begTTucc_00061',)",0,86
43,"('5i1begTTucc_00062',)",0,152
43,"('5i1begTTucc_00063',)",0,70
43,"('5i1begTTucc_00064',)",0,156
44,"('5i1begTTucc_00065',)",0,87
44,"('5i1begTTucc_00066',)",0,130
2,"('5i1begTTucc_00067',)",0,111
2,"('5i1begTTucc_00068',)",0,91
21,"('5i1begTTucc_00069',)",0,112
21,"('5i1begTTucc_00070',)",0,149
2,"('5i1begTTucc_00071',)",0,177
2,"('5i1begTTucc_00072',)",0,138
22,"('5i1begTTucc_00073',)",0,100
22,"('5i1begTTucc_00074',)",0,146
18,"('5i1begTTucc_00075',)",0,79
18,"('5i1begTTucc_00076',)",0,86
1,"('5i1begTTucc_00077',)",0,93
1,"('5i1begTTucc_00078',)",0,84
7,"('5i1begTTucc_00079',)",0,166
7,"('5i1begTTucc_00080',)",0,174
7,"('5i1begTTucc_00081',)",0,97
7,"('5i1begTTucc_00082',)",0,160
22,"('5i1begTTucc_00083',)",0,155
22,"('5i1begTTucc_00084',)",0,200
24,"('_8Vy3dlHg2w_00000',)",0,75
24,"('_8Vy3dlHg2w_00001',)",0,87
24,"('_8Vy3dlHg2w_00002',)",0,88
24,"('_8Vy3dlHg2w_00003',)",0,94
24,"('_8Vy3dlHg2w_00004',)",0,86
24,"('_8Vy3dlHg2w_00005',)",0,75
34,"('_8Vy3dlHg2w_00006',)",0,44
34,"('_8Vy3dlHg2w_00007',)",0,86
34,"('_8Vy3dlHg2w_00008',)",0,111
8,"('_8Vy3dlHg2w_00009',)",0,87
8,"('_8Vy3dlHg2w_00010',)",0,66
8,"('_8Vy3dlHg2w_00011',)",0,102
24,"('_8Vy3dlHg2w_00012',)",0,64
24,"('_8Vy3dlHg2w_00013',)",0,55
24,"('_8Vy3dlHg2w_00014',)",0,87
31,"('_8Vy3dlHg2w_00015',)",0,58
31,"('_8Vy3dlHg2w_00016',)",0,57
31,"('_8Vy3dlHg2w_00017',)",0,94
34,"('_8Vy3dlHg2w_00018',)",0,47
34,"('_8Vy3dlHg2w_00019',)",0,84
34,"('_8Vy3dlHg2w_00020',)",0,91
24,"('_8Vy3dlHg2w_00021',)",0,49
24,"('_8Vy3dlHg2w_00022',)",0,66
24,"('_8Vy3dlHg2w_00023',)",0,103
24,"('_8Vy3dlHg2w_00024',)",0,86
24,"('_8Vy3dlHg2w_00025',)",0,67
24,"('_8Vy3dlHg2w_00026',)",0,81
24,"('_8Vy3dlHg2w_00027',)",0,59
24,"('_8Vy3dlHg2w_00028',)",0,87
24,"('_8Vy3dlHg2w_00029',)",0,78
24,"('_8Vy3dlHg2w_00030',)",0,60
24,"('_8Vy3dlHg2w_00031',)",0,102
24,"('_8Vy3dlHg2w_00032',)",0,126
34,"('_8Vy3dlHg2w_00033',)",0,92
34,"('_8Vy3dlHg2w_00034',)",0,65
34,"('_8Vy3dlHg2w_00035',)",0,70
34,"('_8Vy3dlHg2w_00036',)",0,68
34,"('_8Vy3dlHg2w_00037',)",0,100
34,"('_8Vy3dlHg2w_00038',)",0,89
34,"('_8Vy3dlHg2w_00039',)",0,76
34,"('_8Vy3dlHg2w_00040',)",0,59
31,"('_8Vy3dlHg2w_00041',)",0,86
31,"('_8Vy3dlHg2w_00042',)",0,68
31,"('_8Vy3dlHg2w_00043',)",0,127
27,"('_8Vy3dlHg2w_00044',)",0,191
27,"('_8Vy3dlHg2w_00045',)",0,70
27,"('_8Vy3dlHg2w_00046',)",0,94
26,"('_8Vy3dlHg2w_00047',)",0,36
26,"('_8Vy3dlHg2w_00048',)",0,48
26,"('_8Vy3dlHg2w_00049',)",0,42
26,"('_8Vy3dlHg2w_00050',)",0,95
44,"('_8Vy3dlHg2w_00051',)",0,75
44,"('_8Vy3dlHg2w_00052',)",0,81
44,"('_8Vy3dlHg2w_00053',)",0,112
24,"('_8Vy3dlHg2w_00054',)",0,101
24,"('_8Vy3dlHg2w_00055',)",0,89
24,"('_8Vy3dlHg2w_00056',)",0,109
24,"('_8Vy3dlHg2w_00057',)",0,42
24,"('_8Vy3dlHg2w_00058',)",0,52
24,"('_8Vy3dlHg2w_00059',)",0,59
8,"('_8Vy3dlHg2w_00060',)",0,129
8,"('_8Vy3dlHg2w_00061',)",0,239
8,"('_8Vy3dlHg2w_00062',)",0,128
47,"('_8Vy3dlHg2w_00063',)",0,67
47,"('_8Vy3dlHg2w_00064',)",0,57
47,"('_8Vy3dlHg2w_00065',)",0,55
47,"('_8Vy3dlHg2w_00066',)",0,100
34,"('_8Vy3dlHg2w_00067',)",0,109
34,"('_8Vy3dlHg2w_00068',)",0,60
34,"('_8Vy3dlHg2w_00069',)",0,55
8,"('_8Vy3dlHg2w_00070',)",0,51
8,"('_8Vy3dlHg2w_00071',)",0,63
8,"('_8Vy3dlHg2w_00072',)",0,104
27,"('_8Vy3dlHg2w_00073',)",0,66
27,"('_8Vy3dlHg2w_00074',)",0,69
27,"('_8Vy3dlHg2w_00075',)",0,109
27,"('_8Vy3dlHg2w_00076',)",0,148
27,"('_8Vy3dlHg2w_00077',)",0,86
27,"('_8Vy3dlHg2w_00078',)",0,65
21,"('_8Vy3dlHg2w_00079',)",0,51
21,"('_8Vy3dlHg2w_00080',)",0,55
21,"('_8Vy3dlHg2w_00081',)",0,58
21,"('_8Vy3dlHg2w_00082',)",0,115
21,"('_8Vy3dlHg2w_00083',)",0,121
21,"('_8Vy3dlHg2w_00084',)",0,138
21,"('_8Vy3dlHg2w_00085',)",0,64
8,"('_8Vy3dlHg2w_00086',)",0,55
8,"('_8Vy3dlHg2w_00087',)",0,54
8,"('_8Vy3dlHg2w_00088',)",0,131
34,"('_8Vy3dlHg2w_00089',)",0,82
34,"('_8Vy3dlHg2w_00090',)",0,92
34,"('_8Vy3dlHg2w_00091',)",0,113
8,"('_8Vy3dlHg2w_00092',)",0,60
8,"('_8Vy3dlHg2w_00093',)",0,94
8,"('_8Vy3dlHg2w_00094',)",0,104
43,"('_8Vy3dlHg2w_00095',)",0,80
43,"('_8Vy3dlHg2w_00096',)",0,88
43,"('_8Vy3dlHg2w_00097',)",0,73
43,"('_8Vy3dlHg2w_00098',)",0,100
8,"('_8Vy3dlHg2w_00099',)",0,66
8,"('_8Vy3dlHg2w_00100',)",0,110
8,"('_8Vy3dlHg2w_00101',)",0,137
27,"('_8Vy3dlHg2w_00102',)",0,46
27,"('_8Vy3dlHg2w_00103',)",0,92
27,"('_8Vy3dlHg2w_00104',)",0,107
27,"('_8Vy3dlHg2w_00105',)",0,78
27,"('_8Vy3dlHg2w_00106',)",0,74
44,"('_8Vy3dlHg2w_00107',)",0,62
44,"('_8Vy3dlHg2w_00108',)",0,52
44,"('_8Vy3dlHg2w_00109',)",0,123
38,"('_8Vy3dlHg2w_00110',)",0,79
38,"('_8Vy3dlHg2w_00111',)",0,70
38,"('_8Vy3dlHg2w_00112',)",0,97
38,"('_8Vy3dlHg2w_00113',)",0,58
38,"('_8Vy3dlHg2w_00114',)",0,61
38,"('_8Vy3dlHg2w_00115',)",0,103
44,"('_8Vy3dlHg2w_00116',)",0,73
44,"('_8Vy3dlHg2w_00117',)",0,79
44,"('_8Vy3dlHg2w_00118',)",0,122
43,"('_8Vy3dlHg2w_00119',)",0,33
43,"('_8Vy3dlHg2w_00120',)",0,65
43,"('_8Vy3dlHg2w_00121',)",0,107
27,"('_8Vy3dlHg2w_00122',)",0,63
27,"('_8Vy3dlHg2w_00123',)",0,86
3,"('_8Vy3dlHg2w_00124',)",0,82
3,"('_8Vy3dlHg2w_00125',)",0,103
3,"('_8Vy3dlHg2w_00126',)",0,119
44,"('_8Vy3dlHg2w_00127',)",0,133
44,"('_8Vy3dlHg2w_00128',)",0,130
44,"('_8Vy3dlHg2w_00129',)",0,147
33,"('_8Vy3dlHg2w_00130',)",0,110
33,"('_8Vy3dlHg2w_00131',)",0,113
33,"('_8Vy3dlHg2w_00132',)",0,89
26,"('_8Vy3dlHg2w_00133',)",0,39
26,"('_8Vy3dlHg2w_00134',)",0,53
26,"('_8Vy3dlHg2w_00135',)",0,102
44,"('_8Vy3dlHg2w_00136',)",0,86
44,"('_8Vy3dlHg2w_00137',)",0,87
44,"('_8Vy3dlHg2w_00138',)",0,107
31,"('_8Vy3dlHg2w_00139',)",0,51
31,"('_8Vy3dlHg2w_00140',)",0,58
31,"('_8Vy3dlHg2w_00141',)",0,120
31,"('_8Vy3dlHg2w_00142',)",0,83
8,"('_8Vy3dlHg2w_00143',)",0,53
8,"('_8Vy3dlHg2w_00144',)",0,84
8,"('_8Vy3dlHg2w_00145',)",0,117
8,"('_8Vy3dlHg2w_00146',)",0,105
8,"('_8Vy3dlHg2w_00147',)",0,64
8,"('_8Vy3dlHg2w_00148',)",0,64
44,"('_8Vy3dlHg2w_00149',)",0,130
44,"('_8Vy3dlHg2w_00150',)",0,43
44,"('_8Vy3dlHg2w_00151',)",0,120
8,"('_8Vy3dlHg2w_00152',)",0,86
8,"('_8Vy3dlHg2w_00153',)",0,97
8,"('_8Vy3dlHg2w_00154',)",0,126
8,"('_8Vy3dlHg2w_00155',)",0,94
39,"('_8Vy3dlHg2w_00156',)",0,61
39,"('_8Vy3dlHg2w_00157',)",0,65
39,"('_8Vy3dlHg2w_00158',)",0,104
21,"('_8Vy3dlHg2w_00159',)",0,107
21,"('_8Vy3dlHg2w_00160',)",0,88
21,"('_8Vy3dlHg2w_00161',)",0,125
41,"('_8Vy3dlHg2w_00162',)",0,69
41,"('_8Vy3dlHg2w_00163',)",0,69
41,"('_8Vy3dlHg2w_00164',)",0,115
8,"('_8Vy3dlHg2w_00165',)",0,80
8,"('_8Vy3dlHg2w_00166',)",0,82
8,"('_8Vy3dlHg2w_00167',)",0,98
26,"('_8Vy3dlHg2w_00168',)",0,46
26,"('_8Vy3dlHg2w_00169',)",0,80
26,"('_8Vy3dlHg2w_00170',)",0,49
26,"('_8Vy3dlHg2w_00171',)",0,54
21,"('_8Vy3dlHg2w_00172',)",0,69
21,"('_8Vy3dlHg2w_00173',)",0,61
21,"('_8Vy3dlHg2w_00174',)",0,89
21,"('_8Vy3dlHg2w_00175',)",0,69
21,"('_8Vy3dlHg2w_00176',)",0,98
21,"('_8Vy3dlHg2w_00177',)",0,46
21,"('_8Vy3dlHg2w_00178',)",0,25
21,"('_8Vy3dlHg2w_00179',)",0,150
21,"('_8Vy3dlHg2w_00180',)",0,83
21,"('_8Vy3dlHg2w_00181',)",0,123
21,"('_8Vy3dlHg2w_00182',)",0,52
24,"('_8Vy3dlHg2w_00183',)",0,47
24,"('_8Vy3dlHg2w_00184',)",0,52
24,"('_8Vy3dlHg2w_00185',)",0,115
24,"('_8Vy3dlHg2w_00186',)",0,44
44,"('_8Vy3dlHg2w_00187',)",0,80
44,"('_8Vy3dlHg2w_00188',)",0,111
44,"('_8Vy3dlHg2w_00189',)",0,113
8,"('_8Vy3dlHg2w_00190',)",0,63
8,"('_8Vy3dlHg2w_00191',)",0,90
8,"('_8Vy3dlHg2w_00192',)",0,123
39,"('_8Vy3dlHg2w_00193',)",0,62
39,"('_8Vy3dlHg2w_00194',)",0,114
39,"('_8Vy3dlHg2w_00195',)",0,60
39,"('_8Vy3dlHg2w_00196',)",0,84
34,"('_8Vy3dlHg2w_00197',)",0,56
34,"('_8Vy3dlHg2w_00198',)",0,71
34,"('_8Vy3dlHg2w_00199',)",0,141
34,"('_8Vy3dlHg2w_00200',)",0,191
33,"('_8Vy3dlHg2w_00201',)",0,52
33,"('_8Vy3dlHg2w_00202',)",0,52
33,"('_8Vy3dlHg2w_00203',)",0,72
38,"('_8Vy3dlHg2w_00204',)",0,61
38,"('_8Vy3dlHg2w_00205',)",0,95
38,"('_8Vy3dlHg2w_00206',)",0,124
21,"('_8Vy3dlHg2w_00207',)",0,52
21,"('_8Vy3dlHg2w_00208',)",0,57
21,"('_8Vy3dlHg2w_00209',)",0,96
21,"('_8Vy3dlHg2w_00210',)",0,73
33,"('_8Vy3dlHg2w_00211',)",0,61
33,"('_8Vy3dlHg2w_00212',)",0,98
33,"('_8Vy3dlHg2w_00213',)",0,87
33,"('_8Vy3dlHg2w_00214',)",0,121
8,"('_8Vy3dlHg2w_00215',)",0,78
8,"('_8Vy3dlHg2w_00216',)",0,52
8,"('_8Vy3dlHg2w_00217',)",0,111
43,"('_8Vy3dlHg2w_00218',)",0,99
43,"('_8Vy3dlHg2w_00219',)",0,126
43,"('_8Vy3dlHg2w_00220',)",0,130
43,"('_8Vy3dlHg2w_00221',)",0,77
26,"('Y4ARBzok9aU_00000',)",0,133
26,"('Y4ARBzok9aU_00001',)",0,182
26,"('Y4ARBzok9aU_00002',)",0,101
35,"('Y4ARBzok9aU_00003',)",0,113
35,"('Y4ARBzok9aU_00004',)",0,158
35,"('Y4ARBzok9aU_00005',)",0,94
28,"('Y4ARBzok9aU_00006',)",0,111
28,"('Y4ARBzok9aU_00007',)",0,183
28,"('Y4ARBzok9aU_00008',)",0,118
26,"('Y4ARBzok9aU_00009',)",0,87
26,"('Y4ARBzok9aU_00010',)",0,171
26,"('Y4ARBzok9aU_00011',)",0,92
35,"('Y4ARBzok9aU_00012',)",0,123
35,"('Y4ARBzok9aU_00013',)",0,177
35,"('Y4ARBzok9aU_00014',)",0,107
35,"('Y4ARBzok9aU_00015',)",0,72
35,"('Y4ARBzok9aU_00016',)",0,167
35,"('Y4ARBzok9aU_00017',)",0,145
35,"('Y4ARBzok9aU_00018',)",0,60
35,"('Y4ARBzok9aU_00019',)",0,155
35,"('Y4ARBzok9aU_00020',)",0,194
10,"('Y4ARBzok9aU_00021',)",0,125
10,"('Y4ARBzok9aU_00022',)",0,118
10,"('Y4ARBzok9aU_00023',)",0,127
10,"('Y4ARBzok9aU_00024',)",0,171
10,"('Y4ARBzok9aU_00025',)",0,223
10,"('Y4ARBzok9aU_00026',)",0,173
35,"('Y4ARBzok9aU_00027',)",0,66
35,"('Y4ARBzok9aU_00028',)",0,140
35,"('Y4ARBzok9aU_00029',)",0,93
35,"('Y4ARBzok9aU_00030',)",0,111
35,"('Y4ARBzok9aU_00031',)",0,157
35,"('Y4ARBzok9aU_00032',)",0,251
6,"('Y4ARBzok9aU_00033',)",0,132
6,"('Y4ARBzok9aU_00034',)",0,170
6,"('Y4ARBzok9aU_00035',)",0,207
28,"('Y4ARBzok9aU_00036',)",0,125
28,"('Y4ARBzok9aU_00037',)",0,160
28,"('Y4ARBzok9aU_00038',)",0,110
12,"('Y4ARBzok9aU_00039',)",0,134
12,"('Y4ARBzok9aU_00040',)",0,326
11,"('Y4ARBzok9aU_00041',)",0,155
11,"('Y4ARBzok9aU_00042',)",0,199
11,"('Y4ARBzok9aU_00043',)",0,107
28,"('Y4ARBzok9aU_00044',)",0,90
28,"('Y4ARBzok9aU_00045',)",0,190
28,"('Y4ARBzok9aU_00046',)",0,62
28,"('Y4ARBzok9aU_00047',)",0,132
9,"('Y4ARBzok9aU_00048',)",0,73
9,"('Y4ARBzok9aU_00049',)",0,170
9,"('Y4ARBzok9aU_00050',)",0,73
28,"('Y4ARBzok9aU_00051',)",0,124
28,"('Y4ARBzok9aU_00052',)",0,212
28,"('Y4ARBzok9aU_00053',)",0,126
35,"('Y4ARBzok9aU_00054',)",0,84
35,"('Y4ARBzok9aU_00055',)",0,206
35,"('Y4ARBzok9aU_00056',)",0,99
35,"('Y4ARBzok9aU_00057',)",0,87
35,"('Y4ARBzok9aU_00058',)",0,210
35,"('Y4ARBzok9aU_00059',)",0,131
35,"('Y4ARBzok9aU_00060',)",0,152
35,"('Y4ARBzok9aU_00061',)",0,183
35,"('Y4ARBzok9aU_00062',)",0,128
45,"('Y4ARBzok9aU_00063',)",0,86
45,"('Y4ARBzok9aU_00064',)",0,177
45,"('Y4ARBzok9aU_00065',)",0,104
29,"('Y4ARBzok9aU_00066',)",0,97
29,"('Y4ARBzok9aU_00067',)",0,305
29,"('Y4ARBzok9aU_00068',)",0,92
35,"('Y4ARBzok9aU_00069',)",0,86
35,"('Y4ARBzok9aU_00070',)",0,197
35,"('Y4ARBzok9aU_00071',)",0,101
10,"('Y4ARBzok9aU_00072',)",0,46
10,"('Y4ARBzok9aU_00073',)",0,152
10,"('Y4ARBzok9aU_00074',)",0,174
35,"('Y4ARBzok9aU_00075',)",0,47
35,"('Y4ARBzok9aU_00076',)",0,299
35,"('Y4ARBzok9aU_00077',)",0,67
13,"('Y4ARBzok9aU_00078',)",0,162
13,"('Y4ARBzok9aU_00079',)",0,95
13,"('Y4ARBzok9aU_00080',)",0,105
28,"('Y4ARBzok9aU_00081',)",0,155
28,"('Y4ARBzok9aU_00082',)",0,100
28,"('Y4ARBzok9aU_00083',)",0,175
45,"('Y4ARBzok9aU_00084',)",0,177
45,"('Y4ARBzok9aU_00085',)",0,112
45,"('Y4ARBzok9aU_00086',)",0,123
13,"('Y4ARBzok9aU_00087',)",0,203
13,"('Y4ARBzok9aU_00088',)",0,129
13,"('Y4ARBzok9aU_00089',)",0,167
28,"('Y4ARBzok9aU_00090',)",0,160
28,"('Y4ARBzok9aU_00091',)",0,201
28,"('Y4ARBzok9aU_00092',)",0,92
11,"('Y4ARBzok9aU_00093',)",0,195
11,"('Y4ARBzok9aU_00094',)",0,112
11,"('Y4ARBzok9aU_00095',)",0,117
45,"('Y4ARBzok9aU_00096',)",0,186
45,"('Y4ARBzok9aU_00097',)",0,187
45,"('Y4ARBzok9aU_00098',)",0,73
14,"('Y4ARBzok9aU_00099',)",0,200
14,"('Y4ARBzok9aU_00100',)",0,128
14,"('Y4ARBzok9aU_00101',)",0,142
12,"('Y4ARBzok9aU_00102',)",0,200
12,"('Y4ARBzok9aU_00103',)",0,176
12,"('Y4ARBzok9aU_00104',)",0,104
10,"('Y4ARBzok9aU_00105',)",0,236
10,"('Y4ARBzok9aU_00106',)",0,113
10,"('Y4ARBzok9aU_00107',)",0,106
11,"('Y4ARBzok9aU_00108',)",0,199
11,"('Y4ARBzok9aU_00109',)",0,160
11,"('Y4ARBzok9aU_00110',)",0,77
45,"('Y4ARBzok9aU_00111',)",0,181
45,"('Y4ARBzok9aU_00112',)",0,168
45,"('Y4ARBzok9aU_00113',)",0,92
10,"('Y4ARBzok9aU_00114',)",0,171
10,"('Y4ARBzok9aU_00115',)",0,89
10,"('Y4ARBzok9aU_00116',)",0,171
11,"('Y4ARBzok9aU_00117',)",0,186
11,"('Y4ARBzok9aU_00118',)",0,103
28,"('Y4ARBzok9aU_00119',)",0,97
28,"('Y4ARBzok9aU_00120',)",0,220
28,"('Y4ARBzok9aU_00121',)",0,42
28,"('Y4ARBzok9aU_00122',)",0,162
45,"('Y4ARBzok9aU_00123',)",0,135
45,"('Y4ARBzok9aU_00124',)",0,233
28,"('Y4ARBzok9aU_00125',)",0,143
28,"('Y4ARBzok9aU_00126',)",0,303
28,"('Y4ARBzok9aU_00127',)",0,112
11,"('Y4ARBzok9aU_00128',)",0,183
11,"('Y4ARBzok9aU_00129',)",0,200
11,"('Y4ARBzok9aU_00130',)",0,124
45,"('Y4ARBzok9aU_00131',)",0,191
45,"('Y4ARBzok9aU_00132',)",0,120
45,"('Y4ARBzok9aU_00133',)",0,98
45,"('Y4ARBzok9aU_00134',)",0,271
45,"('Y4ARBzok9aU_00135',)",0,142
45,"('Y4ARBzok9aU_00136',)",0,104
45,"('Y4ARBzok9aU_00137',)",0,142
45,"('Y4ARBzok9aU_00138',)",0,78
45,"('Y4ARBzok9aU_00139',)",0,68
45,"('Y4ARBzok9aU_00140',)",0,190
45,"('Y4ARBzok9aU_00141',)",0,98
45,"('Y4ARBzok9aU_00142',)",0,97
45,"('Y4ARBzok9aU_00143',)",0,228
45,"('Y4ARBzok9aU_00144',)",0,97
45,"('Y4ARBzok9aU_00145',)",0,86
12,"('Y4ARBzok9aU_00146',)",0,183
12,"('Y4ARBzok9aU_00147',)",0,83
12,"('Y4ARBzok9aU_00148',)",0,88
11,"('Y4ARBzok9aU_00149',)",0,203
11,"('Y4ARBzok9aU_00150',)",0,272
11,"('Y4ARBzok9aU_00151',)",0,89
6,"('Y4ARBzok9aU_00152',)",0,197
6,"('Y4ARBzok9aU_00153',)",0,127
6,"('Y4ARBzok9aU_00154',)",0,100
11,"('Y4ARBzok9aU_00155',)",0,210
11,"('Y4ARBzok9aU_00156',)",0,257
11,"('Y4ARBzok9aU_00157',)",0,72
11,"('Y4ARBzok9aU_00158',)",0,184
11,"('Y4ARBzok9aU_00159',)",0,120
11,"('Y4ARBzok9aU_00160',)",0,150
10,"('Y4ARBzok9aU_00161',)",0,177
10,"('Y4ARBzok9aU_00162',)",0,99
10,"('Y4ARBzok9aU_00163',)",0,88
28,"('Y4ARBzok9aU_00164',)",0,268
28,"('Y4ARBzok9aU_00165',)",0,134
28,"('Y4ARBzok9aU_00166',)",0,82
28,"('Y4ARBzok9aU_00167',)",0,163
11,"('Y4ARBzok9aU_00168',)",0,67
11,"('Y4ARBzok9aU_00169',)",0,105
11,"('Y4ARBzok9aU_00170',)",0,69
11,"('Y4ARBzok9aU_00171',)",0,169
6,"('Y4ARBzok9aU_00172',)",0,58
6,"('Y4ARBzok9aU_00173',)",0,88
6,"('Y4ARBzok9aU_00174',)",0,78
23,"('Y4ARBzok9aU_00175',)",0,203
23,"('Y4ARBzok9aU_00176',)",0,157
23,"('Y4ARBzok9aU_00177',)",0,106
6,"('Y4ARBzok9aU_00178',)",0,206
6,"('Y4ARBzok9aU_00179',)",0,87
6,"('Y4ARBzok9aU_00180',)",0,74
6,"('Y4ARBzok9aU_00181',)",0,183
6,"('Y4ARBzok9aU_00182',)",0,113
6,"('Y4ARBzok9aU_00183',)",0,209
6,"('Y4ARBzok9aU_00184',)",0,137
6,"('Y4ARBzok9aU_00185',)",0,75
6,"('Y4ARBzok9aU_00186',)",0,178
6,"('Y4ARBzok9aU_00187',)",0,131
6,"('Y4ARBzok9aU_00188',)",0,176
28,"('Y4ARBzok9aU_00189',)",0,190
28,"('Y4ARBzok9aU_00190',)",0,147
45,"('Y4ARBzok9aU_00191',)",0,120
45,"('Y4ARBzok9aU_00192',)",0,180
45,"('Y4ARBzok9aU_00193',)",0,70
7,"('Y4ARBzok9aU_00194',)",0,250
7,"('Y4ARBzok9aU_00195',)",0,115
6,"('Y4ARBzok9aU_00196',)",0,89
6,"('Y4ARBzok9aU_00197',)",0,218
6,"('Y4ARBzok9aU_00198',)",0,86
6,"('Y4ARBzok9aU_00199',)",0,188
6,"('Y4ARBzok9aU_00200',)",0,87
15,"('fB1Pc3CylrQ_00000',)",0,105
46,"('fB1Pc3CylrQ_00001',)",0,128
36,"('fB1Pc3CylrQ_00002',)",0,78
15,"('fB1Pc3CylrQ_00003',)",0,47
46,"('fB1Pc3CylrQ_00004',)",0,43
15,"('fB1Pc3CylrQ_00005',)",0,128
0,"('fB1Pc3CylrQ_00006',)",0,80
46,"('fB1Pc3CylrQ_00007',)",0,52
31,"('fB1Pc3CylrQ_00008',)",0,79
33,"('fB1Pc3CylrQ_00009',)",0,66
24,"('fB1Pc3CylrQ_00010',)",0,64
24,"('fB1Pc3CylrQ_00011',)",0,114
26,"('fB1Pc3CylrQ_00012',)",0,115
7,"('fB1Pc3CylrQ_00013',)",0,94
34,"('fB1Pc3CylrQ_00014',)",0,279
0,"('fB1Pc3CylrQ_00015',)",0,63
5,"('fB1Pc3CylrQ_00016',)",0,301
44,"('fB1Pc3CylrQ_00017',)",0,142
0,"('fB1Pc3CylrQ_00018',)",0,164
